Generating 15000 steps... This may take a moment.
Attractor drawing complete.
;### Header ###

G21
G90
F2000
M03
G0 X0 Y0
G04 P1

;### First line of the gcode ###
G0 X80.572 Y56.307

;### Stuff to be inserted after the first G0 ###
M05
G04 P1

;### Rest of the gcode ###
G1 X157.777 Y56.601
G1 X157.777 Y56.588
G1 X157.777 Y56.579
G1 X157.777 Y56.571
G1 X157.777 Y56.566
G1 X157.777 Y56.563
G1 X157.777 Y56.562
G1 X157.776 Y56.562
G1 X157.776 Y56.565
G1 X157.776 Y56.568
G1 X157.776 Y56.574
G1 X157.776 Y56.581
G1 X157.776 Y56.589
G1 X157.776 Y56.599
G1 X157.775 Y56.610
G1 X157.775 Y56.622
G1 X157.775 Y56.636
G1 X157.774 Y56.651
G1 X157.774 Y56.667
G1 X157.774 Y56.685
G1 X157.773 Y56.705
G1 X157.773 Y56.726
G1 X157.772 Y56.748
G1 X157.772 Y56.772
G1 X157.771 Y56.798
G1 X157.770 Y56.825
G1 X157.769 Y56.854
G1 X157.769 Y56.885
G1 X157.767 Y56.918
G1 X157.766 Y56.953
G1 X157.765 Y56.991
G1 X157.764 Y57.030
G1 X157.762 Y57.072
G1 X157.760 Y57.117
G1 X157.758 Y57.164
G1 X157.756 Y57.214
G1 X157.753 Y57.268
G1 X157.750 Y57.324
G1 X157.747 Y57.384
G1 X157.743 Y57.447
G1 X157.739 Y57.514
G1 X157.734 Y57.585
G1 X157.729 Y57.661
G1 X157.723 Y57.740
G1 X157.717 Y57.825
G1 X157.709 Y57.915
G1 X157.701 Y58.009
G1 X157.692 Y58.110
G1 X157.682 Y58.216
G1 X157.670 Y58.329
G1 X157.657 Y58.449
G1 X157.642 Y58.575
G1 X157.626 Y58.709
G1 X157.608 Y58.851
G1 X157.587 Y59.001
G1 X157.564 Y59.160
G1 X157.538 Y59.329
G1 X157.509 Y59.507
G1 X157.477 Y59.696
G1 X157.440 Y59.896
G1 X157.399 Y60.108
G1 X157.353 Y60.333
G1 X157.301 Y60.570
G1 X157.244 Y60.822
G1 X157.179 Y61.088
G1 X157.106 Y61.370
G1 X157.025 Y61.668
G1 X156.933 Y61.984
G1 X156.831 Y62.319
G1 X156.716 Y62.673
G1 X156.587 Y63.047
G1 X156.443 Y63.444
G1 X156.282 Y63.863
G1 X156.101 Y64.307
G1 X155.898 Y64.777
G1 X155.670 Y65.273
G1 X155.416 Y65.798
G1 X155.131 Y66.354
G1 X154.812 Y66.941
G1 X154.455 Y67.561
G1 X154.055 Y68.216
G1 X153.608 Y68.909
G1 X153.108 Y69.640
G1 X152.550 Y70.411
G1 X151.925 Y71.226
G1 X151.228 Y72.084
G1 X150.450 Y72.989
G1 X149.583 Y73.943
G1 X148.615 Y74.946
G1 X147.538 Y76.002
G1 X146.338 Y77.112
G1 X145.005 Y78.277
G1 X143.524 Y79.499
G1 X141.882 Y80.780
G1 X140.062 Y82.120
G1 X138.049 Y83.520
G1 X135.827 Y84.980
G1 X133.377 Y86.500
G1 X130.682 Y88.080
G1 X127.725 Y89.716
G1 X124.489 Y91.407
G1 X120.958 Y93.150
G1 X117.117 Y94.939
G1 X112.955 Y96.768
G1 X108.462 Y98.631
G1 X103.634 Y100.517
G1 X98.472 Y102.416
G1 X92.985 Y104.316
G1 X87.187 Y106.200
G1 X81.104 Y108.054
G1 X74.769 Y109.857
G1 X68.230 Y111.589
G1 X61.543 Y113.227
G1 X54.777 Y114.748
G1 X48.014 Y116.126
G1 X41.341 Y117.335
G1 X34.858 Y118.350
G1 X28.666 Y119.146
G1 X22.868 Y119.700
G1 X17.564 Y119.990
G1 X12.847 Y120.000
G1 X8.796 Y119.716
G1 X5.474 Y119.131
G1 X2.925 Y118.241
G1 X1.168 Y117.050
G1 X0.202 Y115.566
G1 X0.000 Y113.803
G1 X0.515 Y111.781
G1 X1.684 Y109.525
G1 X3.426 Y107.060
G1 X5.656 Y104.418
G1 X8.281 Y101.630
G1 X11.208 Y98.727
G1 X14.350 Y95.741
G1 X17.625 Y92.703
G1 X20.959 Y89.640
G1 X24.289 Y86.578
G1 X27.563 Y83.541
G1 X30.738 Y80.547
G1 X33.782 Y77.615
G1 X36.671 Y74.759
G1 X39.389 Y71.990
G1 X41.927 Y69.316
G1 X44.280 Y66.745
G1 X46.450 Y64.282
G1 X48.439 Y61.928
G1 X50.254 Y59.686
G1 X51.902 Y57.556
G1 X53.393 Y55.536
G1 X54.736 Y53.624
G1 X55.941 Y51.820
G1 X57.019 Y50.118
G1 X57.980 Y48.517
G1 X58.833 Y47.013
G1 X59.587 Y45.602
G1 X60.253 Y44.280
G1 X60.837 Y43.044
G1 X61.349 Y41.889
G1 X61.796 Y40.813
G1 X62.184 Y39.811
G1 X62.521 Y38.880
G1 X62.812 Y38.016
G1 X63.063 Y37.217
G1 X63.279 Y36.479
G1 X63.466 Y35.799
G1 X63.627 Y35.174
G1 X63.768 Y34.602
G1 X63.891 Y34.079
G1 X64.001 Y33.604
G1 X64.101 Y33.174
G1 X64.193 Y32.787
G1 X64.281 Y32.440
G1 X64.368 Y32.132
G1 X64.454 Y31.860
G1 X64.543 Y31.623
G1 X64.636 Y31.419
G1 X64.735 Y31.245
G1 X64.842 Y31.101
G1 X64.957 Y30.984
G1 X65.082 Y30.894
G1 X65.218 Y30.827
G1 X65.364 Y30.783
G1 X65.523 Y30.761
G1 X65.695 Y30.759
G1 X65.879 Y30.775
G1 X66.076 Y30.808
G1 X66.287 Y30.857
G1 X66.510 Y30.920
G1 X66.746 Y30.997
G1 X66.996 Y31.086
G1 X67.257 Y31.185
G1 X67.531 Y31.294
G1 X67.817 Y31.412
G1 X68.113 Y31.537
G1 X68.421 Y31.668
G1 X68.738 Y31.805
G1 X69.066 Y31.946
G1 X69.402 Y32.091
G1 X69.746 Y32.238
G1 X70.098 Y32.387
G1 X70.456 Y32.537
G1 X70.821 Y32.686
G1 X71.191 Y32.836
G1 X71.566 Y32.983
G1 X71.945 Y33.129
G1 X72.327 Y33.272
G1 X72.711 Y33.412
G1 X73.098 Y33.548
G1 X73.485 Y33.680
G1 X73.873 Y33.807
G1 X74.260 Y33.928
G1 X74.647 Y34.044
G1 X75.032 Y34.154
G1 X75.415 Y34.257
G1 X75.794 Y34.353
G1 X76.170 Y34.442
G1 X76.542 Y34.524
G1 X76.910 Y34.598
G1 X77.271 Y34.665
G1 X77.627 Y34.723
G1 X77.977 Y34.773
G1 X78.319 Y34.814
G1 X78.653 Y34.848
G1 X78.980 Y34.872
G1 X79.297 Y34.888
G1 X79.606 Y34.895
G1 X79.904 Y34.893
G1 X80.192 Y34.882
G1 X80.470 Y34.862
G1 X80.736 Y34.833
G1 X80.990 Y34.795
G1 X81.232 Y34.748
G1 X81.461 Y34.693
G1 X81.677 Y34.628
G1 X81.880 Y34.555
G1 X82.068 Y34.473
G1 X82.241 Y34.382
G1 X82.399 Y34.283
G1 X82.542 Y34.175
G1 X82.669 Y34.059
G1 X82.779 Y33.935
G1 X82.873 Y33.802
G1 X82.950 Y33.662
G1 X83.008 Y33.514
G1 X83.049 Y33.358
G1 X83.072 Y33.196
G1 X83.076 Y33.026
G1 X83.061 Y32.849
G1 X83.027 Y32.665
G1 X82.973 Y32.475
G1 X82.900 Y32.279
G1 X82.806 Y32.078
G1 X82.693 Y31.870
G1 X82.559 Y31.658
G1 X82.405 Y31.441
G1 X82.231 Y31.220
G1 X82.036 Y30.994
G1 X81.821 Y30.766
G1 X81.585 Y30.534
G1 X81.330 Y30.299
G1 X81.055 Y30.063
G1 X80.760 Y29.824
G1 X80.446 Y29.585
G1 X80.114 Y29.345
G1 X79.763 Y29.106
G1 X79.395 Y28.867
G1 X79.010 Y28.629
G1 X78.608 Y28.394
G1 X78.192 Y28.161
G1 X77.761 Y27.931
G1 X77.317 Y27.705
G1 X76.860 Y27.484
G1 X76.393 Y27.268
G1 X75.915 Y27.059
G1 X75.430 Y26.856
G1 X74.937 Y26.661
G1 X74.439 Y26.474
G1 X73.938 Y26.296
G1 X73.434 Y26.128
G1 X72.929 Y25.970
G1 X72.426 Y25.823
G1 X71.926 Y25.688
G1 X71.431 Y25.565
G1 X70.943 Y25.455
G1 X70.463 Y25.359
G1 X69.994 Y25.276
G1 X69.536 Y25.208
G1 X69.093 Y25.154
G1 X68.666 Y25.116
G1 X68.256 Y25.093
G1 X67.865 Y25.086
G1 X67.494 Y25.095
G1 X67.146 Y25.120
G1 X66.821 Y25.161
G1 X66.520 Y25.218
G1 X66.246 Y25.291
G1 X65.998 Y25.380
G1 X65.777 Y25.484
G1 X65.585 Y25.604
G1 X65.422 Y25.738
G1 X65.288 Y25.887
G1 X65.183 Y26.051
G1 X65.109 Y26.227
G1 X65.064 Y26.416
G1 X65.049 Y26.618
G1 X65.063 Y26.831
G1 X65.106 Y27.055
G1 X65.177 Y27.289
G1 X65.277 Y27.532
G1 X65.404 Y27.783
G1 X65.557 Y28.042
G1 X65.736 Y28.307
G1 X65.939 Y28.578
G1 X66.166 Y28.853
G1 X66.415 Y29.133
G1 X66.686 Y29.415
G1 X66.978 Y29.699
G1 X67.288 Y29.985
G1 X67.616 Y30.271
G1 X67.961 Y30.556
G1 X68.322 Y30.840
G1 X68.697 Y31.121
G1 X69.084 Y31.400
G1 X69.484 Y31.675
G1 X69.895 Y31.945
G1 X70.315 Y32.211
G1 X70.744 Y32.470
G1 X71.180 Y32.724
G1 X71.622 Y32.970
G1 X72.070 Y33.209
G1 X72.522 Y33.441
G1 X72.977 Y33.663
G1 X73.434 Y33.877
G1 X73.893 Y34.082
G1 X74.352 Y34.278
G1 X74.811 Y34.463
G1 X75.269 Y34.639
G1 X75.725 Y34.804
G1 X76.177 Y34.958
G1 X76.627 Y35.101
G1 X77.072 Y35.234
G1 X77.512 Y35.356
G1 X77.946 Y35.466
G1 X78.374 Y35.565
G1 X78.795 Y35.652
G1 X79.208 Y35.728
G1 X79.613 Y35.793
G1 X80.009 Y35.845
G1 X80.395 Y35.887
G1 X80.771 Y35.916
G1 X81.137 Y35.935
G1 X81.491 Y35.941
G1 X81.833 Y35.937
G1 X82.163 Y35.920
G1 X82.480 Y35.893
G1 X82.784 Y35.854
G1 X83.073 Y35.804
G1 X83.348 Y35.742
G1 X83.607 Y35.670
G1 X83.851 Y35.587
G1 X84.078 Y35.493
G1 X84.289 Y35.388
G1 X84.482 Y35.273
G1 X84.658 Y35.147
G1 X84.814 Y35.011
G1 X84.952 Y34.865
G1 X85.070 Y34.709
G1 X85.169 Y34.543
G1 X85.246 Y34.368
G1 X85.303 Y34.183
G1 X85.338 Y33.990
G1 X85.351 Y33.787
G1 X85.341 Y33.576
G1 X85.309 Y33.356
G1 X85.253 Y33.128
G1 X85.173 Y32.893
G1 X85.070 Y32.650
G1 X84.941 Y32.400
G1 X84.789 Y32.144
G1 X84.611 Y31.881
G1 X84.408 Y31.612
G1 X84.179 Y31.338
G1 X83.925 Y31.059
G1 X83.646 Y30.775
G1 X83.341 Y30.488
G1 X83.011 Y30.197
G1 X82.656 Y29.903
G1 X82.276 Y29.608
G1 X81.872 Y29.311
G1 X81.444 Y29.013
G1 X80.993 Y28.716
G1 X80.519 Y28.419
G1 X80.023 Y28.124
G1 X79.506 Y27.831
G1 X78.970 Y27.541
G1 X78.415 Y27.256
G1 X77.843 Y26.976
G1 X77.255 Y26.701
G1 X76.653 Y26.434
G1 X76.039 Y26.174
G1 X75.414 Y25.923
G1 X74.780 Y25.682
G1 X74.140 Y25.452
G1 X73.495 Y25.234
G1 X72.849 Y25.028
G1 X72.202 Y24.835
G1 X71.558 Y24.658
G1 X70.919 Y24.495
G1 X70.288 Y24.349
G1 X69.667 Y24.220
G1 X69.059 Y24.108
G1 X68.467 Y24.015
G1 X67.892 Y23.941
G1 X67.337 Y23.887
G1 X66.805 Y23.852
G1 X66.298 Y23.838
G1 X65.817 Y23.845
G1 X65.366 Y23.872
G1 X64.946 Y23.921
G1 X64.559 Y23.991
G1 X64.206 Y24.081
G1 X63.888 Y24.193
G1 X63.607 Y24.325
G1 X63.364 Y24.476
G1 X63.159 Y24.648
G1 X62.993 Y24.838
G1 X62.866 Y25.047
G1 X62.779 Y25.274
G1 X62.730 Y25.517
G1 X62.721 Y25.776
G1 X62.749 Y26.049
G1 X62.816 Y26.337
G1 X62.919 Y26.637
G1 X63.058 Y26.949
G1 X63.232 Y27.271
G1 X63.439 Y27.603
G1 X63.678 Y27.942
G1 X63.948 Y28.288
G1 X64.248 Y28.640
G1 X64.574 Y28.996
G1 X64.927 Y29.356
G1 X65.304 Y29.717
G1 X65.704 Y30.079
G1 X66.125 Y30.441
G1 X66.566 Y30.801
G1 X67.024 Y31.159
G1 X67.499 Y31.513
G1 X67.988 Y31.863
G1 X68.490 Y32.207
G1 X69.004 Y32.546
G1 X69.529 Y32.877
G1 X70.062 Y33.200
G1 X70.602 Y33.515
G1 X71.149 Y33.820
G1 X71.700 Y34.116
G1 X72.256 Y34.401
G1 X72.814 Y34.676
G1 X73.373 Y34.939
G1 X73.933 Y35.190
G1 X74.493 Y35.430
G1 X75.051 Y35.657
G1 X75.607 Y35.871
G1 X76.160 Y36.073
G1 X76.709 Y36.261
G1 X77.253 Y36.436
G1 X77.791 Y36.598
G1 X78.323 Y36.746
G1 X78.848 Y36.881
G1 X79.366 Y37.002
G1 X79.875 Y37.109
G1 X80.375 Y37.203
G1 X80.866 Y37.283
G1 X81.346 Y37.350
G1 X81.816 Y37.402
G1 X82.274 Y37.442
G1 X82.720 Y37.467
G1 X83.154 Y37.480
G1 X83.574 Y37.479
G1 X83.981 Y37.464
G1 X84.373 Y37.437
G1 X84.750 Y37.396
G1 X85.112 Y37.342
G1 X85.458 Y37.276
G1 X85.787 Y37.196
G1 X86.098 Y37.104
G1 X86.392 Y36.999
G1 X86.667 Y36.882
G1 X86.923 Y36.753
G1 X87.159 Y36.612
G1 X87.374 Y36.458
G1 X87.568 Y36.292
G1 X87.741 Y36.115
G1 X87.891 Y35.926
G1 X88.018 Y35.726
G1 X88.122 Y35.515
G1 X88.201 Y35.292
G1 X88.254 Y35.059
G1 X88.282 Y34.814
G1 X88.284 Y34.560
G1 X88.258 Y34.295
G1 X88.205 Y34.021
G1 X88.123 Y33.737
G1 X88.013 Y33.443
G1 X87.873 Y33.141
G1 X87.702 Y32.830
G1 X87.502 Y32.511
G1 X87.270 Y32.184
G1 X87.007 Y31.850
G1 X86.712 Y31.509
G1 X86.385 Y31.161
G1 X86.026 Y30.809
G1 X85.634 Y30.451
G1 X85.211 Y30.089
G1 X84.755 Y29.723
G1 X84.267 Y29.355
G1 X83.747 Y28.984
G1 X83.197 Y28.612
G1 X82.616 Y28.240
G1 X82.005 Y27.869
G1 X81.366 Y27.500
G1 X80.699 Y27.133
G1 X80.006 Y26.770
G1 X79.288 Y26.412
G1 X78.547 Y26.061
G1 X77.786 Y25.717
G1 X77.005 Y25.382
G1 X76.208 Y25.057
G1 X75.397 Y24.743
G1 X74.574 Y24.442
G1 X73.743 Y24.155
G1 X72.907 Y23.883
G1 X72.068 Y23.628
G1 X71.231 Y23.390
G1 X70.398 Y23.172
G1 X69.574 Y22.975
G1 X68.761 Y22.799
G1 X67.963 Y22.646
G1 X67.185 Y22.516
G1 X66.429 Y22.411
G1 X65.700 Y22.332
G1 X65.000 Y22.278
G1 X64.333 Y22.252
G1 X63.702 Y22.253
G1 X63.111 Y22.282
G1 X62.561 Y22.338
G1 X62.055 Y22.423
G1 X61.596 Y22.535
G1 X61.185 Y22.675
G1 X60.824 Y22.843
G1 X60.514 Y23.037
G1 X60.255 Y23.257
G1 X60.050 Y23.503
G1 X59.897 Y23.773
G1 X59.797 Y24.066
G1 X59.750 Y24.381
G1 X59.754 Y24.717
G1 X59.808 Y25.072
G1 X59.912 Y25.445
G1 X60.065 Y25.835
G1 X60.263 Y26.239
G1 X60.506 Y26.657
G1 X60.791 Y27.086
G1 X61.117 Y27.524
G1 X61.481 Y27.971
G1 X61.880 Y28.424
G1 X62.313 Y28.882
G1 X62.778 Y29.343
G1 X63.271 Y29.805
G1 X63.790 Y30.267
G1 X64.334 Y30.728
G1 X64.900 Y31.186
G1 X65.485 Y31.639
G1 X66.088 Y32.087
G1 X66.707 Y32.528
G1 X67.339 Y32.961
G1 X67.983 Y33.385
G1 X68.637 Y33.799
G1 X69.299 Y34.202
G1 X69.967 Y34.593
G1 X70.641 Y34.972
G1 X71.319 Y35.338
G1 X71.999 Y35.691
G1 X72.680 Y36.029
G1 X73.362 Y36.352
G1 X74.042 Y36.661
G1 X74.720 Y36.954
G1 X75.395 Y37.232
G1 X76.066 Y37.494
G1 X76.732 Y37.740
G1 X77.393 Y37.970
G1 X78.047 Y38.184
G1 X78.694 Y38.381
G1 X79.334 Y38.563
G1 X79.965 Y38.728
G1 X80.587 Y38.877
G1 X81.199 Y39.009
G1 X81.801 Y39.126
G1 X82.392 Y39.227
G1 X82.972 Y39.312
G1 X83.540 Y39.381
G1 X84.095 Y39.435
G1 X84.637 Y39.473
G1 X85.166 Y39.496
G1 X85.681 Y39.504
G1 X86.181 Y39.496
G1 X86.666 Y39.474
G1 X87.135 Y39.436
G1 X87.588 Y39.385
G1 X88.023 Y39.318
G1 X88.442 Y39.237
G1 X88.842 Y39.142
G1 X89.223 Y39.033
G1 X89.585 Y38.909
G1 X89.927 Y38.772
G1 X90.248 Y38.621
G1 X90.547 Y38.456
G1 X90.824 Y38.278
G1 X91.079 Y38.085
G1 X91.309 Y37.880
G1 X91.515 Y37.661
G1 X91.696 Y37.429
G1 X91.850 Y37.184
G1 X91.977 Y36.926
G1 X92.076 Y36.655
G1 X92.146 Y36.372
G1 X92.187 Y36.076
G1 X92.197 Y35.767
G1 X92.175 Y35.447
G1 X92.120 Y35.114
G1 X92.032 Y34.770
G1 X91.910 Y34.414
G1 X91.752 Y34.047
G1 X91.557 Y33.669
G1 X91.326 Y33.281
G1 X91.056 Y32.883
G1 X90.748 Y32.475
G1 X90.400 Y32.057
G1 X90.012 Y31.631
G1 X89.583 Y31.198
G1 X89.113 Y30.757
G1 X88.601 Y30.309
G1 X88.047 Y29.855
G1 X87.451 Y29.397
G1 X86.813 Y28.934
G1 X86.133 Y28.469
G1 X85.413 Y28.001
G1 X84.651 Y27.533
G1 X83.850 Y27.065
G1 X83.010 Y26.600
G1 X82.133 Y26.137
G1 X81.220 Y25.679
G1 X80.274 Y25.227
G1 X79.297 Y24.784
G1 X78.291 Y24.350
G1 X77.260 Y23.927
G1 X76.207 Y23.518
G1 X75.135 Y23.123
G1 X74.048 Y22.745
G1 X72.951 Y22.387
G1 X71.847 Y22.048
G1 X70.743 Y21.733
G1 X69.642 Y21.442
G1 X68.550 Y21.177
G1 X67.471 Y20.940
G1 X66.413 Y20.733
G1 X65.379 Y20.556
G1 X64.376 Y20.413
G1 X63.408 Y20.304
G1 X62.481 Y20.229
G1 X61.600 Y20.191
G1 X60.769 Y20.190
G1 X59.992 Y20.226
G1 X59.275 Y20.300
G1 X58.620 Y20.412
G1 X58.030 Y20.562
G1 X57.508 Y20.750
G1 X57.057 Y20.975
G1 X56.677 Y21.236
G1 X56.370 Y21.532
G1 X56.136 Y21.862
G1 X55.975 Y22.225
G1 X55.886 Y22.618
G1 X55.868 Y23.041
G1 X55.920 Y23.491
G1 X56.039 Y23.966
G1 X56.224 Y24.465
G1 X56.471 Y24.984
G1 X56.778 Y25.521
G1 X57.142 Y26.074
G1 X57.558 Y26.640
G1 X58.024 Y27.218
G1 X58.537 Y27.804
G1 X59.091 Y28.397
G1 X59.685 Y28.993
G1 X60.314 Y29.592
G1 X60.976 Y30.190
G1 X61.666 Y30.785
G1 X62.381 Y31.376
G1 X63.119 Y31.961
G1 X63.876 Y32.538
G1 X64.650 Y33.106
G1 X65.439 Y33.663
G1 X66.239 Y34.207
G1 X67.048 Y34.738
G1 X67.865 Y35.254
G1 X68.687 Y35.754
G1 X69.514 Y36.238
G1 X70.342 Y36.705
G1 X71.171 Y37.155
G1 X71.999 Y37.586
G1 X72.825 Y37.998
G1 X73.648 Y38.391
G1 X74.467 Y38.765
G1 X75.281 Y39.120
G1 X76.089 Y39.455
G1 X76.890 Y39.770
G1 X77.684 Y40.066
G1 X78.470 Y40.342
G1 X79.248 Y40.598
G1 X80.016 Y40.835
G1 X80.774 Y41.053
G1 X81.522 Y41.252
G1 X82.260 Y41.432
G1 X82.986 Y41.593
G1 X83.701 Y41.737
G1 X84.404 Y41.862
G1 X85.095 Y41.969
G1 X85.772 Y42.058
G1 X86.437 Y42.131
G1 X87.088 Y42.186
G1 X87.725 Y42.224
G1 X88.348 Y42.246
G1 X88.956 Y42.251
G1 X89.549 Y42.240
G1 X90.126 Y42.213
G1 X90.687 Y42.170
G1 X91.231 Y42.112
G1 X91.758 Y42.039
G1 X92.268 Y41.950
G1 X92.759 Y41.845
G1 X93.231 Y41.726
G1 X93.684 Y41.592
G1 X94.117 Y41.443
G1 X94.530 Y41.279
G1 X94.920 Y41.101
G1 X95.289 Y40.908
G1 X95.635 Y40.700
G1 X95.956 Y40.477
G1 X96.253 Y40.240
G1 X96.525 Y39.989
G1 X96.770 Y39.723
G1 X96.987 Y39.442
G1 X97.176 Y39.146
G1 X97.334 Y38.836
G1 X97.463 Y38.512
G1 X97.559 Y38.173
G1 X97.621 Y37.819
G1 X97.649 Y37.450
G1 X97.642 Y37.068
G1 X97.597 Y36.670
G1 X97.513 Y36.259
G1 X97.389 Y35.833
G1 X97.224 Y35.393
G1 X97.016 Y34.939
G1 X96.763 Y34.472
G1 X96.464 Y33.991
G1 X96.119 Y33.497
G1 X95.724 Y32.990
G1 X95.279 Y32.471
G1 X94.783 Y31.940
G1 X94.234 Y31.398
G1 X93.631 Y30.846
G1 X92.974 Y30.284
G1 X92.260 Y29.714
G1 X91.491 Y29.135
G1 X90.664 Y28.550
G1 X89.781 Y27.960
G1 X88.841 Y27.365
G1 X87.844 Y26.768
G1 X86.792 Y26.170
G1 X85.685 Y25.573
G1 X84.524 Y24.978
G1 X83.313 Y24.388
G1 X82.053 Y23.804
G1 X80.748 Y23.230
G1 X79.401 Y22.667
G1 X78.016 Y22.118
G1 X76.597 Y21.586
G1 X75.151 Y21.073
G1 X73.682 Y20.581
G1 X72.197 Y20.115
G1 X70.704 Y19.677
G1 X69.208 Y19.269
G1 X67.719 Y18.894
G1 X66.243 Y18.556
G1 X64.790 Y18.256
G1 X63.367 Y17.998
G1 X61.984 Y17.784
G1 X60.648 Y17.615
G1 X59.369 Y17.495
G1 X58.153 Y17.424
G1 X57.008 Y17.404
G1 X55.943 Y17.437
G1 X54.962 Y17.522
G1 X54.072 Y17.661
G1 X53.277 Y17.854
G1 X52.581 Y18.099
G1 X51.989 Y18.396
G1 X51.500 Y18.745
G1 X51.117 Y19.143
G1 X50.840 Y19.589
G1 X50.667 Y20.081
G1 X50.597 Y20.615
G1 X50.628 Y21.190
G1 X50.756 Y21.802
G1 X50.976 Y22.447
G1 X51.285 Y23.124
G1 X51.678 Y23.827
G1 X52.149 Y24.554
G1 X52.692 Y25.300
G1 X53.302 Y26.063
G1 X53.974 Y26.838
G1 X54.700 Y27.622
G1 X55.475 Y28.412
G1 X56.295 Y29.204
G1 X57.153 Y29.995
G1 X58.045 Y30.782
G1 X58.965 Y31.563
G1 X59.909 Y32.335
G1 X60.874 Y33.095
G1 X61.854 Y33.841
G1 X62.848 Y34.572
G1 X63.851 Y35.285
G1 X64.860 Y35.980
G1 X65.874 Y36.654
G1 X66.889 Y37.307
G1 X67.905 Y37.937
G1 X68.918 Y38.545
G1 X69.928 Y39.128
G1 X70.932 Y39.688
G1 X71.931 Y40.223
G1 X72.922 Y40.733
G1 X73.906 Y41.218
G1 X74.880 Y41.678
G1 X75.845 Y42.114
G1 X76.801 Y42.525
G1 X77.745 Y42.912
G1 X78.679 Y43.275
G1 X79.602 Y43.614
G1 X80.514 Y43.930
G1 X81.413 Y44.224
G1 X82.301 Y44.495
G1 X83.177 Y44.744
G1 X84.041 Y44.972
G1 X84.892 Y45.180
G1 X85.730 Y45.367
G1 X86.557 Y45.534
G1 X87.370 Y45.682
G1 X88.170 Y45.811
G1 X88.958 Y45.923
G1 X89.732 Y46.016
G1 X90.493 Y46.092
G1 X91.241 Y46.151
G1 X91.975 Y46.193
G1 X92.695 Y46.219
G1 X93.402 Y46.229
G1 X94.094 Y46.224
G1 X94.772 Y46.204
G1 X95.435 Y46.169
G1 X96.083 Y46.119
G1 X96.716 Y46.054
G1 X97.334 Y45.975
G1 X97.936 Y45.882
G1 X98.522 Y45.775
G1 X99.091 Y45.654
G1 X99.643 Y45.519
G1 X100.178 Y45.370
G1 X100.694 Y45.207
G1 X101.192 Y45.030
G1 X101.671 Y44.840
G1 X102.131 Y44.635
G1 X102.569 Y44.416
G1 X102.987 Y44.184
G1 X103.382 Y43.937
G1 X103.755 Y43.675
G1 X104.104 Y43.399
G1 X104.428 Y43.108
G1 X104.727 Y42.802
G1 X104.998 Y42.480
G1 X105.241 Y42.143
G1 X105.455 Y41.791
G1 X105.638 Y41.422
G1 X105.789 Y41.037
G1 X105.907 Y40.636
G1 X105.989 Y40.218
G1 X106.033 Y39.783
G1 X106.039 Y39.331
G1 X106.004 Y38.861
G1 X105.926 Y38.374
G1 X105.804 Y37.869
G1 X105.634 Y37.346
G1 X105.415 Y36.804
G1 X105.144 Y36.245
G1 X104.818 Y35.667
G1 X104.437 Y35.072
G1 X103.996 Y34.458
G1 X103.493 Y33.826
G1 X102.925 Y33.177
G1 X102.291 Y32.510
G1 X101.587 Y31.827
G1 X100.812 Y31.127
G1 X99.962 Y30.412
G1 X99.035 Y29.683
G1 X98.030 Y28.940
G1 X96.945 Y28.185
G1 X95.778 Y27.419
G1 X94.528 Y26.643
G1 X93.195 Y25.861
G1 X91.779 Y25.073
G1 X90.279 Y24.282
G1 X88.698 Y23.491
G1 X87.037 Y22.702
G1 X85.299 Y21.918
G1 X83.487 Y21.143
G1 X81.608 Y20.381
G1 X79.665 Y19.634
G1 X77.666 Y18.908
G1 X75.619 Y18.205
G1 X73.533 Y17.532
G1 X71.418 Y16.892
G1 X69.286 Y16.289
G1 X67.147 Y15.730
G1 X65.017 Y15.218
G1 X62.908 Y14.757
G1 X60.834 Y14.353
G1 X58.811 Y14.011
G1 X56.853 Y13.732
G1 X54.975 Y13.523
G1 X53.192 Y13.386
G1 X51.517 Y13.323
G1 X49.962 Y13.338
G1 X48.540 Y13.431
G1 X47.261 Y13.604
G1 X46.132 Y13.858
G1 X45.161 Y14.191
G1 X44.353 Y14.603
G1 X43.710 Y15.092
G1 X43.233 Y15.656
G1 X42.920 Y16.291
G1 X42.770 Y16.994
G1 X42.776 Y17.760
G1 X42.932 Y18.584
G1 X43.232 Y19.462
G1 X43.666 Y20.388
G1 X44.224 Y21.355
G1 X44.896 Y22.359
G1 X45.672 Y23.393
G1 X46.540 Y24.451
G1 X47.491 Y25.528
G1 X48.513 Y26.617
G1 X49.596 Y27.713
G1 X50.732 Y28.811
G1 X51.910 Y29.907
G1 X53.123 Y30.994
G1 X54.363 Y32.070
G1 X55.623 Y33.130
G1 X56.897 Y34.172
G1 X58.179 Y35.191
G1 X59.465 Y36.185
G1 X60.751 Y37.153
G1 X62.033 Y38.092
G1 X63.308 Y39.000
G1 X64.573 Y39.876
G1 X65.828 Y40.720
G1 X67.070 Y41.531
G1 X68.297 Y42.307
G1 X69.510 Y43.050
G1 X70.706 Y43.759
G1 X71.887 Y44.434
G1 X73.050 Y45.076
G1 X74.197 Y45.684
G1 X75.327 Y46.261
G1 X76.440 Y46.806
G1 X77.537 Y47.320
G1 X78.617 Y47.805
G1 X79.681 Y48.260
G1 X80.729 Y48.688
G1 X81.761 Y49.088
G1 X82.777 Y49.463
G1 X83.779 Y49.813
G1 X84.766 Y50.139
G1 X85.738 Y50.442
G1 X86.697 Y50.723
G1 X87.641 Y50.983
G1 X88.572 Y51.223
G1 X89.489 Y51.445
G1 X90.393 Y51.648
G1 X91.285 Y51.835
G1 X92.163 Y52.005
G1 X93.030 Y52.159
G1 X93.884 Y52.299
G1 X94.726 Y52.425
G1 X95.557 Y52.538
G1 X96.376 Y52.638
G1 X97.183 Y52.726
G1 X97.979 Y52.803
G1 X98.764 Y52.869
G1 X99.538 Y52.924
G1 X100.301 Y52.970
G1 X101.053 Y53.007
G1 X101.795 Y53.034
G1 X102.526 Y53.053
G1 X103.246 Y53.063
G1 X103.957 Y53.066
G1 X104.657 Y53.060
G1 X105.347 Y53.048
G1 X106.026 Y53.028
G1 X106.696 Y53.001
G1 X107.356 Y52.967
G1 X108.006 Y52.926
G1 X108.645 Y52.879
G1 X109.276 Y52.825
G1 X109.896 Y52.764
G1 X110.506 Y52.697
G1 X111.107 Y52.624
G1 X111.697 Y52.544
G1 X112.278 Y52.457
G1 X112.849 Y52.364
G1 X113.410 Y52.264
G1 X113.962 Y52.157
G1 X114.503 Y52.044
G1 X115.034 Y51.923
G1 X115.554 Y51.795
G1 X116.064 Y51.660
G1 X116.564 Y51.517
G1 X117.053 Y51.367
G1 X117.531 Y51.208
G1 X117.998 Y51.041
G1 X118.454 Y50.865
G1 X118.897 Y50.681
G1 X119.329 Y50.487
G1 X119.749 Y50.283
G1 X120.155 Y50.070
G1 X120.549 Y49.846
G1 X120.928 Y49.611
G1 X121.294 Y49.366
G1 X121.644 Y49.108
G1 X121.979 Y48.838
G1 X122.298 Y48.556
G1 X122.600 Y48.260
G1 X122.883 Y47.951
G1 X123.148 Y47.627
G1 X123.392 Y47.288
G1 X123.615 Y46.933
G1 X123.816 Y46.563
G1 X123.993 Y46.175
G1 X124.144 Y45.770
G1 X124.268 Y45.346
G1 X124.363 Y44.903
G1 X124.427 Y44.440
G1 X124.458 Y43.957
G1 X124.453 Y43.452
G1 X124.411 Y42.925
G1 X124.327 Y42.374
G1 X124.200 Y41.800
G1 X124.025 Y41.201
G1 X123.800 Y40.577
G1 X123.521 Y39.926
G1 X123.184 Y39.248
G1 X122.784 Y38.542
G1 X122.317 Y37.807
G1 X121.778 Y37.044
G1 X121.162 Y36.250
G1 X120.464 Y35.427
G1 X119.678 Y34.573
G1 X118.798 Y33.687
G1 X117.819 Y32.771
G1 X116.733 Y31.824
G1 X115.534 Y30.847
G1 X114.217 Y29.839
G1 X112.775 Y28.801
G1 X111.201 Y27.736
G1 X109.489 Y26.644
G1 X107.635 Y25.526
G1 X105.633 Y24.386
G1 X103.479 Y23.226
G1 X101.170 Y22.049
G1 X98.704 Y20.858
G1 X96.081 Y19.659
G1 X93.301 Y18.456
G1 X90.369 Y17.255
G1 X87.290 Y16.062
G1 X84.072 Y14.884
G1 X80.727 Y13.729
G1 X77.270 Y12.605
G1 X73.717 Y11.521
G1 X70.089 Y10.486
G1 X66.412 Y9.511
G1 X62.713 Y8.605
G1 X59.021 Y7.780
G1 X55.370 Y7.045
G1 X51.794 Y6.411
G1 X48.331 Y5.887
G1 X45.015 Y5.484
G1 X41.885 Y5.209
G1 X38.973 Y5.070
G1 X36.312 Y5.074
G1 X33.930 Y5.224
G1 X31.853 Y5.524
G1 X30.097 Y5.974
G1 X28.677 Y6.575
G1 X27.599 Y7.323
G1 X26.863 Y8.214
G1 X26.464 Y9.242
G1 X26.390 Y10.398
G1 X26.626 Y11.674
G1 X27.148 Y13.057
G1 X27.934 Y14.537
G1 X28.956 Y16.101
G1 X30.185 Y17.736
G1 X31.593 Y19.429
G1 X33.149 Y21.167
G1 X34.825 Y22.938
G1 X36.596 Y24.728
G1 X38.437 Y26.527
G1 X40.324 Y28.323
G1 X42.239 Y30.107
G1 X44.164 Y31.871
G1 X46.085 Y33.605
G1 X47.988 Y35.304
G1 X49.865 Y36.961
G1 X51.708 Y38.573
G1 X53.509 Y40.134
G1 X55.266 Y41.642
G1 X56.974 Y43.094
G1 X58.632 Y44.489
G1 X60.239 Y45.826
G1 X61.796 Y47.104
G1 X63.302 Y48.324
G1 X64.759 Y49.487
G1 X66.168 Y50.593
G1 X67.531 Y51.643
G1 X68.850 Y52.639
G1 X70.126 Y53.583
G1 X71.361 Y54.477
G1 X72.558 Y55.322
G1 X73.718 Y56.122
G1 X74.844 Y56.878
G1 X75.936 Y57.592
G1 X76.996 Y58.267
G1 X78.027 Y58.905
G1 X79.028 Y59.508
G1 X80.003 Y60.079
G1 X80.951 Y60.619
G1 X81.873 Y61.132
G1 X82.772 Y61.619
G1 X83.646 Y62.081
G1 X84.498 Y62.522
G1 X85.328 Y62.943
G1 X86.136 Y63.346
G1 X86.923 Y63.733
G1 X87.689 Y64.105
G1 X88.434 Y64.464
G1 X89.159 Y64.812
G1 X89.864 Y65.150
G1 X90.549 Y65.480
G1 X91.213 Y65.802
G1 X91.857 Y66.119
G1 X92.481 Y66.431
G1 X93.084 Y66.740
G1 X93.667 Y67.047
G1 X94.229 Y67.353
G1 X94.769 Y67.658
G1 X95.288 Y67.965
G1 X95.785 Y68.273
G1 X96.259 Y68.584
G1 X96.710 Y68.899
G1 X97.137 Y69.218
G1 X97.541 Y69.543
G1 X97.918 Y69.873
G1 X98.271 Y70.210
G1 X98.596 Y70.554
G1 X98.894 Y70.906
G1 X99.164 Y71.267
G1 X99.404 Y71.637
G1 X99.613 Y72.016
G1 X99.791 Y72.406
G1 X99.936 Y72.806
G1 X100.047 Y73.218
G1 X100.122 Y73.641
G1 X100.160 Y74.075
G1 X100.160 Y74.522
G1 X100.120 Y74.982
G1 X100.039 Y75.454
G1 X99.914 Y75.939
G1 X99.745 Y76.437
G1 X99.530 Y76.948
G1 X99.266 Y77.472
G1 X98.953 Y78.010
G1 X98.587 Y78.561
G1 X98.169 Y79.124
G1 X97.695 Y79.700
G1 X97.164 Y80.289
G1 X96.575 Y80.889
G1 X95.927 Y81.500
G1 X95.216 Y82.122
G1 X94.444 Y82.753
G1 X93.608 Y83.393
G1 X92.707 Y84.041
G1 X91.742 Y84.696
G1 X90.711 Y85.356
G1 X89.615 Y86.019
G1 X88.455 Y86.684
G1 X87.231 Y87.349
G1 X85.945 Y88.012
G1 X84.599 Y88.671
G1 X83.195 Y89.323
G1 X81.737 Y89.966
G1 X80.229 Y90.597
G1 X78.674 Y91.214
G1 X77.080 Y91.813
G1 X75.450 Y92.391
G1 X73.792 Y92.945
G1 X72.114 Y93.471
G1 X70.424 Y93.967
G1 X68.729 Y94.429
G1 X67.040 Y94.853
G1 X65.366 Y95.236
G1 X63.717 Y95.575
G1 X62.103 Y95.868
G1 X60.534 Y96.110
G1 X59.022 Y96.299
G1 X57.575 Y96.434
G1 X56.204 Y96.511
G1 X54.917 Y96.529
G1 X53.724 Y96.487
G1 X52.631 Y96.384
G1 X51.646 Y96.220
G1 X50.775 Y95.994
G1 X50.020 Y95.706
G1 X49.387 Y95.359
G1 X48.876 Y94.953
G1 X48.489 Y94.490
G1 X48.225 Y93.973
G1 X48.083 Y93.405
G1 X48.058 Y92.787
G1 X48.149 Y92.125
G1 X48.350 Y91.421
G1 X48.655 Y90.680
G1 X49.059 Y89.906
G1 X49.555 Y89.103
G1 X50.136 Y88.275
G1 X50.795 Y87.426
G1 X51.525 Y86.561
G1 X52.318 Y85.685
G1 X53.168 Y84.801
G1 X54.068 Y83.912
G1 X55.011 Y83.024
G1 X55.991 Y82.139
G1 X57.003 Y81.261
G1 X58.040 Y80.393
G1 X59.098 Y79.537
G1 X60.172 Y78.696
G1 X61.259 Y77.873
G1 X62.354 Y77.070
G1 X63.454 Y76.287
G1 X64.557 Y75.528
G1 X65.659 Y74.792
G1 X66.759 Y74.082
G1 X67.855 Y73.398
G1 X68.945 Y72.740
G1 X70.028 Y72.110
G1 X71.102 Y71.506
G1 X72.167 Y70.931
G1 X73.222 Y70.383
G1 X74.266 Y69.863
G1 X75.298 Y69.369
G1 X76.319 Y68.903
G1 X77.327 Y68.464
G1 X78.324 Y68.050
G1 X79.307 Y67.662
G1 X80.278 Y67.300
G1 X81.236 Y66.961
G1 X82.181 Y66.647
G1 X83.114 Y66.356
G1 X84.033 Y66.087
G1 X84.940 Y65.840
G1 X85.834 Y65.614
G1 X86.714 Y65.409
G1 X87.582 Y65.224
G1 X88.437 Y65.058
G1 X89.280 Y64.911
G1 X90.109 Y64.782
G1 X90.926 Y64.670
G1 X91.730 Y64.575
G1 X92.521 Y64.497
G1 X93.299 Y64.434
G1 X94.064 Y64.387
G1 X94.816 Y64.355
G1 X95.555 Y64.338
G1 X96.281 Y64.335
G1 X96.994 Y64.345
G1 X97.693 Y64.370
G1 X98.379 Y64.407
G1 X99.052 Y64.458
G1 X99.710 Y64.522
G1 X100.355 Y64.599
G1 X100.985 Y64.688
G1 X101.601 Y64.790
G1 X102.202 Y64.904
G1 X102.789 Y65.030
G1 X103.359 Y65.169
G1 X103.914 Y65.321
G1 X104.453 Y65.485
G1 X104.975 Y65.661
G1 X105.480 Y65.850
G1 X105.968 Y66.052
G1 X106.437 Y66.266
G1 X106.888 Y66.494
G1 X107.319 Y66.735
G1 X107.730 Y66.990
G1 X108.119 Y67.258
G1 X108.487 Y67.541
G1 X108.832 Y67.837
G1 X109.153 Y68.149
G1 X109.449 Y68.475
G1 X109.719 Y68.817
G1 X109.962 Y69.175
G1 X110.175 Y69.548
G1 X110.359 Y69.939
G1 X110.511 Y70.346
G1 X110.629 Y70.770
G1 X110.712 Y71.212
G1 X110.758 Y71.672
G1 X110.764 Y72.151
G1 X110.729 Y72.649
G1 X110.651 Y73.166
G1 X110.526 Y73.702
G1 X110.353 Y74.259
G1 X110.128 Y74.835
G1 X109.849 Y75.433
G1 X109.513 Y76.051
G1 X109.117 Y76.689
G1 X108.658 Y77.349
G1 X108.132 Y78.030
G1 X107.536 Y78.732
G1 X106.867 Y79.455
G1 X106.122 Y80.198
G1 X105.296 Y80.961
G1 X104.387 Y81.743
G1 X103.392 Y82.544
G1 X102.307 Y83.363
G1 X101.130 Y84.198
G1 X99.858 Y85.048
G1 X98.488 Y85.912
G1 X97.020 Y86.788
G1 X95.452 Y87.673
G1 X93.784 Y88.566
G1 X92.016 Y89.463
G1 X90.148 Y90.361
G1 X88.185 Y91.257
G1 X86.127 Y92.147
G1 X83.982 Y93.027
G1 X81.753 Y93.893
G1 X79.449 Y94.740
G1 X77.078 Y95.562
G1 X74.651 Y96.355
G1 X72.180 Y97.113
G1 X69.678 Y97.830
G1 X67.160 Y98.501
G1 X64.642 Y99.118
G1 X62.141 Y99.677
G1 X59.677 Y100.172
G1 X57.267 Y100.596
G1 X54.932 Y100.944
G1 X52.690 Y101.212
G1 X50.560 Y101.395
G1 X48.561 Y101.489
G1 X46.710 Y101.491
G1 X45.021 Y101.398
G1 X43.509 Y101.209
G1 X42.183 Y100.923
G1 X41.054 Y100.541
G1 X40.127 Y100.063
G1 X39.405 Y99.492
G1 X38.888 Y98.831
G1 X38.573 Y98.085
G1 X38.457 Y97.257
G1 X38.531 Y96.353
G1 X38.786 Y95.380
G1 X39.212 Y94.344
G1 X39.794 Y93.253
G1 X40.521 Y92.113
G1 X41.377 Y90.933
G1 X42.349 Y89.719
G1 X43.422 Y88.479
G1 X44.582 Y87.221
G1 X45.814 Y85.952
G1 X47.108 Y84.677
G1 X48.450 Y83.404
G1 X49.829 Y82.139
G1 X51.236 Y80.886
G1 X52.661 Y79.651
G1 X54.098 Y78.437
G1 X55.539 Y77.249
G1 X56.977 Y76.091
G1 X58.410 Y74.964
G1 X59.831 Y73.871
G1 X61.239 Y72.814
G1 X62.630 Y71.794
G1 X64.002 Y70.813
G1 X65.354 Y69.871
G1 X66.685 Y68.969
G1 X67.994 Y68.106
G1 X69.280 Y67.283
G1 X70.543 Y66.499
G1 X71.784 Y65.754
G1 X73.003 Y65.047
G1 X74.199 Y64.376
G1 X75.374 Y63.741
G1 X76.528 Y63.141
G1 X77.661 Y62.575
G1 X78.774 Y62.041
G1 X79.867 Y61.538
G1 X80.942 Y61.065
G1 X81.998 Y60.620
G1 X83.037 Y60.202
G1 X84.058 Y59.810
G1 X85.063 Y59.442
G1 X86.052 Y59.097
G1 X87.025 Y58.773
G1 X87.982 Y58.471
G1 X88.925 Y58.187
G1 X89.854 Y57.921
G1 X90.768 Y57.672
G1 X91.669 Y57.439
G1 X92.556 Y57.220
G1 X93.431 Y57.015
G1 X94.292 Y56.823
G1 X95.141 Y56.642
G1 X95.978 Y56.472
G1 X96.803 Y56.312
G1 X97.616 Y56.161
G1 X98.417 Y56.019
G1 X99.207 Y55.884
G1 X99.986 Y55.756
G1 X100.754 Y55.634
G1 X101.511 Y55.517
G1 X102.258 Y55.406
G1 X102.993 Y55.299
G1 X103.719 Y55.196
G1 X104.434 Y55.096
G1 X105.139 Y54.999
G1 X105.834 Y54.904
G1 X106.519 Y54.811
G1 X107.195 Y54.720
G1 X107.860 Y54.630
G1 X108.516 Y54.541
G1 X109.163 Y54.452
G1 X109.800 Y54.363
G1 X110.428 Y54.274
G1 X111.047 Y54.184
G1 X111.657 Y54.093
G1 X112.257 Y54.001
G1 X112.848 Y53.907
G1 X113.431 Y53.811
G1 X114.004 Y53.713
G1 X114.568 Y53.613
G1 X115.124 Y53.510
G1 X115.670 Y53.403
G1 X116.207 Y53.294
G1 X116.736 Y53.180
G1 X117.255 Y53.063
G1 X117.766 Y52.942
G1 X118.267 Y52.815
G1 X118.759 Y52.684
G1 X119.242 Y52.548
G1 X119.716 Y52.406
G1 X120.180 Y52.259
G1 X120.635 Y52.105
G1 X121.080 Y51.945
G1 X121.515 Y51.777
G1 X121.939 Y51.603
G1 X122.353 Y51.421
G1 X122.757 Y51.230
G1 X123.150 Y51.031
G1 X123.531 Y50.824
G1 X123.900 Y50.607
G1 X124.257 Y50.380
G1 X124.602 Y50.142
G1 X124.933 Y49.894
G1 X125.250 Y49.634
G1 X125.553 Y49.363
G1 X125.841 Y49.078
G1 X126.112 Y48.781
G1 X126.367 Y48.470
G1 X126.604 Y48.145
G1 X126.822 Y47.804
G1 X127.019 Y47.448
G1 X127.195 Y47.075
G1 X127.348 Y46.685
G1 X127.477 Y46.277
G1 X127.580 Y45.850
G1 X127.654 Y45.404
G1 X127.698 Y44.937
G1 X127.710 Y44.449
G1 X127.687 Y43.938
G1 X127.627 Y43.405
G1 X127.527 Y42.847
G1 X127.383 Y42.264
G1 X127.192 Y41.656
G1 X126.951 Y41.021
G1 X126.655 Y40.358
G1 X126.301 Y39.667
G1 X125.884 Y38.946
G1 X125.399 Y38.195
G1 X124.841 Y37.412
G1 X124.204 Y36.598
G1 X123.483 Y35.752
G1 X122.670 Y34.873
G1 X121.761 Y33.960
G1 X120.748 Y33.014
G1 X119.624 Y32.034
G1 X118.383 Y31.021
G1 X117.016 Y29.974
G1 X115.516 Y28.895
G1 X113.878 Y27.785
G1 X112.092 Y26.644
G1 X110.154 Y25.475
G1 X108.056 Y24.280
G1 X105.794 Y23.061
G1 X103.364 Y21.822
G1 X100.762 Y20.567
G1 X97.987 Y19.299
G1 X95.041 Y18.026
G1 X91.924 Y16.751
G1 X88.645 Y15.483
G1 X85.209 Y14.228
G1 X81.630 Y12.995
G1 X77.923 Y11.793
G1 X74.105 Y10.632
G1 X70.202 Y9.522
G1 X66.238 Y8.475
G1 X62.245 Y7.500
G1 X58.257 Y6.611
G1 X54.310 Y5.819
G1 X50.445 Y5.135
G1 X46.702 Y4.571
G1 X43.122 Y4.138
G1 X39.748 Y3.844
G1 X36.618 Y3.698
G1 X33.768 Y3.707
G1 X31.231 Y3.877
G1 X29.034 Y4.211
G1 X27.197 Y4.709
G1 X25.734 Y5.371
G1 X24.652 Y6.194
G1 X23.948 Y7.173
G1 X23.616 Y8.299
G1 X23.640 Y9.564
G1 X23.999 Y10.957
G1 X24.668 Y12.466
G1 X25.617 Y14.076
G1 X26.814 Y15.774
G1 X28.225 Y17.546
G1 X29.818 Y19.376
G1 X31.557 Y21.251
G1 X33.413 Y23.156
G1 X35.354 Y25.077
G1 X37.355 Y27.003
G1 X39.391 Y28.922
G1 X41.441 Y30.823
G1 X43.487 Y32.697
G1 X45.514 Y34.536
G1 X47.510 Y36.333
G1 X49.466 Y38.082
G1 X51.373 Y39.778
G1 X53.227 Y41.418
G1 X55.024 Y42.998
G1 X56.762 Y44.517
G1 X58.440 Y45.973
G1 X60.058 Y47.366
G1 X61.616 Y48.696
G1 X63.117 Y49.963
G1 X64.561 Y51.168
G1 X65.952 Y52.313
G1 X67.291 Y53.399
G1 X68.581 Y54.427
G1 X69.823 Y55.401
G1 X71.022 Y56.323
G1 X72.178 Y57.194
G1 X73.295 Y58.017
G1 X74.373 Y58.794
G1 X75.416 Y59.529
G1 X76.425 Y60.223
G1 X77.402 Y60.879
G1 X78.348 Y61.500
G1 X79.264 Y62.088
G1 X80.153 Y62.645
G1 X81.014 Y63.174
G1 X81.849 Y63.677
G1 X82.660 Y64.156
G1 X83.445 Y64.612
G1 X84.207 Y65.049
G1 X84.946 Y65.468
G1 X85.662 Y65.871
G1 X86.355 Y66.260
G1 X87.025 Y66.636
G1 X87.674 Y67.001
G1 X88.301 Y67.356
G1 X88.905 Y67.703
G1 X89.487 Y68.044
G1 X90.048 Y68.379
G1 X90.585 Y68.710
G1 X91.100 Y69.039
G1 X91.592 Y69.365
G1 X92.061 Y69.691
G1 X92.506 Y70.017
G1 X92.926 Y70.344
G1 X93.322 Y70.673
G1 X93.693 Y71.006
G1 X94.038 Y71.342
G1 X94.356 Y71.682
G1 X94.647 Y72.028
G1 X94.910 Y72.379
G1 X95.143 Y72.737
G1 X95.347 Y73.102
G1 X95.520 Y73.475
G1 X95.662 Y73.855
G1 X95.771 Y74.244
G1 X95.845 Y74.642
G1 X95.885 Y75.048
G1 X95.889 Y75.465
G1 X95.856 Y75.891
G1 X95.784 Y76.327
G1 X95.673 Y76.773
G1 X95.521 Y77.229
G1 X95.326 Y77.695
G1 X95.088 Y78.172
G1 X94.806 Y78.658
G1 X94.477 Y79.154
G1 X94.102 Y79.660
G1 X93.678 Y80.175
G1 X93.205 Y80.700
G1 X92.682 Y81.232
G1 X92.108 Y81.773
G1 X91.482 Y82.320
G1 X90.804 Y82.874
G1 X90.073 Y83.434
G1 X89.289 Y83.998
G1 X88.452 Y84.565
G1 X87.562 Y85.135
G1 X86.620 Y85.705
G1 X85.627 Y86.275
G1 X84.584 Y86.843
G1 X83.493 Y87.406
G1 X82.356 Y87.964
G1 X81.176 Y88.514
G1 X79.954 Y89.054
G1 X78.696 Y89.582
G1 X77.404 Y90.096
G1 X76.083 Y90.593
G1 X74.738 Y91.071
G1 X73.375 Y91.528
G1 X71.999 Y91.960
G1 X70.616 Y92.366
G1 X69.234 Y92.742
G1 X67.859 Y93.087
G1 X66.498 Y93.397
G1 X65.159 Y93.671
G1 X63.849 Y93.906
G1 X62.576 Y94.100
G1 X61.347 Y94.252
G1 X60.171 Y94.359
G1 X59.053 Y94.420
G1 X58.000 Y94.434
G1 X57.019 Y94.399
G1 X56.116 Y94.316
G1 X55.295 Y94.184
G1 X54.560 Y94.003
G1 X53.916 Y93.774
G1 X53.365 Y93.496
G1 X52.908 Y93.172
G1 X52.548 Y92.802
G1 X52.283 Y92.388
G1 X52.114 Y91.933
G1 X52.039 Y91.438
G1 X52.056 Y90.906
G1 X52.162 Y90.340
G1 X52.354 Y89.742
G1 X52.627 Y89.116
G1 X52.979 Y88.464
G1 X53.403 Y87.791
G1 X53.895 Y87.099
G1 X54.451 Y86.392
G1 X55.064 Y85.672
G1 X55.730 Y84.943
G1 X56.444 Y84.209
G1 X57.201 Y83.471
G1 X57.996 Y82.734
G1 X58.825 Y81.999
G1 X59.682 Y81.270
G1 X60.565 Y80.548
G1 X61.468 Y79.836
G1 X62.389 Y79.137
G1 X63.324 Y78.451
G1 X64.270 Y77.781
G1 X65.224 Y77.127
G1 X66.185 Y76.493
G1 X67.148 Y75.877
G1 X68.114 Y75.282
G1 X69.079 Y74.708
G1 X70.042 Y74.156
G1 X71.002 Y73.627
G1 X71.958 Y73.120
G1 X72.908 Y72.637
G1 X73.851 Y72.177
G1 X74.787 Y71.740
G1 X75.714 Y71.326
G1 X76.633 Y70.936
G1 X77.542 Y70.568
G1 X78.442 Y70.224
G1 X79.331 Y69.902
G1 X80.210 Y69.603
G1 X81.077 Y69.325
G1 X81.934 Y69.069
G1 X82.778 Y68.834
G1 X83.611 Y68.620
G1 X84.432 Y68.425
G1 X85.241 Y68.251
G1 X86.037 Y68.097
G1 X86.820 Y67.961
G1 X87.590 Y67.844
G1 X88.348 Y67.745
G1 X89.092 Y67.663
G1 X89.822 Y67.600
G1 X90.539 Y67.553
G1 X91.242 Y67.523
G1 X91.930 Y67.509
G1 X92.604 Y67.511
G1 X93.263 Y67.529
G1 X93.907 Y67.563
G1 X94.536 Y67.612
G1 X95.149 Y67.676
G1 X95.746 Y67.754
G1 X96.326 Y67.848
G1 X96.889 Y67.956
G1 X97.435 Y68.079
G1 X97.963 Y68.216
G1 X98.472 Y68.368
G1 X98.963 Y68.534
G1 X99.434 Y68.714
G1 X99.884 Y68.909
G1 X100.313 Y69.118
G1 X100.721 Y69.342
G1 X101.106 Y69.580
G1 X101.468 Y69.833
G1 X101.805 Y70.101
G1 X102.117 Y70.384
G1 X102.403 Y70.682
G1 X102.661 Y70.995
G1 X102.890 Y71.323
G1 X103.090 Y71.667
G1 X103.258 Y72.026
G1 X103.394 Y72.402
G1 X103.496 Y72.793
G1 X103.562 Y73.201
G1 X103.590 Y73.625
G1 X103.580 Y74.066
G1 X103.529 Y74.524
G1 X103.435 Y74.998
G1 X103.297 Y75.489
G1 X103.112 Y75.997
G1 X102.878 Y76.522
G1 X102.594 Y77.064
G1 X102.257 Y77.623
G1 X101.864 Y78.198
G1 X101.415 Y78.790
G1 X100.905 Y79.398
G1 X100.334 Y80.021
G1 X99.699 Y80.660
G1 X98.997 Y81.314
G1 X98.228 Y81.981
G1 X97.389 Y82.662
G1 X96.479 Y83.355
G1 X95.495 Y84.058
G1 X94.438 Y84.772
G1 X93.306 Y85.493
G1 X92.098 Y86.221
G1 X90.815 Y86.954
G1 X89.458 Y87.689
G1 X88.027 Y88.424
G1 X86.524 Y89.158
G1 X84.952 Y89.886
G1 X83.314 Y90.607
G1 X81.614 Y91.316
G1 X79.857 Y92.012
G1 X78.048 Y92.689
G1 X76.195 Y93.345
G1 X74.306 Y93.976
G1 X72.388 Y94.578
G1 X70.451 Y95.146
G1 X68.505 Y95.677
G1 X66.563 Y96.166
G1 X64.635 Y96.609
G1 X62.733 Y97.003
G1 X60.870 Y97.343
G1 X59.060 Y97.626
G1 X57.314 Y97.849
G1 X55.646 Y98.008
G1 X54.067 Y98.101
G1 X52.588 Y98.125
G1 X51.221 Y98.079
G1 X49.975 Y97.962
G1 X48.858 Y97.774
G1 X47.877 Y97.513
G1 X47.036 Y97.180
G1 X46.341 Y96.778
G1 X45.792 Y96.307
G1 X45.390 Y95.770
G1 X45.134 Y95.170
G1 X45.020 Y94.511
G1 X45.046 Y93.795
G1 X45.204 Y93.028
G1 X45.490 Y92.215
G1 X45.894 Y91.359
G1 X46.410 Y90.466
G1 X47.029 Y89.542
G1 X47.741 Y88.590
G1 X48.537 Y87.618
G1 X49.408 Y86.629
G1 X50.346 Y85.630
G1 X51.342 Y84.624
G1 X52.387 Y83.616
G1 X53.474 Y82.611
G1 X54.595 Y81.612
G1 X55.744 Y80.624
G1 X56.914 Y79.649
G1 X58.101 Y78.692
G1 X59.298 Y77.754
G1 X60.503 Y76.838
G1 X61.710 Y75.946
G1 X62.917 Y75.080
G1 X64.121 Y74.242
G1 X65.319 Y73.432
G1 X66.510 Y72.652
G1 X67.691 Y71.902
G1 X68.861 Y71.184
G1 X70.020 Y70.496
G1 X71.166 Y69.839
G1 X72.298 Y69.213
G1 X73.417 Y68.619
G1 X74.521 Y68.054
G1 X75.611 Y67.520
G1 X76.686 Y67.016
G1 X77.747 Y66.540
G1 X78.793 Y66.092
G1 X79.824 Y65.672
G1 X80.841 Y65.278
G1 X81.843 Y64.910
G1 X82.831 Y64.567
G1 X83.805 Y64.249
G1 X84.765 Y63.953
G1 X85.712 Y63.679
G1 X86.645 Y63.427
G1 X87.565 Y63.196
G1 X88.471 Y62.984
G1 X89.365 Y62.792
G1 X90.246 Y62.618
G1 X91.114 Y62.461
G1 X91.969 Y62.320
G1 X92.812 Y62.196
G1 X93.643 Y62.087
G1 X94.462 Y61.993
G1 X95.268 Y61.914
G1 X96.063 Y61.847
G1 X96.845 Y61.794
G1 X97.616 Y61.754
G1 X98.375 Y61.725
G1 X99.123 Y61.709
G1 X99.858 Y61.704
G1 X100.582 Y61.710
G1 X101.295 Y61.727
G1 X101.996 Y61.754
G1 X102.685 Y61.792
G1 X103.362 Y61.839
G1 X104.028 Y61.897
G1 X104.682 Y61.965
G1 X105.324 Y62.042
G1 X105.954 Y62.129
G1 X106.572 Y62.225
G1 X107.177 Y62.331
G1 X107.771 Y62.447
G1 X108.351 Y62.572
G1 X108.920 Y62.707
G1 X109.475 Y62.851
G1 X110.017 Y63.006
G1 X110.545 Y63.171
G1 X111.060 Y63.345
G1 X111.560 Y63.531
G1 X112.046 Y63.727
G1 X112.517 Y63.934
G1 X112.972 Y64.152
G1 X113.412 Y64.382
G1 X113.835 Y64.624
G1 X114.240 Y64.878
G1 X114.628 Y65.144
G1 X114.997 Y65.424
G1 X115.346 Y65.716
G1 X115.675 Y66.023
G1 X115.983 Y66.344
G1 X116.268 Y66.680
G1 X116.529 Y67.031
G1 X116.765 Y67.398
G1 X116.975 Y67.782
G1 X117.157 Y68.182
G1 X117.310 Y68.600
G1 X117.431 Y69.036
G1 X117.519 Y69.491
G1 X117.573 Y69.965
G1 X117.588 Y70.459
G1 X117.564 Y70.973
G1 X117.497 Y71.509
G1 X117.386 Y72.066
G1 X117.226 Y72.646
G1 X117.016 Y73.249
G1 X116.751 Y73.876
G1 X116.428 Y74.526
G1 X116.044 Y75.201
G1 X115.595 Y75.901
G1 X115.076 Y76.625
G1 X114.483 Y77.376
G1 X113.812 Y78.152
G1 X113.058 Y78.954
G1 X112.218 Y79.781
G1 X111.285 Y80.634
G1 X110.255 Y81.511
G1 X109.124 Y82.413
G1 X107.887 Y83.339
G1 X106.539 Y84.287
G1 X105.077 Y85.256
G1 X103.496 Y86.245
G1 X101.793 Y87.251
G1 X99.966 Y88.273
G1 X98.012 Y89.307
G1 X95.931 Y90.350
G1 X93.723 Y91.399
G1 X91.390 Y92.449
G1 X88.934 Y93.497
G1 X86.360 Y94.537
G1 X83.676 Y95.563
G1 X80.889 Y96.570
G1 X78.010 Y97.551
G1 X75.053 Y98.499
G1 X72.033 Y99.408
G1 X68.968 Y100.268
G1 X65.877 Y101.073
G1 X62.784 Y101.814
G1 X59.710 Y102.484
G1 X56.683 Y103.074
G1 X53.729 Y103.577
G1 X50.874 Y103.985
G1 X48.146 Y104.291
G1 X45.571 Y104.490
G1 X43.174 Y104.576
G1 X40.979 Y104.545
G1 X39.006 Y104.393
G1 X37.272 Y104.119
G1 X35.791 Y103.723
G1 X34.573 Y103.205
G1 X33.624 Y102.567
G1 X32.944 Y101.813
G1 X32.531 Y100.948
G1 X32.377 Y99.977
G1 X32.472 Y98.909
G1 X32.802 Y97.751
G1 X33.350 Y96.512
G1 X34.098 Y95.201
G1 X35.026 Y93.830
G1 X36.112 Y92.406
G1 X37.337 Y90.942
G1 X38.678 Y89.446
G1 X40.117 Y87.928
G1 X41.633 Y86.398
G1 X43.210 Y84.865
G1 X44.831 Y83.336
G1 X46.482 Y81.819
G1 X48.150 Y80.320
G1 X49.824 Y78.847
G1 X51.494 Y77.403
G1 X53.153 Y75.994
G1 X54.794 Y74.624
G1 X56.412 Y73.295
G1 X58.004 Y72.010
G1 X59.565 Y70.771
G1 X61.094 Y69.579
G1 X62.589 Y68.435
G1 X64.050 Y67.341
G1 X65.476 Y66.294
G1 X66.868 Y65.296
G1 X68.226 Y64.346
G1 X69.551 Y63.442
G1 X70.843 Y62.584
G1 X72.104 Y61.771
G1 X73.334 Y61.000
G1 X74.535 Y60.271
G1 X75.708 Y59.582
G1 X76.854 Y58.930
G1 X77.974 Y58.315
G1 X79.069 Y57.734
G1 X80.141 Y57.186
G1 X81.189 Y56.668
G1 X82.216 Y56.179
G1 X83.222 Y55.717
G1 X84.207 Y55.281
G1 X85.172 Y54.868
G1 X86.119 Y54.477
G1 X87.047 Y54.106
G1 X87.957 Y53.754
G1 X88.850 Y53.419
G1 X89.725 Y53.100
G1 X90.584 Y52.795
G1 X91.427 Y52.502
G1 X92.254 Y52.221
G1 X93.064 Y51.951
G1 X93.860 Y51.689
G1 X94.639 Y51.435
G1 X95.404 Y51.188
G1 X96.153 Y50.946
G1 X96.887 Y50.709
G1 X97.606 Y50.476
G1 X98.309 Y50.245
G1 X98.998 Y50.016
G1 X99.671 Y49.788
G1 X100.329 Y49.560
G1 X100.971 Y49.331
G1 X101.597 Y49.100
G1 X102.208 Y48.868
G1 X102.803 Y48.632
G1 X103.381 Y48.392
G1 X103.942 Y48.148
G1 X104.486 Y47.899
G1 X105.013 Y47.643
G1 X105.521 Y47.382
G1 X106.011 Y47.113
G1 X106.482 Y46.837
G1 X106.934 Y46.552
G1 X107.365 Y46.259
G1 X107.775 Y45.955
G1 X108.163 Y45.642
G1 X108.528 Y45.318
G1 X108.870 Y44.983
G1 X109.187 Y44.635
G1 X109.479 Y44.275
G1 X109.743 Y43.903
G1 X109.979 Y43.516
G1 X110.185 Y43.115
G1 X110.360 Y42.700
G1 X110.503 Y42.269
G1 X110.611 Y41.822
G1 X110.683 Y41.358
G1 X110.716 Y40.878
G1 X110.710 Y40.380
G1 X110.661 Y39.864
G1 X110.567 Y39.330
G1 X110.425 Y38.777
G1 X110.234 Y38.205
G1 X109.990 Y37.613
G1 X109.691 Y37.000
G1 X109.333 Y36.368
G1 X108.914 Y35.716
G1 X108.430 Y35.042
G1 X107.879 Y34.349
G1 X107.255 Y33.635
G1 X106.558 Y32.900
G1 X105.782 Y32.146
G1 X104.925 Y31.372
G1 X103.983 Y30.580
G1 X102.953 Y29.769
G1 X101.832 Y28.942
G1 X100.618 Y28.098
G1 X99.308 Y27.240
G1 X97.901 Y26.370
G1 X96.394 Y25.488
G1 X94.786 Y24.599
G1 X93.078 Y23.703
G1 X91.271 Y22.804
G1 X89.365 Y21.905
G1 X87.364 Y21.010
G1 X85.272 Y20.123
G1 X83.092 Y19.247
G1 X80.833 Y18.388
G1 X78.502 Y17.550
G1 X76.107 Y16.738
G1 X73.662 Y15.957
G1 X71.177 Y15.215
G1 X68.667 Y14.515
G1 X66.147 Y13.865
G1 X63.634 Y13.270
G1 X61.146 Y12.736
G1 X58.702 Y12.269
G1 X56.320 Y11.874
G1 X54.020 Y11.557
G1 X51.821 Y11.322
G1 X49.741 Y11.174
G1 X47.800 Y11.117
G1 X46.012 Y11.152
G1 X44.392 Y11.283
G1 X42.954 Y11.511
G1 X41.706 Y11.835
G1 X40.657 Y12.256
G1 X39.812 Y12.771
G1 X39.172 Y13.378
G1 X38.737 Y14.074
G1 X38.502 Y14.854
G1 X38.463 Y15.712
G1 X38.611 Y16.644
G1 X38.936 Y17.643
G1 X39.426 Y18.702
G1 X40.068 Y19.814
G1 X40.848 Y20.971
G1 X41.752 Y22.165
G1 X42.766 Y23.390
G1 X43.875 Y24.638
G1 X45.066 Y25.902
G1 X46.324 Y27.174
G1 X47.638 Y28.448
G1 X48.997 Y29.719
G1 X50.388 Y30.980
G1 X51.803 Y32.226
G1 X53.234 Y33.453
G1 X54.673 Y34.657
G1 X56.114 Y35.833
G1 X57.551 Y36.980
G1 X58.979 Y38.093
G1 X60.396 Y39.172
G1 X61.797 Y40.214
G1 X63.181 Y41.218
G1 X64.545 Y42.184
G1 X65.889 Y43.110
G1 X67.211 Y43.996
G1 X68.510 Y44.843
G1 X69.787 Y45.650
G1 X71.042 Y46.418
G1 X72.274 Y47.149
G1 X73.483 Y47.841
G1 X74.671 Y48.497
G1 X75.837 Y49.118
G1 X76.983 Y49.704
G1 X78.108 Y50.257
G1 X79.213 Y50.779
G1 X80.299 Y51.270
G1 X81.366 Y51.731
G1 X82.415 Y52.165
G1 X83.447 Y52.573
G1 X84.462 Y52.955
G1 X85.460 Y53.314
G1 X86.442 Y53.650
G1 X87.409 Y53.965
G1 X88.361 Y54.260
G1 X89.298 Y54.537
G1 X90.221 Y54.796
G1 X91.130 Y55.038
G1 X92.025 Y55.265
G1 X92.907 Y55.478
G1 X93.776 Y55.678
G1 X94.633 Y55.866
G1 X95.477 Y56.042
G1 X96.309 Y56.208
G1 X97.129 Y56.364
G1 X97.937 Y56.512
G1 X98.734 Y56.651
G1 X99.520 Y56.783
G1 X100.294 Y56.909
G1 X101.058 Y57.029
G1 X101.810 Y57.143
G1 X102.553 Y57.253
G1 X103.284 Y57.358
G1 X104.006 Y57.460
G1 X104.717 Y57.559
G1 X105.418 Y57.655
G1 X106.109 Y57.748
G1 X106.790 Y57.840
G1 X107.462 Y57.931
G1 X108.123 Y58.021
G1 X108.776 Y58.110
G1 X109.419 Y58.199
G1 X110.052 Y58.288
G1 X110.677 Y58.377
G1 X111.292 Y58.467
G1 X111.897 Y58.559
G1 X112.494 Y58.652
G1 X113.082 Y58.746
G1 X113.661 Y58.843
G1 X114.230 Y58.942
G1 X114.791 Y59.043
G1 X115.343 Y59.148
G1 X115.886 Y59.255
G1 X116.419 Y59.366
G1 X116.944 Y59.481
G1 X117.460 Y59.600
G1 X117.967 Y59.724
G1 X118.465 Y59.852
G1 X118.953 Y59.985
G1 X119.433 Y60.123
G1 X119.903 Y60.267
G1 X120.363 Y60.417
G1 X120.814 Y60.574
G1 X121.254 Y60.737
G1 X121.685 Y60.907
G1 X122.106 Y61.084
G1 X122.516 Y61.270
G1 X122.915 Y61.463
G1 X123.303 Y61.666
G1 X123.679 Y61.877
G1 X124.044 Y62.098
G1 X124.396 Y62.329
G1 X124.735 Y62.571
G1 X125.061 Y62.824
G1 X125.373 Y63.088
G1 X125.670 Y63.365
G1 X125.951 Y63.654
G1 X126.216 Y63.957
G1 X126.464 Y64.274
G1 X126.693 Y64.605
G1 X126.903 Y64.952
G1 X127.092 Y65.315
G1 X127.259 Y65.694
G1 X127.402 Y66.091
G1 X127.521 Y66.507
G1 X127.612 Y66.942
G1 X127.675 Y67.396
G1 X127.706 Y67.871
G1 X127.705 Y68.369
G1 X127.667 Y68.888
G1 X127.591 Y69.431
G1 X127.473 Y69.999
G1 X127.311 Y70.592
G1 X127.101 Y71.211
G1 X126.838 Y71.857
G1 X126.520 Y72.531
G1 X126.141 Y73.234
G1 X125.697 Y73.967
G1 X125.184 Y74.731
G1 X124.594 Y75.525
G1 X123.924 Y76.352
G1 X123.167 Y77.212
G1 X122.317 Y78.104
G1 X121.367 Y79.030
G1 X120.310 Y79.990
G1 X119.140 Y80.983
G1 X117.849 Y82.010
G1 X116.430 Y83.070
G1 X114.875 Y84.161
G1 X113.179 Y85.284
G1 X111.333 Y86.436
G1 X109.331 Y87.616
G1 X107.168 Y88.821
G1 X104.839 Y90.049
G1 X102.340 Y91.295
G1 X99.669 Y92.556
G1 X96.825 Y93.826
G1 X93.810 Y95.101
G1 X90.627 Y96.374
G1 X87.284 Y97.638
G1 X83.789 Y98.884
G1 X80.157 Y100.106
G1 X76.403 Y101.293
G1 X72.548 Y102.434
G1 X68.617 Y103.521
G1 X64.638 Y104.540
G1 X60.642 Y105.482
G1 X56.666 Y106.334
G1 X52.748 Y107.084
G1 X48.926 Y107.721
G1 X45.244 Y108.234
G1 X41.742 Y108.612
G1 X38.461 Y108.848
G1 X35.439 Y108.932
G1 X32.712 Y108.859
G1 X30.308 Y108.623
G1 X28.254 Y108.224
G1 X26.565 Y107.659
G1 X25.255 Y106.932
G1 X24.325 Y106.046
G1 X23.772 Y105.007
G1 X23.585 Y103.824
G1 X23.746 Y102.506
G1 X24.232 Y101.065
G1 X25.017 Y99.515
G1 X26.070 Y97.867
G1 X27.357 Y96.138
G1 X28.845 Y94.341
G1 X30.500 Y92.491
G1 X32.290 Y90.603
G1 X34.183 Y88.690
G1 X36.151 Y86.765
G1 X38.169 Y84.841
G1 X40.213 Y82.928
G1 X42.263 Y81.037
G1 X44.303 Y79.176
G1 X46.320 Y77.353
G1 X48.300 Y75.575
G1 X50.237 Y73.846
G1 X52.124 Y72.173
G1 X53.955 Y70.556
G1 X55.729 Y69.000
G1 X57.443 Y67.507
G1 X59.096 Y66.076
G1 X60.690 Y64.708
G1 X62.225 Y63.404
G1 X63.703 Y62.161
G1 X65.126 Y60.981
G1 X66.495 Y59.860
G1 X67.814 Y58.797
G1 X69.085 Y57.791
G1 X70.310 Y56.838
G1 X71.491 Y55.937
G1 X72.631 Y55.086
G1 X73.732 Y54.281
G1 X74.796 Y53.521
G1 X75.825 Y52.803
G1 X76.821 Y52.125
G1 X77.785 Y51.483
G1 X78.719 Y50.875
G1 X79.624 Y50.300
G1 X80.502 Y49.755
G1 X81.353 Y49.237
G1 X82.178 Y48.744
G1 X82.978 Y48.274
G1 X83.754 Y47.825
G1 X84.507 Y47.396
G1 X85.236 Y46.984
G1 X85.943 Y46.587
G1 X86.627 Y46.203
G1 X87.289 Y45.832
G1 X87.929 Y45.471
G1 X88.546 Y45.119
G1 X89.142 Y44.775
G1 X89.715 Y44.436
G1 X90.266 Y44.103
G1 X90.795 Y43.773
G1 X91.301 Y43.446
G1 X91.784 Y43.120
G1 X92.243 Y42.794
G1 X92.678 Y42.468
G1 X93.089 Y42.140
G1 X93.475 Y41.809
G1 X93.835 Y41.476
G1 X94.169 Y41.138
G1 X94.477 Y40.795
G1 X94.756 Y40.447
G1 X95.008 Y40.093
G1 X95.230 Y39.733
G1 X95.421 Y39.365
G1 X95.582 Y38.989
G1 X95.710 Y38.606
G1 X95.806 Y38.213
G1 X95.867 Y37.812
G1 X95.892 Y37.401
G1 X95.881 Y36.981
G1 X95.833 Y36.551
G1 X95.745 Y36.111
G1 X95.618 Y35.661
G1 X95.449 Y35.201
G1 X95.237 Y34.730
G1 X94.981 Y34.250
G1 X94.681 Y33.760
G1 X94.334 Y33.259
G1 X93.939 Y32.750
G1 X93.496 Y32.231
G1 X93.003 Y31.703
G1 X92.460 Y31.167
G1 X91.865 Y30.624
G1 X91.218 Y30.074
G1 X90.518 Y29.517
G1 X89.766 Y28.956
G1 X88.961 Y28.390
G1 X88.102 Y27.822
G1 X87.192 Y27.252
G1 X86.229 Y26.681
G1 X85.216 Y26.112
G1 X84.154 Y25.546
G1 X83.044 Y24.984
G1 X81.889 Y24.429
G1 X80.692 Y23.883
G1 X79.455 Y23.347
G1 X78.182 Y22.825
G1 X76.878 Y22.317
G1 X75.547 Y21.828
G1 X74.194 Y21.358
G1 X72.825 Y20.911
G1 X71.446 Y20.489
G1 X70.062 Y20.095
G1 X68.682 Y19.731
G1 X67.311 Y19.399
G1 X65.958 Y19.103
G1 X64.630 Y18.845
G1 X63.334 Y18.626
G1 X62.078 Y18.448
G1 X60.869 Y18.314
G1 X59.715 Y18.226
G1 X58.622 Y18.183
G1 X57.598 Y18.189
G1 X56.647 Y18.243
G1 X55.776 Y18.345
G1 X54.989 Y18.497
G1 X54.290 Y18.697
G1 X53.683 Y18.946
G1 X53.170 Y19.243
G1 X52.752 Y19.585
G1 X52.430 Y19.973
G1 X52.203 Y20.404
G1 X52.072 Y20.875
G1 X52.034 Y21.385
G1 X52.087 Y21.931
G1 X52.228 Y22.511
G1 X52.453 Y23.120
G1 X52.758 Y23.757
G1 X53.139 Y24.417
G1 X53.591 Y25.099
G1 X54.110 Y25.797
G1 X54.689 Y26.510
G1 X55.324 Y27.234
G1 X56.010 Y27.965
G1 X56.742 Y28.701
G1 X57.515 Y29.439
G1 X58.324 Y30.176
G1 X59.164 Y30.909
G1 X60.032 Y31.635
G1 X60.924 Y32.353
G1 X61.834 Y33.060
G1 X62.761 Y33.755
G1 X63.701 Y34.435
G1 X64.651 Y35.098
G1 X65.608 Y35.744
G1 X66.570 Y36.372
G1 X67.535 Y36.979
G1 X68.500 Y37.566
G1 X69.465 Y38.131
G1 X70.427 Y38.674
G1 X71.385 Y39.194
G1 X72.339 Y39.692
G1 X73.286 Y40.166
G1 X74.227 Y40.617
G1 X75.159 Y41.044
G1 X76.083 Y41.449
G1 X76.998 Y41.830
G1 X77.904 Y42.188
G1 X78.800 Y42.523
G1 X79.685 Y42.836
G1 X80.559 Y43.127
G1 X81.422 Y43.396
G1 X82.274 Y43.643
G1 X83.114 Y43.870
G1 X83.942 Y44.076
G1 X84.758 Y44.262
G1 X85.561 Y44.428
G1 X86.352 Y44.576
G1 X87.130 Y44.704
G1 X87.896 Y44.814
G1 X88.648 Y44.906
G1 X89.386 Y44.980
G1 X90.111 Y45.037
G1 X90.822 Y45.077
G1 X91.520 Y45.100
G1 X92.202 Y45.108
G1 X92.870 Y45.099
G1 X93.524 Y45.075
G1 X94.162 Y45.035
G1 X94.784 Y44.980
G1 X95.391 Y44.910
G1 X95.981 Y44.826
G1 X96.554 Y44.726
G1 X97.111 Y44.612
G1 X97.649 Y44.483
G1 X98.170 Y44.340
G1 X98.672 Y44.183
G1 X99.154 Y44.011
G1 X99.617 Y43.825
G1 X100.059 Y43.624
G1 X100.480 Y43.409
G1 X100.879 Y43.180
G1 X101.255 Y42.936
G1 X101.607 Y42.677
G1 X101.934 Y42.403
G1 X102.236 Y42.115
G1 X102.510 Y41.811
G1 X102.757 Y41.492
G1 X102.975 Y41.157
G1 X103.162 Y40.807
G1 X103.318 Y40.441
G1 X103.440 Y40.059
G1 X103.528 Y39.661
G1 X103.579 Y39.247
G1 X103.592 Y38.816
G1 X103.566 Y38.368
G1 X103.498 Y37.904
G1 X103.387 Y37.423
G1 X103.230 Y36.925
G1 X103.026 Y36.411
G1 X102.773 Y35.879
G1 X102.467 Y35.330
G1 X102.108 Y34.765
G1 X101.693 Y34.183
G1 X101.220 Y33.585
G1 X100.686 Y32.970
G1 X100.090 Y32.340
G1 X99.428 Y31.696
G1 X98.700 Y31.036
G1 X97.903 Y30.363
G1 X97.036 Y29.678
G1 X96.096 Y28.981
G1 X95.083 Y28.273
G1 X93.996 Y27.556
G1 X92.834 Y26.832
G1 X91.596 Y26.102
G1 X90.284 Y25.368
G1 X88.897 Y24.632
G1 X87.437 Y23.897
G1 X85.906 Y23.166
G1 X84.307 Y22.440
G1 X82.644 Y21.723
G1 X80.920 Y21.019
G1 X79.142 Y20.330
G1 X77.314 Y19.661
G1 X75.446 Y19.014
G1 X73.543 Y18.394
G1 X71.616 Y17.806
G1 X69.675 Y17.252
G1 X67.729 Y16.737
G1 X65.791 Y16.266
G1 X63.871 Y15.842
G1 X61.984 Y15.469
G1 X60.140 Y15.151
G1 X58.354 Y14.892
G1 X56.638 Y14.694
G1 X55.003 Y14.561
G1 X53.463 Y14.496
G1 X52.028 Y14.499
G1 X50.708 Y14.573
G1 X49.512 Y14.719
G1 X48.449 Y14.936
G1 X47.523 Y15.226
G1 X46.740 Y15.586
G1 X46.103 Y16.016
G1 X45.612 Y16.514
G1 X45.269 Y17.076
G1 X45.070 Y17.700
G1 X45.013 Y18.383
G1 X45.092 Y19.119
G1 X45.302 Y19.906
G1 X45.636 Y20.737
G1 X46.086 Y21.608
G1 X46.644 Y22.514
G1 X47.301 Y23.450
G1 X48.048 Y24.410
G1 X48.875 Y25.390
G1 X49.774 Y26.383
G1 X50.736 Y27.386
G1 X51.753 Y28.394
G1 X52.815 Y29.401
G1 X53.917 Y30.404
G1 X55.050 Y31.399
G1 X56.208 Y32.382
G1 X57.386 Y33.350
G1 X58.577 Y34.301
G1 X59.778 Y35.230
G1 X60.984 Y36.137
G1 X62.192 Y37.018
G1 X63.398 Y37.873
G1 X64.600 Y38.700
G1 X65.795 Y39.498
G1 X66.982 Y40.266
G1 X68.159 Y41.004
G1 X69.325 Y41.710
G1 X70.479 Y42.386
G1 X71.619 Y43.030
G1 X72.746 Y43.643
G1 X73.859 Y44.226
G1 X74.958 Y44.778
G1 X76.042 Y45.300
G1 X77.111 Y45.793
G1 X78.166 Y46.258
G1 X79.206 Y46.695
G1 X80.232 Y47.104
G1 X81.243 Y47.487
G1 X82.239 Y47.845
G1 X83.222 Y48.179
G1 X84.190 Y48.488
G1 X85.145 Y48.775
G1 X86.086 Y49.040
G1 X87.014 Y49.283
G1 X87.928 Y49.507
G1 X88.830 Y49.711
G1 X89.718 Y49.896
G1 X90.594 Y50.063
G1 X91.457 Y50.213
G1 X92.307 Y50.347
G1 X93.146 Y50.465
G1 X93.971 Y50.568
G1 X94.785 Y50.656
G1 X95.587 Y50.731
G1 X96.377 Y50.792
G1 X97.155 Y50.840
G1 X97.921 Y50.875
G1 X98.676 Y50.899
G1 X99.418 Y50.911
G1 X100.149 Y50.911
G1 X100.869 Y50.901
G1 X101.577 Y50.880
G1 X102.273 Y50.848
G1 X102.957 Y50.807
G1 X103.630 Y50.755
G1 X104.291 Y50.693
G1 X104.940 Y50.622
G1 X105.577 Y50.541
G1 X106.202 Y50.450
G1 X106.816 Y50.350
G1 X107.416 Y50.241
G1 X108.005 Y50.121
G1 X108.581 Y49.992
G1 X109.144 Y49.854
G1 X109.694 Y49.705
G1 X110.230 Y49.546
G1 X110.753 Y49.378
G1 X111.262 Y49.199
G1 X111.757 Y49.009
G1 X112.237 Y48.809
G1 X112.702 Y48.597
G1 X113.151 Y48.374
G1 X113.584 Y48.140
G1 X114.000 Y47.894
G1 X114.399 Y47.635
G1 X114.779 Y47.363
G1 X115.140 Y47.079
G1 X115.482 Y46.780
G1 X115.802 Y46.468
G1 X116.101 Y46.141
G1 X116.377 Y45.799
G1 X116.629 Y45.442
G1 X116.855 Y45.069
G1 X117.054 Y44.679
G1 X117.225 Y44.271
G1 X117.365 Y43.847
G1 X117.474 Y43.403
G1 X117.548 Y42.941
G1 X117.587 Y42.459
G1 X117.587 Y41.957
G1 X117.546 Y41.434
G1 X117.463 Y40.890
G1 X117.333 Y40.324
G1 X117.153 Y39.735
G1 X116.922 Y39.123
G1 X116.635 Y38.487
G1 X116.288 Y37.827
G1 X115.879 Y37.142
G1 X115.402 Y36.433
G1 X114.855 Y35.698
G1 X114.232 Y34.937
G1 X113.529 Y34.151
G1 X112.742 Y33.339
G1 X111.865 Y32.502
G1 X110.895 Y31.639
G1 X109.826 Y30.752
G1 X108.654 Y29.840
G1 X107.373 Y28.906
G1 X105.981 Y27.949
G1 X104.472 Y26.972
G1 X102.843 Y25.976
G1 X101.092 Y24.963
G1 X99.215 Y23.937
G1 X97.211 Y22.899
G1 X95.080 Y21.853
G1 X92.822 Y20.803
G1 X90.440 Y19.752
G1 X87.937 Y18.707
G1 X85.319 Y17.672
G1 X82.592 Y16.652
G1 X79.768 Y15.655
G1 X76.856 Y14.686
G1 X73.872 Y13.752
G1 X70.832 Y12.862
G1 X67.754 Y12.022
G1 X64.659 Y11.241
G1 X61.570 Y10.527
G1 X58.512 Y9.888
G1 X55.510 Y9.331
G1 X52.591 Y8.865
G1 X49.783 Y8.496
G1 X47.111 Y8.231
G1 X44.603 Y8.076
G1 X42.283 Y8.036
G1 X40.173 Y8.114
G1 X38.291 Y8.313
G1 X36.655 Y8.635
G1 X35.277 Y9.080
G1 X34.164 Y9.646
G1 X33.321 Y10.330
G1 X32.747 Y11.128
G1 X32.437 Y12.036
G1 X32.382 Y13.046
G1 X32.572 Y14.150
G1 X32.990 Y15.342
G1 X33.619 Y16.610
G1 X34.440 Y17.946
G1 X35.433 Y19.339
G1 X36.576 Y20.780
G1 X37.849 Y22.259
G1 X39.232 Y23.764
G1 X40.703 Y25.288
G1 X42.246 Y26.820
G1 X43.842 Y28.353
G1 X45.476 Y29.879
G1 X47.136 Y31.389
G1 X48.807 Y32.878
G1 X50.481 Y34.341
G1 X52.148 Y35.771
G1 X53.800 Y37.166
G1 X55.433 Y38.520
G1 X57.041 Y39.832
G1 X58.621 Y41.100
G1 X60.170 Y42.320
G1 X61.686 Y43.493
G1 X63.168 Y44.618
G1 X64.615 Y45.693
G1 X66.028 Y46.721
G1 X67.406 Y47.700
G1 X68.751 Y48.632
G1 X70.063 Y49.517
G1 X71.342 Y50.358
G1 X72.591 Y51.154
G1 X73.810 Y51.908
G1 X75.000 Y52.622
G1 X76.162 Y53.296
G1 X77.297 Y53.933
G1 X78.408 Y54.535
G1 X79.493 Y55.103
G1 X80.556 Y55.639
G1 X81.596 Y56.145
G1 X82.614 Y56.623
G1 X83.611 Y57.075
G1 X84.589 Y57.502
G1 X85.546 Y57.906
G1 X86.486 Y58.288
G1 X87.406 Y58.652
G1 X88.310 Y58.997
G1 X89.196 Y59.326
G1 X90.065 Y59.639
G1 X90.917 Y59.939
G1 X91.753 Y60.227
G1 X92.574 Y60.504
G1 X93.378 Y60.771
G1 X94.167 Y61.029
G1 X94.941 Y61.280
G1 X95.699 Y61.525
G1 X96.442 Y61.765
G1 X97.170 Y62.000
G1 X97.883 Y62.233
G1 X98.581 Y62.463
G1 X99.263 Y62.691
G1 X99.930 Y62.920
G1 X100.582 Y63.148
G1 X101.218 Y63.378
G1 X101.838 Y63.609
G1 X102.442 Y63.843
G1 X103.030 Y64.080
G1 X103.601 Y64.322
G1 X104.156 Y64.568
G1 X104.693 Y64.819
G1 X105.213 Y65.077
G1 X105.714 Y65.341
G1 X106.196 Y65.613
G1 X106.660 Y65.893
G1 X107.103 Y66.181
G1 X107.526 Y66.478
G1 X107.927 Y66.786
G1 X108.306 Y67.103
G1 X108.662 Y67.432
G1 X108.994 Y67.772
G1 X109.301 Y68.124
G1 X109.582 Y68.489
G1 X109.835 Y68.867
G1 X110.059 Y69.260
G1 X110.253 Y69.666
G1 X110.415 Y70.088
G1 X110.544 Y70.525
G1 X110.638 Y70.979
G1 X110.695 Y71.449
G1 X110.712 Y71.936
G1 X110.689 Y72.441
G1 X110.622 Y72.964
G1 X110.509 Y73.506
G1 X110.348 Y74.067
G1 X110.136 Y74.647
G1 X109.871 Y75.247
G1 X109.548 Y75.867
G1 X109.166 Y76.508
G1 X108.722 Y77.168
G1 X108.211 Y77.850
G1 X107.631 Y78.552
G1 X106.978 Y79.274
G1 X106.249 Y80.016
G1 X105.441 Y80.778
G1 X104.550 Y81.559
G1 X103.574 Y82.359
G1 X102.508 Y83.177
G1 X101.350 Y84.011
G1 X100.098 Y84.860
G1 X98.749 Y85.723
G1 X97.302 Y86.598
G1 X95.755 Y87.483
G1 X94.107 Y88.375
G1 X92.359 Y89.273
G1 X90.513 Y90.172
G1 X88.568 Y91.069
G1 X86.530 Y91.962
G1 X84.403 Y92.845
G1 X82.191 Y93.714
G1 X79.902 Y94.566
G1 X77.544 Y95.394
G1 X75.128 Y96.193
G1 X72.666 Y96.959
G1 X70.169 Y97.685
G1 X67.654 Y98.365
G1 X65.136 Y98.994
G1 X62.631 Y99.565
G1 X60.159 Y100.073
G1 X57.738 Y100.511
G1 X55.387 Y100.875
G1 X53.126 Y101.160
G1 X50.973 Y101.360
G1 X48.947 Y101.472
G1 X47.066 Y101.492
G1 X45.345 Y101.419
G1 X43.797 Y101.249
G1 X42.434 Y100.982
G1 X41.266 Y100.619
G1 X40.299 Y100.161
G1 X39.536 Y99.608
G1 X38.978 Y98.965
G1 X38.624 Y98.235
G1 X38.469 Y97.423
G1 X38.506 Y96.534
G1 X38.726 Y95.575
G1 X39.119 Y94.551
G1 X39.671 Y93.471
G1 X40.370 Y92.340
G1 X41.202 Y91.167
G1 X42.152 Y89.960
G1 X43.205 Y88.725
G1 X44.348 Y87.470
G1 X45.568 Y86.203
G1 X46.850 Y84.929
G1 X48.182 Y83.656
G1 X49.555 Y82.389
G1 X50.957 Y81.133
G1 X52.379 Y79.894
G1 X53.814 Y78.677
G1 X55.254 Y77.484
G1 X56.693 Y76.319
G1 X58.127 Y75.186
G1 X59.551 Y74.086
G1 X60.962 Y73.022
G1 X62.356 Y71.995
G1 X63.732 Y71.007
G1 X65.088 Y70.057
G1 X66.423 Y69.147
G1 X67.736 Y68.277
G1 X69.027 Y67.446
G1 X70.294 Y66.655
G1 X71.540 Y65.902
G1 X72.763 Y65.187
G1 X73.963 Y64.509
G1 X75.142 Y63.868
G1 X76.300 Y63.261
G1 X77.437 Y62.688
G1 X78.554 Y62.148
G1 X79.651 Y61.639
G1 X80.730 Y61.160
G1 X81.790 Y60.710
G1 X82.832 Y60.287
G1 X83.857 Y59.889
G1 X84.865 Y59.517
G1 X85.856 Y59.167
G1 X86.833 Y58.840
G1 X87.793 Y58.533
G1 X88.739 Y58.246
G1 X89.670 Y57.976
G1 X90.588 Y57.724
G1 X91.491 Y57.488
G1 X92.381 Y57.267
G1 X93.258 Y57.059
G1 X94.122 Y56.865
G1 X94.974 Y56.682
G1 X95.813 Y56.510
G1 X96.640 Y56.348
G1 X97.455 Y56.195
G1 X98.259 Y56.051
G1 X99.051 Y55.915
G1 X99.832 Y55.786
G1 X100.603 Y55.662
G1 X101.362 Y55.545
G1 X102.110 Y55.433
G1 X102.848 Y55.325
G1 X103.576 Y55.221
G1 X104.293 Y55.121
G1 X105.000 Y55.024
G1 X105.697 Y54.929
G1 X106.384 Y54.836
G1 X107.062 Y54.744
G1 X107.729 Y54.654
G1 X108.387 Y54.565
G1 X109.036 Y54.476
G1 X109.675 Y54.388
G1 X110.305 Y54.299
G1 X110.926 Y54.209
G1 X111.537 Y54.119
G1 X112.139 Y54.027
G1 X112.733 Y53.934
G1 X113.317 Y53.839
G1 X113.892 Y53.742
G1 X114.458 Y53.642
G1 X115.015 Y53.540
G1 X115.564 Y53.434
G1 X116.103 Y53.325
G1 X116.633 Y53.213
G1 X117.155 Y53.097
G1 X117.667 Y52.977
G1 X118.171 Y52.852
G1 X118.665 Y52.722
G1 X119.150 Y52.587
G1 X119.626 Y52.447
G1 X120.092 Y52.301
G1 X120.549 Y52.149
G1 X120.996 Y51.991
G1 X121.433 Y51.825
G1 X121.860 Y51.653
G1 X122.277 Y51.473
G1 X122.683 Y51.284
G1 X123.078 Y51.088
G1 X123.462 Y50.883
G1 X123.834 Y50.668
G1 X124.194 Y50.444
G1 X124.541 Y50.209
G1 X124.876 Y49.964
G1 X125.197 Y49.707
G1 X125.503 Y49.439
G1 X125.795 Y49.158
G1 X126.070 Y48.864
G1 X126.329 Y48.557
G1 X126.571 Y48.235
G1 X126.793 Y47.899
G1 X126.996 Y47.547
G1 X127.178 Y47.178
G1 X127.337 Y46.793
G1 X127.472 Y46.390
G1 X127.581 Y45.968
G1 X127.663 Y45.527
G1 X127.715 Y45.065
G1 X127.736 Y44.583
G1 X127.722 Y44.078
G1 X127.672 Y43.551
G1 X127.582 Y43.000
G1 X127.450 Y42.424
G1 X127.272 Y41.822
G1 X127.044 Y41.194
G1 X126.763 Y40.538
G1 X126.425 Y39.854
G1 X126.025 Y39.141
G1 X125.558 Y38.398
G1 X125.019 Y37.624
G1 X124.403 Y36.818
G1 X123.705 Y35.980
G1 X122.917 Y35.110
G1 X122.033 Y34.206
G1 X121.048 Y33.268
G1 X119.954 Y32.297
G1 X118.743 Y31.292
G1 X117.410 Y30.254
G1 X115.946 Y29.183
G1 X114.344 Y28.080
G1 X112.597 Y26.947
G1 X110.699 Y25.785
G1 X108.643 Y24.596
G1 X106.424 Y23.383
G1 X104.037 Y22.148
G1 X101.480 Y20.896
G1 X98.749 Y19.631
G1 X95.846 Y18.358
G1 X92.773 Y17.082
G1 X89.534 Y15.811
G1 X86.137 Y14.551
G1 X82.592 Y13.311
G1 X78.915 Y12.100
G1 X75.122 Y10.926
G1 X71.237 Y9.801
G1 X67.284 Y8.736
G1 X63.293 Y7.740
G1 X59.298 Y6.827
G1 X55.334 Y6.008
G1 X51.441 Y5.294
G1 X47.660 Y4.697
G1 X44.031 Y4.228
G1 X40.597 Y3.896
G1 X37.397 Y3.711
G1 X34.469 Y3.679
G1 X31.846 Y3.806
G1 X29.556 Y4.097
G1 X27.622 Y4.552
G1 X26.059 Y5.172
G1 X24.876 Y5.954
G1 X24.074 Y6.893
G1 X23.646 Y7.982
G1 X23.579 Y9.212
G1 X23.853 Y10.574
G1 X24.444 Y12.054
G1 X25.324 Y13.640
G1 X26.460 Y15.317
G1 X27.820 Y17.072
G1 X29.369 Y18.890
G1 X31.075 Y20.755
G1 X32.904 Y22.654
G1 X34.827 Y24.574
G1 X36.816 Y26.501
G1 X38.846 Y28.423
G1 X40.895 Y30.331
G1 X42.945 Y32.213
G1 X44.979 Y34.063
G1 X46.985 Y35.873
G1 X48.953 Y37.635
G1 X50.874 Y39.347
G1 X52.743 Y41.002
G1 X54.556 Y42.599
G1 X56.309 Y44.135
G1 X58.003 Y45.608
G1 X59.637 Y47.018
G1 X61.210 Y48.365
G1 X62.726 Y49.649
G1 X64.185 Y50.870
G1 X65.589 Y52.031
G1 X66.942 Y53.132
G1 X68.244 Y54.176
G1 X69.498 Y55.165
G1 X70.708 Y56.100
G1 X71.875 Y56.984
G1 X73.001 Y57.819
G1 X74.089 Y58.609
G1 X75.141 Y59.355
G1 X76.158 Y60.060
G1 X77.142 Y60.726
G1 X78.096 Y61.356
G1 X79.019 Y61.952
G1 X79.915 Y62.517
G1 X80.783 Y63.054
G1 X81.624 Y63.563
G1 X82.440 Y64.048
G1 X83.232 Y64.510
G1 X83.999 Y64.953
G1 X84.744 Y65.376
G1 X85.465 Y65.783
G1 X86.163 Y66.176
G1 X86.839 Y66.555
G1 X87.493 Y66.922
G1 X88.125 Y67.280
G1 X88.734 Y67.630
G1 X89.322 Y67.972
G1 X89.887 Y68.309
G1 X90.430 Y68.641
G1 X90.950 Y68.970
G1 X91.447 Y69.297
G1 X91.922 Y69.623
G1 X92.372 Y69.949
G1 X92.798 Y70.276
G1 X93.200 Y70.605
G1 X93.577 Y70.936
G1 X93.928 Y71.271
G1 X94.252 Y71.611
G1 X94.549 Y71.955
G1 X94.818 Y72.305
G1 X95.059 Y72.661
G1 X95.270 Y73.024
G1 X95.450 Y73.395
G1 X95.599 Y73.773
G1 X95.716 Y74.160
G1 X95.799 Y74.555
G1 X95.847 Y74.960
G1 X95.859 Y75.374
G1 X95.835 Y75.797
G1 X95.772 Y76.230
G1 X95.670 Y76.674
G1 X95.528 Y77.127
G1 X95.344 Y77.590
G1 X95.116 Y78.064
G1 X94.845 Y78.548
G1 X94.527 Y79.041
G1 X94.163 Y79.545
G1 X93.752 Y80.057
G1 X93.291 Y80.579
G1 X92.780 Y81.109
G1 X92.219 Y81.647
G1 X91.606 Y82.193
G1 X90.941 Y82.745
G1 X90.223 Y83.302
G1 X89.452 Y83.865
G1 X88.628 Y84.431
G1 X87.752 Y84.999
G1 X86.823 Y85.569
G1 X85.844 Y86.138
G1 X84.814 Y86.706
G1 X83.736 Y87.270
G1 X82.611 Y87.828
G1 X81.442 Y88.379
G1 X80.231 Y88.921
G1 X78.983 Y89.452
G1 X77.700 Y89.968
G1 X76.388 Y90.469
G1 X75.051 Y90.951
G1 X73.693 Y91.412
G1 X72.322 Y91.849
G1 X70.943 Y92.261
G1 X69.562 Y92.643
G1 X68.187 Y92.995
G1 X66.824 Y93.313
G1 X65.481 Y93.595
G1 X64.166 Y93.839
G1 X62.886 Y94.043
G1 X61.649 Y94.204
G1 X60.461 Y94.322
G1 X59.331 Y94.394
G1 X58.264 Y94.419
G1 X57.267 Y94.396
G1 X56.347 Y94.324
G1 X55.507 Y94.204
G1 X54.753 Y94.035
G1 X54.088 Y93.817
G1 X53.516 Y93.551
G1 X53.038 Y93.238
G1 X52.655 Y92.880
G1 X52.368 Y92.477
G1 X52.176 Y92.032
G1 X52.079 Y91.547
G1 X52.074 Y91.024
G1 X52.159 Y90.467
G1 X52.330 Y89.877
G1 X52.584 Y89.258
G1 X52.916 Y88.614
G1 X53.323 Y87.947
G1 X53.798 Y87.260
G1 X54.338 Y86.557
G1 X54.937 Y85.841
G1 X55.590 Y85.115
G1 X56.292 Y84.383
G1 X57.038 Y83.647
G1 X57.823 Y82.910
G1 X58.643 Y82.176
G1 X59.492 Y81.446
G1 X60.368 Y80.724
G1 X61.265 Y80.010
G1 X62.181 Y79.309
G1 X63.112 Y78.620
G1 X64.054 Y77.947
G1 X65.006 Y77.291
G1 X65.964 Y76.652
G1 X66.926 Y76.033
G1 X67.890 Y75.434
G1 X68.854 Y74.855
G1 X69.817 Y74.299
G1 X70.777 Y73.765
G1 X71.733 Y73.253
G1 X72.683 Y72.765
G1 X73.627 Y72.300
G1 X74.564 Y71.858
G1 X75.493 Y71.439
G1 X76.413 Y71.044
G1 X77.324 Y70.671
G1 X78.225 Y70.322
G1 X79.116 Y69.995
G1 X79.996 Y69.691
G1 X80.866 Y69.408
G1 X81.724 Y69.147
G1 X82.571 Y68.908
G1 X83.406 Y68.689
G1 X84.229 Y68.490
G1 X85.040 Y68.312
G1 X85.838 Y68.153
G1 X86.624 Y68.013
G1 X87.396 Y67.892
G1 X88.156 Y67.789
G1 X88.903 Y67.703
G1 X89.636 Y67.636
G1 X90.355 Y67.585
G1 X91.060 Y67.551
G1 X91.752 Y67.534
G1 X92.428 Y67.533
G1 X93.090 Y67.547
G1 X93.737 Y67.577
G1 X94.369 Y67.623
G1 X94.985 Y67.684
G1 X95.585 Y67.759
G1 X96.168 Y67.850
G1 X96.735 Y67.955
G1 X97.284 Y68.074
G1 X97.815 Y68.208
G1 X98.328 Y68.357
G1 X98.822 Y68.520
G1 X99.296 Y68.697
G1 X99.751 Y68.889
G1 X100.184 Y69.095
G1 X100.596 Y69.316
G1 X100.985 Y69.551
G1 X101.351 Y69.801
G1 X101.693 Y70.065
G1 X102.010 Y70.345
G1 X102.301 Y70.640
G1 X102.564 Y70.949
G1 X102.799 Y71.274
G1 X103.004 Y71.615
G1 X103.179 Y71.971
G1 X103.321 Y72.343
G1 X103.429 Y72.731
G1 X103.502 Y73.136
G1 X103.538 Y73.556
G1 X103.535 Y73.994
G1 X103.492 Y74.448
G1 X103.406 Y74.918
G1 X103.277 Y75.406
G1 X103.101 Y75.910
G1 X102.877 Y76.431
G1 X102.603 Y76.969
G1 X102.276 Y77.524
G1 X101.894 Y78.096
G1 X101.456 Y78.684
G1 X100.958 Y79.288
G1 X100.399 Y79.908
G1 X99.777 Y80.544
G1 X99.089 Y81.194
G1 X98.334 Y81.858
G1 X97.509 Y82.535
G1 X96.613 Y83.225
G1 X95.645 Y83.925
G1 X94.603 Y84.636
G1 X93.486 Y85.355
G1 X92.295 Y86.081
G1 X91.028 Y86.812
G1 X89.686 Y87.545
G1 X88.272 Y88.280
G1 X86.785 Y89.013
G1 X85.228 Y89.741
G1 X83.605 Y90.462
G1 X81.919 Y91.173
G1 X80.175 Y91.870
G1 X78.379 Y92.550
G1 X76.538 Y93.209
G1 X74.658 Y93.844
G1 X72.748 Y94.450
G1 X70.818 Y95.024
G1 X68.877 Y95.561
G1 X66.937 Y96.057
G1 X65.009 Y96.508
G1 X63.105 Y96.911
G1 X61.238 Y97.261
G1 X59.421 Y97.554
G1 X57.665 Y97.788
G1 X55.985 Y97.959
G1 X54.391 Y98.064
G1 X52.896 Y98.102
G1 X51.510 Y98.069
G1 X50.243 Y97.966
G1 X49.102 Y97.791
G1 X48.097 Y97.545
G1 X47.231 Y97.226
G1 X46.508 Y96.838
G1 X45.932 Y96.381
G1 X45.502 Y95.858
G1 X45.218 Y95.271
G1 X45.078 Y94.623
G1 X45.076 Y93.920
G1 X45.209 Y93.164
G1 X45.470 Y92.360
G1 X45.851 Y91.514
G1 X46.345 Y90.630
G1 X46.942 Y89.713
G1 X47.635 Y88.768
G1 X48.414 Y87.801
G1 X49.270 Y86.817
G1 X50.193 Y85.821
G1 X51.176 Y84.818
G1 X52.210 Y83.812
G1 X53.288 Y82.808
G1 X54.401 Y81.809
G1 X55.543 Y80.820
G1 X56.707 Y79.845
G1 X57.889 Y78.885
G1 X59.083 Y77.945
G1 X60.285 Y77.026
G1 X61.490 Y76.131
G1 X62.696 Y75.261
G1 X63.899 Y74.419
G1 X65.097 Y73.605
G1 X66.288 Y72.820
G1 X67.470 Y72.066
G1 X68.641 Y71.342
G1 X69.801 Y70.649
G1 X70.949 Y69.987
G1 X72.083 Y69.356
G1 X73.203 Y68.756
G1 X74.309 Y68.187
G1 X75.401 Y67.648
G1 X76.478 Y67.138
G1 X77.541 Y66.658
G1 X78.589 Y66.205
G1 X79.622 Y65.780
G1 X80.641 Y65.382
G1 X81.646 Y65.010
G1 X82.636 Y64.663
G1 X83.612 Y64.340
G1 X84.575 Y64.040
G1 X85.523 Y63.763
G1 X86.458 Y63.507
G1 X87.380 Y63.272
G1 X88.289 Y63.058
G1 X89.184 Y62.862
G1 X90.067 Y62.685
G1 X90.937 Y62.525
G1 X91.794 Y62.382
G1 X92.639 Y62.255
G1 X93.472 Y62.144
G1 X94.292 Y62.048
G1 X95.101 Y61.966
G1 X95.897 Y61.898
G1 X96.681 Y61.843
G1 X97.454 Y61.800
G1 X98.215 Y61.771
G1 X98.964 Y61.753
G1 X99.701 Y61.746
G1 X100.427 Y61.751
G1 X101.141 Y61.766
G1 X101.843 Y61.792
G1 X102.533 Y61.829
G1 X103.212 Y61.876
G1 X103.879 Y61.933
G1 X104.535 Y61.999
G1 X105.178 Y62.076
G1 X105.809 Y62.162
G1 X106.429 Y62.257
G1 X107.036 Y62.363
G1 X107.630 Y62.478
G1 X108.212 Y62.602
G1 X108.782 Y62.737
G1 X109.338 Y62.881
G1 X109.881 Y63.035
G1 X110.411 Y63.199
G1 X110.926 Y63.374
G1 X111.428 Y63.559
G1 X111.915 Y63.755
G1 X112.387 Y63.962
G1 X112.843 Y64.180
G1 X113.283 Y64.409
G1 X113.707 Y64.651
G1 X114.113 Y64.904
G1 X114.501 Y65.171
G1 X114.871 Y65.450
G1 X115.221 Y65.743
G1 X115.551 Y66.049
G1 X115.859 Y66.370
G1 X116.145 Y66.706
G1 X116.406 Y67.057
G1 X116.643 Y67.424
G1 X116.854 Y67.807
G1 X117.036 Y68.207
G1 X117.189 Y68.625
G1 X117.311 Y69.060
G1 X117.400 Y69.515
G1 X117.453 Y69.989
G1 X117.469 Y70.482
G1 X117.445 Y70.997
G1 X117.379 Y71.532
G1 X117.267 Y72.089
G1 X117.108 Y72.668
G1 X116.898 Y73.271
G1 X116.633 Y73.897
G1 X116.311 Y74.546
G1 X115.927 Y75.221
G1 X115.478 Y75.920
G1 X114.959 Y76.644
G1 X114.367 Y77.393
G1 X113.697 Y78.168
G1 X112.944 Y78.969
G1 X112.104 Y79.795
G1 X111.172 Y80.646
G1 X110.144 Y81.523
G1 X109.014 Y82.423
G1 X107.779 Y83.347
G1 X106.433 Y84.294
G1 X104.973 Y85.261
G1 X103.394 Y86.248
G1 X101.694 Y87.252
G1 X99.870 Y88.271
G1 X97.920 Y89.303
G1 X95.844 Y90.344
G1 X93.641 Y91.390
G1 X91.313 Y92.438
G1 X88.863 Y93.483
G1 X86.296 Y94.520
G1 X83.618 Y95.543
G1 X80.839 Y96.547
G1 X77.969 Y97.525
G1 X75.021 Y98.470
G1 X72.010 Y99.376
G1 X68.955 Y100.233
G1 X65.874 Y101.035
G1 X62.791 Y101.774
G1 X59.728 Y102.441
G1 X56.712 Y103.029
G1 X53.768 Y103.529
G1 X50.923 Y103.935
G1 X48.205 Y104.240
G1 X45.639 Y104.438
G1 X43.251 Y104.523
G1 X41.063 Y104.492
G1 X39.096 Y104.340
G1 X37.368 Y104.067
G1 X35.892 Y103.672
G1 X34.677 Y103.155
G1 X33.730 Y102.519
G1 X33.051 Y101.768
G1 X32.637 Y100.905
G1 X32.482 Y99.938
G1 X32.575 Y98.873
G1 X32.902 Y97.719
G1 X33.446 Y96.484
G1 X34.189 Y95.178
G1 X35.112 Y93.811
G1 X36.193 Y92.392
G1 X37.412 Y90.932
G1 X38.748 Y89.441
G1 X40.180 Y87.928
G1 X41.691 Y86.403
G1 X43.263 Y84.874
G1 X44.878 Y83.350
G1 X46.524 Y81.837
G1 X48.188 Y80.343
G1 X49.857 Y78.873
G1 X51.524 Y77.433
G1 X53.179 Y76.028
G1 X54.817 Y74.661
G1 X56.433 Y73.335
G1 X58.021 Y72.053
G1 X59.580 Y70.817
G1 X61.108 Y69.628
G1 X62.601 Y68.486
G1 X64.061 Y67.394
G1 X65.487 Y66.349
G1 X66.878 Y65.353
G1 X68.235 Y64.405
G1 X69.559 Y63.503
G1 X70.851 Y62.647
G1 X72.112 Y61.835
G1 X73.342 Y61.065
G1 X74.544 Y60.337
G1 X75.717 Y59.649
G1 X76.863 Y58.999
G1 X77.984 Y58.385
G1 X79.080 Y57.805
G1 X80.152 Y57.257
G1 X81.202 Y56.740
G1 X82.229 Y56.253
G1 X83.236 Y55.792
G1 X84.222 Y55.356
G1 X85.188 Y54.944
G1 X86.136 Y54.554
G1 X87.065 Y54.185
G1 X87.977 Y53.833
G1 X88.871 Y53.500
G1 X89.748 Y53.181
G1 X90.608 Y52.877
G1 X91.452 Y52.586
G1 X92.280 Y52.306
G1 X93.093 Y52.037
G1 X93.890 Y51.776
G1 X94.671 Y51.524
G1 X95.438 Y51.278
G1 X96.189 Y51.038
G1 X96.925 Y50.802
G1 X97.646 Y50.570
G1 X98.352 Y50.341
G1 X99.042 Y50.114
G1 X99.718 Y49.887
G1 X100.378 Y49.661
G1 X101.023 Y49.434
G1 X101.653 Y49.205
G1 X102.266 Y48.974
G1 X102.864 Y48.741
G1 X103.445 Y48.503
G1 X104.010 Y48.261
G1 X104.557 Y48.014
G1 X105.088 Y47.762
G1 X105.600 Y47.503
G1 X106.095 Y47.237
G1 X106.570 Y46.963
G1 X107.026 Y46.682
G1 X107.463 Y46.391
G1 X107.878 Y46.091
G1 X108.272 Y45.781
G1 X108.643 Y45.460
G1 X108.991 Y45.128
G1 X109.315 Y44.784
G1 X109.613 Y44.428
G1 X109.884 Y44.059
G1 X110.128 Y43.676
G1 X110.343 Y43.279
G1 X110.527 Y42.868
G1 X110.679 Y42.441
G1 X110.797 Y41.998
G1 X110.879 Y41.539
G1 X110.923 Y41.063
G1 X110.928 Y40.570
G1 X110.891 Y40.058
G1 X110.810 Y39.528
G1 X110.682 Y38.980
G1 X110.506 Y38.412
G1 X110.277 Y37.824
G1 X109.993 Y37.217
G1 X109.652 Y36.589
G1 X109.250 Y35.940
G1 X108.785 Y35.271
G1 X108.252 Y34.582
G1 X107.648 Y33.872
G1 X106.971 Y33.141
G1 X106.216 Y32.390
G1 X105.380 Y31.619
G1 X104.460 Y30.829
G1 X103.453 Y30.021
G1 X102.356 Y29.195
G1 X101.165 Y28.352
G1 X99.878 Y27.495
G1 X98.493 Y26.624
G1 X97.009 Y25.742
G1 X95.424 Y24.850
G1 X93.738 Y23.951
G1 X91.951 Y23.048
G1 X90.064 Y22.145
G1 X88.080 Y21.243
G1 X86.002 Y20.348
G1 X83.836 Y19.463
G1 X81.586 Y18.593
G1 X79.261 Y17.743
G1 X76.869 Y16.918
G1 X74.421 Y16.123
G1 X71.930 Y15.363
G1 X69.409 Y14.646
G1 X66.873 Y13.976
G1 X64.339 Y13.359
G1 X61.824 Y12.803
G1 X59.348 Y12.312
G1 X56.928 Y11.892
G1 X54.585 Y11.549
G1 X52.339 Y11.287
G1 X50.208 Y11.112
G1 X48.210 Y11.027
G1 X46.363 Y11.035
G1 X44.682 Y11.138
G1 X43.180 Y11.339
G1 X41.868 Y11.637
G1 X40.754 Y12.033
G1 X39.845 Y12.524
G1 X39.143 Y13.109
G1 X38.648 Y13.784
G1 X38.357 Y14.545
G1 X38.265 Y15.388
G1 X38.364 Y16.306
G1 X38.644 Y17.293
G1 X39.094 Y18.342
G1 X39.701 Y19.447
G1 X40.451 Y20.600
G1 X41.330 Y21.792
G1 X42.323 Y23.018
G1 X43.416 Y24.268
G1 X44.594 Y25.536
G1 X45.844 Y26.814
G1 X47.153 Y28.096
G1 X48.508 Y29.377
G1 X49.900 Y30.648
G1 X51.318 Y31.907
G1 X52.753 Y33.147
G1 X54.198 Y34.364
G1 X55.646 Y35.555
G1 X57.091 Y36.717
G1 X58.528 Y37.846
G1 X59.954 Y38.940
G1 X61.365 Y39.998
G1 X62.758 Y41.018
G1 X64.132 Y41.999
G1 X65.486 Y42.941
G1 X66.817 Y43.842
G1 X68.126 Y44.704
G1 X69.413 Y45.526
G1 X70.676 Y46.309
G1 X71.916 Y47.052
G1 X73.134 Y47.759
G1 X74.329 Y48.428
G1 X75.503 Y49.061
G1 X76.655 Y49.659
G1 X77.787 Y50.224
G1 X78.899 Y50.756
G1 X79.991 Y51.258
G1 X81.064 Y51.730
G1 X82.118 Y52.174
G1 X83.155 Y52.591
G1 X84.175 Y52.982
G1 X85.178 Y53.349
G1 X86.165 Y53.693
G1 X87.136 Y54.016
G1 X88.092 Y54.319
G1 X89.033 Y54.602
G1 X89.959 Y54.868
G1 X90.872 Y55.117
G1 X91.770 Y55.351
G1 X92.656 Y55.570
G1 X93.528 Y55.776
G1 X94.388 Y55.969
G1 X95.235 Y56.151
G1 X96.069 Y56.322
G1 X96.892 Y56.484
G1 X97.703 Y56.637
G1 X98.502 Y56.782
G1 X99.290 Y56.919
G1 X100.067 Y57.050
G1 X100.832 Y57.175
G1 X101.587 Y57.294
G1 X102.331 Y57.409
G1 X103.064 Y57.519
G1 X103.787 Y57.626
G1 X104.500 Y57.730
G1 X105.202 Y57.832
G1 X105.895 Y57.931
G1 X106.577 Y58.029
G1 X107.249 Y58.125
G1 X107.912 Y58.221
G1 X108.565 Y58.316
G1 X109.209 Y58.411
G1 X109.843 Y58.506
G1 X110.467 Y58.602
G1 X111.082 Y58.699
G1 X111.688 Y58.798
G1 X112.284 Y58.898
G1 X112.871 Y59.000
G1 X113.449 Y59.105
G1 X114.018 Y59.212
G1 X114.577 Y59.322
G1 X115.127 Y59.435
G1 X115.668 Y59.552
G1 X116.200 Y59.673
G1 X116.723 Y59.798
G1 X117.236 Y59.928
G1 X117.739 Y60.062
G1 X118.233 Y60.202
G1 X118.718 Y60.347
G1 X119.192 Y60.498
G1 X119.657 Y60.655
G1 X120.112 Y60.818
G1 X120.556 Y60.989
G1 X120.990 Y61.167
G1 X121.413 Y61.352
G1 X121.825 Y61.546
G1 X122.226 Y61.748
G1 X122.614 Y61.959
G1 X122.991 Y62.180
G1 X123.355 Y62.411
G1 X123.706 Y62.652
G1 X124.044 Y62.904
G1 X124.367 Y63.167
G1 X124.675 Y63.442
G1 X124.967 Y63.731
G1 X125.243 Y64.032
G1 X125.501 Y64.347
G1 X125.741 Y64.676
G1 X125.962 Y65.021
G1 X126.161 Y65.382
G1 X126.339 Y65.759
G1 X126.492 Y66.153
G1 X126.621 Y66.565
G1 X126.723 Y66.997
G1 X126.796 Y67.447
G1 X126.838 Y67.919
G1 X126.847 Y68.411
G1 X126.820 Y68.926
G1 X126.756 Y69.464
G1 X126.650 Y70.026
G1 X126.499 Y70.613
G1 X126.301 Y71.226
G1 X126.052 Y71.865
G1 X125.747 Y72.532
G1 X125.383 Y73.227
G1 X124.954 Y73.951
G1 X124.457 Y74.705
G1 X123.885 Y75.490
G1 X123.234 Y76.307
G1 X122.498 Y77.155
G1 X121.670 Y78.036
G1 X120.744 Y78.950
G1 X119.714 Y79.896
G1 X118.573 Y80.875
G1 X117.313 Y81.887
G1 X115.928 Y82.932
G1 X114.411 Y84.007
G1 X112.755 Y85.113
G1 X110.953 Y86.248
G1 X109.000 Y87.410
G1 X106.889 Y88.597
G1 X104.616 Y89.805
G1 X102.177 Y91.032
G1 X99.570 Y92.274
G1 X96.794 Y93.525
G1 X93.851 Y94.781
G1 X90.745 Y96.035
G1 X87.481 Y97.281
G1 X84.068 Y98.510
G1 X80.520 Y99.716
G1 X76.851 Y100.888
G1 X73.082 Y102.018
G1 X69.236 Y103.094
G1 X65.339 Y104.106
G1 X61.422 Y105.043
G1 X57.519 Y105.893
G1 X53.667 Y106.645
G1 X49.905 Y107.288
G1 X46.271 Y107.812
G1 X42.806 Y108.205
G1 X39.551 Y108.460
G1 X36.541 Y108.568
G1 X33.812 Y108.523
G1 X31.394 Y108.320
G1 X29.311 Y107.957
G1 X27.581 Y107.432
G1 X26.218 Y106.748
G1 X25.225 Y105.908
G1 X24.600 Y104.917
G1 X24.334 Y103.784
G1 X24.412 Y102.517
G1 X24.813 Y101.127
G1 X25.511 Y99.626
G1 X26.478 Y98.028
G1 X27.682 Y96.347
G1 X29.091 Y94.596
G1 X30.672 Y92.790
G1 X32.393 Y90.943
G1 X34.225 Y89.069
G1 X36.139 Y87.180
G1 X38.109 Y85.288
G1 X40.112 Y83.404
G1 X42.129 Y81.540
G1 X44.141 Y79.702
G1 X46.136 Y77.900
G1 X48.100 Y76.139
G1 X50.026 Y74.426
G1 X51.906 Y72.765
G1 X53.735 Y71.159
G1 X55.509 Y69.612
G1 X57.226 Y68.125
G1 X58.886 Y66.700
G1 X60.489 Y65.336
G1 X62.035 Y64.034
G1 X63.525 Y62.794
G1 X64.961 Y61.615
G1 X66.346 Y60.494
G1 X67.681 Y59.431
G1 X68.968 Y58.424
G1 X70.210 Y57.471
G1 X71.409 Y56.569
G1 X72.568 Y55.716
G1 X73.688 Y54.910
G1 X74.772 Y54.148
G1 X75.821 Y53.429
G1 X76.837 Y52.749
G1 X77.821 Y52.106
G1 X78.776 Y51.497
G1 X79.702 Y50.921
G1 X80.601 Y50.375
G1 X81.473 Y49.857
G1 X82.320 Y49.364
G1 X83.143 Y48.895
G1 X83.942 Y48.447
G1 X84.717 Y48.018
G1 X85.469 Y47.607
G1 X86.200 Y47.212
G1 X86.908 Y46.830
G1 X87.594 Y46.461
G1 X88.258 Y46.102
G1 X88.901 Y45.753
G1 X89.522 Y45.412
G1 X90.122 Y45.076
G1 X90.700 Y44.746
G1 X91.256 Y44.420
G1 X91.789 Y44.097
G1 X92.300 Y43.775
G1 X92.789 Y43.453
G1 X93.254 Y43.131
G1 X93.695 Y42.808
G1 X94.112 Y42.482
G1 X94.504 Y42.153
G1 X94.871 Y41.821
G1 X95.211 Y41.483
G1 X95.525 Y41.140
G1 X95.811 Y40.791
G1 X96.069 Y40.435
G1 X96.297 Y40.072
G1 X96.495 Y39.701
G1 X96.661 Y39.321
G1 X96.796 Y38.933
G1 X96.896 Y38.535
G1 X96.962 Y38.128
G1 X96.992 Y37.711
G1 X96.986 Y37.284
G1 X96.940 Y36.846
G1 X96.856 Y36.397
G1 X96.730 Y35.938
G1 X96.562 Y35.467
G1 X96.350 Y34.986
G1 X96.093 Y34.493
G1 X95.789 Y33.990
G1 X95.438 Y33.477
G1 X95.038 Y32.952
G1 X94.587 Y32.418
G1 X94.085 Y31.874
G1 X93.530 Y31.321
G1 X92.922 Y30.760
G1 X92.259 Y30.190
G1 X91.541 Y29.614
G1 X90.767 Y29.032
G1 X89.937 Y28.444
G1 X89.051 Y27.853
G1 X88.109 Y27.259
G1 X87.112 Y26.664
G1 X86.061 Y26.070
G1 X84.957 Y25.478
G1 X83.802 Y24.889
G1 X82.598 Y24.307
G1 X81.347 Y23.733
G1 X80.054 Y23.169
G1 X78.721 Y22.618
G1 X77.352 Y22.082
G1 X75.954 Y21.564
G1 X74.530 Y21.066
G1 X73.087 Y20.591
G1 X71.631 Y20.141
G1 X70.169 Y19.721
G1 X68.709 Y19.331
G1 X67.257 Y18.976
G1 X65.822 Y18.657
G1 X64.411 Y18.377
G1 X63.034 Y18.138
G1 X61.698 Y17.944
G1 X60.411 Y17.795
G1 X59.182 Y17.694
G1 X58.018 Y17.642
G1 X56.925 Y17.640
G1 X55.911 Y17.690
G1 X54.982 Y17.792
G1 X54.143 Y17.946
G1 X53.398 Y18.152
G1 X52.751 Y18.409
G1 X52.204 Y18.718
G1 X51.759 Y19.075
G1 X51.417 Y19.481
G1 X51.178 Y19.932
G1 X51.040 Y20.428
G1 X51.002 Y20.964
G1 X51.061 Y21.538
G1 X51.214 Y22.148
G1 X51.455 Y22.790
G1 X51.782 Y23.461
G1 X52.189 Y24.158
G1 X52.671 Y24.876
G1 X53.223 Y25.612
G1 X53.838 Y26.363
G1 X54.511 Y27.126
G1 X55.237 Y27.896
G1 X56.010 Y28.671
G1 X56.825 Y29.447
G1 X57.677 Y30.222
G1 X58.561 Y30.993
G1 X59.472 Y31.756
G1 X60.406 Y32.510
G1 X61.359 Y33.252
G1 X62.328 Y33.980
G1 X63.308 Y34.692
G1 X64.298 Y35.387
G1 X65.294 Y36.064
G1 X66.294 Y36.720
G1 X67.295 Y37.355
G1 X68.296 Y37.968
G1 X69.295 Y38.558
G1 X70.290 Y39.125
G1 X71.281 Y39.667
G1 X72.265 Y40.186
G1 X73.243 Y40.680
G1 X74.212 Y41.150
G1 X75.173 Y41.596
G1 X76.125 Y42.017
G1 X77.067 Y42.414
G1 X77.998 Y42.788
G1 X78.919 Y43.138
G1 X79.829 Y43.464
G1 X80.728 Y43.768
G1 X81.615 Y44.050
G1 X82.490 Y44.309
G1 X83.353 Y44.547
G1 X84.204 Y44.764
G1 X85.043 Y44.961
G1 X85.869 Y45.138
G1 X86.683 Y45.295
G1 X87.484 Y45.433
G1 X88.272 Y45.553
G1 X89.047 Y45.655
G1 X89.808 Y45.738
G1 X90.557 Y45.805
G1 X91.291 Y45.855
G1 X92.012 Y45.888
G1 X92.719 Y45.905
G1 X93.412 Y45.907
G1 X94.090 Y45.892
G1 X94.753 Y45.863
G1 X95.402 Y45.819
G1 X96.036 Y45.760
G1 X96.654 Y45.686
G1 X97.256 Y45.598
G1 X97.841 Y45.495
G1 X98.410 Y45.379
G1 X98.962 Y45.248
G1 X99.497 Y45.103
G1 X100.013 Y44.944
G1 X100.510 Y44.772
G1 X100.989 Y44.585
G1 X101.447 Y44.384
G1 X101.885 Y44.168
G1 X102.301 Y43.939
G1 X102.695 Y43.695
G1 X103.067 Y43.437
G1 X103.414 Y43.164
G1 X103.737 Y42.876
G1 X104.034 Y42.573
G1 X104.303 Y42.255
G1 X104.545 Y41.921
G1 X104.756 Y41.572
G1 X104.938 Y41.206
G1 X105.086 Y40.825
G1 X105.201 Y40.427
G1 X105.281 Y40.013
G1 X105.324 Y39.582
G1 X105.327 Y39.134
G1 X105.290 Y38.668
G1 X105.211 Y38.185
G1 X105.086 Y37.685
G1 X104.915 Y37.167
G1 X104.694 Y36.631
G1 X104.423 Y36.078
G1 X104.097 Y35.506
G1 X103.715 Y34.917
G1 X103.275 Y34.310
G1 X102.774 Y33.686
G1 X102.209 Y33.045
G1 X101.578 Y32.387
G1 X100.879 Y31.713
G1 X100.108 Y31.023
G1 X99.265 Y30.318
G1 X98.347 Y29.600
G1 X97.353 Y28.869
G1 X96.279 Y28.126
G1 X95.126 Y27.373
G1 X93.893 Y26.611
G1 X92.578 Y25.843
G1 X91.182 Y25.071
G1 X89.707 Y24.295
G1 X88.152 Y23.521
G1 X86.520 Y22.749
G1 X84.814 Y21.983
G1 X83.038 Y21.226
G1 X81.197 Y20.482
G1 X79.296 Y19.754
G1 X77.341 Y19.046
G1 X75.342 Y18.363
G1 X73.306 Y17.709
G1 X71.243 Y17.088
G1 X69.165 Y16.504
G1 X67.084 Y15.962
G1 X65.011 Y15.467
G1 X62.960 Y15.024
G1 X60.946 Y14.635
G1 X58.982 Y14.306
G1 X57.082 Y14.041
G1 X55.261 Y13.843
G1 X53.531 Y13.714
G1 X51.908 Y13.659
G1 X50.402 Y13.679
G1 X49.024 Y13.775
G1 X47.784 Y13.949
G1 X46.691 Y14.200
G1 X45.750 Y14.529
G1 X44.966 Y14.934
G1 X44.341 Y15.414
G1 X43.877 Y15.966
G1 X43.572 Y16.587
G1 X43.424 Y17.274
G1 X43.427 Y18.022
G1 X43.576 Y18.827
G1 X43.864 Y19.683
G1 X44.282 Y20.586
G1 X44.821 Y21.530
G1 X45.471 Y22.509
G1 X46.223 Y23.517
G1 X47.065 Y24.549
G1 X47.988 Y25.599
G1 X48.982 Y26.662
G1 X50.036 Y27.732
G1 X51.143 Y28.804
G1 X52.292 Y29.873
G1 X53.476 Y30.935
G1 X54.688 Y31.986
G1 X55.921 Y33.023
G1 X57.169 Y34.041
G1 X58.427 Y35.038
G1 X59.689 Y36.011
G1 X60.953 Y36.958
G1 X62.213 Y37.877
G1 X63.469 Y38.767
G1 X64.716 Y39.626
G1 X65.953 Y40.453
G1 X67.178 Y41.248
G1 X68.391 Y42.010
G1 X69.589 Y42.739
G1 X70.772 Y43.434
G1 X71.940 Y44.097
G1 X73.092 Y44.727
G1 X74.229 Y45.325
G1 X75.349 Y45.891
G1 X76.453 Y46.426
G1 X77.540 Y46.931
G1 X78.612 Y47.407
G1 X79.668 Y47.854
G1 X80.709 Y48.273
G1 X81.734 Y48.666
G1 X82.744 Y49.033
G1 X83.740 Y49.375
G1 X84.720 Y49.693
G1 X85.687 Y49.989
G1 X86.640 Y50.263
G1 X87.579 Y50.516
G1 X88.504 Y50.749
G1 X89.416 Y50.964
G1 X90.315 Y51.160
G1 X91.202 Y51.338
G1 X92.075 Y51.501
G1 X92.937 Y51.647
G1 X93.786 Y51.779
G1 X94.623 Y51.897
G1 X95.449 Y52.000
G1 X96.262 Y52.091
G1 X97.065 Y52.170
G1 X97.855 Y52.237
G1 X98.635 Y52.292
G1 X99.403 Y52.337
G1 X100.160 Y52.371
G1 X100.907 Y52.396
G1 X101.642 Y52.411
G1 X102.367 Y52.417
G1 X103.080 Y52.413
G1 X103.784 Y52.402
G1 X104.476 Y52.381
G1 X105.158 Y52.353
G1 X105.830 Y52.317
G1 X106.491 Y52.272
G1 X107.142 Y52.220
G1 X107.782 Y52.161
G1 X108.412 Y52.094
G1 X109.031 Y52.019
G1 X109.640 Y51.937
G1 X110.238 Y51.847
G1 X110.826 Y51.750
G1 X111.402 Y51.645
G1 X111.969 Y51.533
G1 X112.524 Y51.412
G1 X113.068 Y51.284
G1 X113.601 Y51.148
G1 X114.123 Y51.004
G1 X114.633 Y50.851
G1 X115.132 Y50.689
G1 X115.618 Y50.519
G1 X116.092 Y50.339
G1 X116.554 Y50.150
G1 X117.003 Y49.951
G1 X117.438 Y49.742
G1 X117.859 Y49.523
G1 X118.267 Y49.293
G1 X118.659 Y49.052
G1 X119.036 Y48.799
G1 X119.397 Y48.534
G1 X119.741 Y48.256
G1 X120.067 Y47.965
G1 X120.375 Y47.661
G1 X120.663 Y47.343
G1 X120.932 Y47.010
G1 X121.178 Y46.662
G1 X121.402 Y46.297
G1 X121.601 Y45.917
G1 X121.775 Y45.519
G1 X121.921 Y45.103
G1 X122.038 Y44.669
G1 X122.125 Y44.216
G1 X122.178 Y43.742
G1 X122.196 Y43.248
G1 X122.176 Y42.733
G1 X122.116 Y42.195
G1 X122.013 Y41.635
G1 X121.864 Y41.051
G1 X121.665 Y40.442
G1 X121.414 Y39.808
G1 X121.105 Y39.148
G1 X120.736 Y38.462
G1 X120.302 Y37.749
G1 X119.799 Y37.008
G1 X119.221 Y36.239
G1 X118.565 Y35.441
G1 X117.824 Y34.614
G1 X116.993 Y33.758
G1 X116.068 Y32.873
G1 X115.041 Y31.958
G1 X113.907 Y31.015
G1 X112.661 Y30.044
G1 X111.296 Y29.045
G1 X109.808 Y28.020
G1 X108.190 Y26.970
G1 X106.438 Y25.896
G1 X104.547 Y24.802
G1 X102.513 Y23.688
G1 X100.335 Y22.559
G1 X98.010 Y21.418
G1 X95.537 Y20.269
G1 X92.919 Y19.116
G1 X90.158 Y17.965
G1 X87.259 Y16.821
G1 X84.231 Y15.692
G1 X81.082 Y14.583
G1 X77.827 Y13.503
G1 X74.481 Y12.460
G1 X71.062 Y11.462
G1 X67.593 Y10.519
G1 X64.097 Y9.640
G1 X60.603 Y8.835
G1 X57.139 Y8.112
G1 X53.738 Y7.483
G1 X50.431 Y6.955
G1 X47.252 Y6.538
G1 X44.235 Y6.240
G1 X41.411 Y6.067
G1 X38.809 Y6.026
G1 X36.458 Y6.122
G1 X34.380 Y6.357
G1 X32.594 Y6.734
G1 X31.115 Y7.251
G1 X29.951 Y7.908
G1 X29.105 Y8.701
G1 X28.574 Y9.624
G1 X28.351 Y10.671
G1 X28.422 Y11.833
G1 X28.772 Y13.102
G1 X29.378 Y14.466
G1 X30.219 Y15.915
G1 X31.268 Y17.437
G1 X32.501 Y19.019
G1 X33.889 Y20.651
G1 X35.409 Y22.318
G1 X37.033 Y24.012
G1 X38.740 Y25.719
G1 X40.507 Y27.430
G1 X42.315 Y29.135
G1 X44.146 Y30.826
G1 X45.987 Y32.494
G1 X47.823 Y34.133
G1 X49.644 Y35.736
G1 X51.442 Y37.300
G1 X53.209 Y38.818
G1 X54.941 Y40.288
G1 X56.633 Y41.707
G1 X58.282 Y43.074
G1 X59.888 Y44.386
G1 X61.448 Y45.643
G1 X62.964 Y46.845
G1 X64.434 Y47.993
G1 X65.861 Y49.086
G1 X67.245 Y50.125
G1 X68.588 Y51.112
G1 X69.891 Y52.049
G1 X71.156 Y52.936
G1 X72.384 Y53.777
G1 X73.578 Y54.572
G1 X74.738 Y55.323
G1 X75.866 Y56.034
G1 X76.964 Y56.705
G1 X78.033 Y57.339
G1 X79.075 Y57.939
G1 X80.090 Y58.506
G1 X81.080 Y59.042
G1 X82.045 Y59.550
G1 X82.987 Y60.031
G1 X83.907 Y60.488
G1 X84.805 Y60.923
G1 X85.681 Y61.336
G1 X86.537 Y61.731
G1 X87.373 Y62.109
G1 X88.189 Y62.471
G1 X88.986 Y62.820
G1 X89.764 Y63.156
G1 X90.523 Y63.481
G1 X91.263 Y63.797
G1 X91.984 Y64.105
G1 X92.687 Y64.406
G1 X93.371 Y64.702
G1 X94.036 Y64.994
G1 X94.683 Y65.282
G1 X95.311 Y65.568
G1 X95.919 Y65.854
G1 X96.508 Y66.139
G1 X97.077 Y66.425
G1 X97.627 Y66.713
G1 X98.155 Y67.004
G1 X98.663 Y67.298
G1 X99.149 Y67.597
G1 X99.613 Y67.901
G1 X100.055 Y68.211
G1 X100.473 Y68.528
G1 X100.867 Y68.851
G1 X101.237 Y69.183
G1 X101.580 Y69.524
G1 X101.897 Y69.873
G1 X102.186 Y70.233
G1 X102.447 Y70.603
G1 X102.677 Y70.984
G1 X102.877 Y71.376
G1 X103.044 Y71.780
G1 X103.177 Y72.197
G1 X103.275 Y72.627
G1 X103.336 Y73.071
G1 X103.359 Y73.528
G1 X103.342 Y73.999
G1 X103.282 Y74.485
G1 X103.180 Y74.985
G1 X103.031 Y75.500
G1 X102.835 Y76.031
G1 X102.589 Y76.577
G1 X102.291 Y77.138
G1 X101.939 Y77.715
G1 X101.532 Y78.307
G1 X101.066 Y78.914
G1 X100.539 Y79.536
G1 X99.950 Y80.173
G1 X99.296 Y80.823
G1 X98.575 Y81.488
G1 X97.785 Y82.165
G1 X96.926 Y82.854
G1 X95.994 Y83.555
G1 X94.989 Y84.265
G1 X93.910 Y84.984
G1 X92.756 Y85.710
G1 X91.527 Y86.441
G1 X90.223 Y87.176
G1 X88.845 Y87.912
G1 X87.395 Y88.647
G1 X85.874 Y89.379
G1 X84.285 Y90.104
G1 X82.631 Y90.821
G1 X80.918 Y91.525
G1 X79.150 Y92.213
G1 X77.333 Y92.882
G1 X75.475 Y93.528
G1 X73.583 Y94.147
G1 X71.666 Y94.736
G1 X69.734 Y95.289
G1 X67.799 Y95.804
G1 X65.869 Y96.275
G1 X63.959 Y96.700
G1 X62.080 Y97.073
G1 X60.244 Y97.392
G1 X58.464 Y97.653
G1 X56.754 Y97.853
G1 X55.125 Y97.988
G1 X53.589 Y98.056
G1 X52.156 Y98.055
G1 X50.839 Y97.985
G1 X49.644 Y97.843
G1 X48.580 Y97.629
G1 X47.653 Y97.344
G1 X46.868 Y96.988
G1 X46.227 Y96.563
G1 X45.732 Y96.070
G1 X45.384 Y95.513
G1 X45.179 Y94.894
G1 X45.116 Y94.218
G1 X45.188 Y93.487
G1 X45.391 Y92.706
G1 X45.717 Y91.881
G1 X46.159 Y91.015
G1 X46.709 Y90.115
G1 X47.358 Y89.184
G1 X48.097 Y88.229
G1 X48.917 Y87.255
G1 X49.808 Y86.266
G1 X50.763 Y85.268
G1 X51.773 Y84.265
G1 X52.829 Y83.262
G1 X53.924 Y82.263
G1 X55.051 Y81.271
G1 X56.204 Y80.292
G1 X57.376 Y79.327
G1 X58.563 Y78.379
G1 X59.760 Y77.453
G1 X60.962 Y76.548
G1 X62.166 Y75.669
G1 X63.368 Y74.816
G1 X64.567 Y73.990
G1 X65.760 Y73.194
G1 X66.944 Y72.427
G1 X68.119 Y71.691
G1 X69.283 Y70.985
G1 X70.435 Y70.310
G1 X71.574 Y69.667
G1 X72.699 Y69.054
G1 X73.811 Y68.472
G1 X74.908 Y67.920
G1 X75.991 Y67.398
G1 X77.059 Y66.905
G1 X78.113 Y66.441
G1 X79.152 Y66.004
G1 X80.177 Y65.595
G1 X81.187 Y65.212
G1 X82.183 Y64.854
G1 X83.165 Y64.521
G1 X84.133 Y64.212
G1 X85.087 Y63.925
G1 X86.027 Y63.660
G1 X86.954 Y63.417
G1 X87.868 Y63.194
G1 X88.769 Y62.990
G1 X89.657 Y62.805
G1 X90.532 Y62.638
G1 X91.394 Y62.488
G1 X92.244 Y62.355
G1 X93.082 Y62.238
G1 X93.907 Y62.135
G1 X94.720 Y62.048
G1 X95.521 Y61.974
G1 X96.310 Y61.914
G1 X97.088 Y61.867
G1 X97.853 Y61.832
G1 X98.607 Y61.810
G1 X99.348 Y61.799
G1 X100.079 Y61.800
G1 X100.797 Y61.811
G1 X101.504 Y61.834
G1 X102.199 Y61.867
G1 X102.882 Y61.910
G1 X103.553 Y61.963
G1 X104.213 Y62.027
G1 X104.861 Y62.100
G1 X105.496 Y62.183
G1 X106.120 Y62.276
G1 X106.731 Y62.378
G1 X107.330 Y62.491
G1 X107.916 Y62.612
G1 X108.490 Y62.744
G1 X109.050 Y62.886
G1 X109.598 Y63.037
G1 X110.132 Y63.199
G1 X110.652 Y63.371
G1 X111.157 Y63.553
G1 X111.649 Y63.746
G1 X112.125 Y63.950
G1 X112.586 Y64.165
G1 X113.031 Y64.392
G1 X113.459 Y64.631
G1 X113.870 Y64.882
G1 X114.264 Y65.145
G1 X114.638 Y65.421
G1 X114.993 Y65.710
G1 X115.328 Y66.014
G1 X115.642 Y66.331
G1 X115.933 Y66.663
G1 X116.201 Y67.011
G1 X116.444 Y67.374
G1 X116.661 Y67.753
G1 X116.850 Y68.150
G1 X117.010 Y68.563
G1 X117.139 Y68.995
G1 X117.236 Y69.445
G1 X117.297 Y69.914
G1 X117.322 Y70.403
G1 X117.307 Y70.912
G1 X117.251 Y71.442
G1 X117.150 Y71.994
G1 X117.001 Y72.568
G1 X116.803 Y73.165
G1 X116.550 Y73.785
G1 X116.241 Y74.429
G1 X115.871 Y75.097
G1 X115.437 Y75.789
G1 X114.934 Y76.507
G1 X114.359 Y77.250
G1 X113.707 Y78.018
G1 X112.973 Y78.812
G1 X112.154 Y79.631
G1 X111.243 Y80.476
G1 X110.238 Y81.345
G1 X109.132 Y82.239
G1 X107.922 Y83.156
G1 X106.603 Y84.096
G1 X105.170 Y85.056
G1 X103.621 Y86.037
G1 X101.951 Y87.035
G1 X100.158 Y88.048
G1 X98.240 Y89.075
G1 X96.197 Y90.111
G1 X94.027 Y91.153
G1 X91.732 Y92.198
G1 X89.315 Y93.240
G1 X86.781 Y94.276
G1 X84.136 Y95.299
G1 X81.387 Y96.304
G1 X78.546 Y97.285
G1 X75.624 Y98.234
G1 X72.637 Y99.145
G1 X69.601 Y100.010
G1 X66.537 Y100.821
G1 X63.465 Y101.570
G1 X60.408 Y102.250
G1 X57.393 Y102.853
G1 X54.443 Y103.370
G1 X51.588 Y103.795
G1 X48.852 Y104.121
G1 X46.262 Y104.341
G1 X43.844 Y104.450
G1 X41.621 Y104.443
G1 X39.613 Y104.318
G1 X37.839 Y104.072
G1 X36.313 Y103.705
G1 X35.045 Y103.216
G1 X34.043 Y102.608
G1 X33.307 Y101.884
G1 X32.836 Y101.048
G1 X32.625 Y100.107
G1 X32.662 Y99.067
G1 X32.936 Y97.937
G1 X33.430 Y96.724
G1 X34.126 Y95.438
G1 X35.005 Y94.088
G1 X36.047 Y92.685
G1 X37.231 Y91.239
G1 X38.536 Y89.760
G1 X39.943 Y88.257
G1 X41.431 Y86.739
G1 X42.984 Y85.216
G1 X44.585 Y83.695
G1 X46.219 Y82.185
G1 X47.874 Y80.691
G1 X49.538 Y79.221
G1 X51.201 Y77.779
G1 X52.855 Y76.370
G1 X54.493 Y74.999
G1 X56.110 Y73.667
G1 X57.702 Y72.379
G1 X59.265 Y71.137
G1 X60.797 Y69.940
G1 X62.296 Y68.792
G1 X63.762 Y67.691
G1 X65.193 Y66.639
G1 X66.591 Y65.635
G1 X67.955 Y64.679
G1 X69.285 Y63.769
G1 X70.584 Y62.905
G1 X71.851 Y62.085
G1 X73.088 Y61.308
G1 X74.296 Y60.573
G1 X75.476 Y59.878
G1 X76.628 Y59.221
G1 X77.755 Y58.600
G1 X78.857 Y58.014
G1 X79.935 Y57.461
G1 X80.990 Y56.939
G1 X82.024 Y56.446
G1 X83.036 Y55.981
G1 X84.027 Y55.541
G1 X84.999 Y55.126
G1 X85.952 Y54.732
G1 X86.887 Y54.359
G1 X87.804 Y54.005
G1 X88.703 Y53.669
G1 X89.586 Y53.349
G1 X90.451 Y53.043
G1 X91.301 Y52.750
G1 X92.134 Y52.470
G1 X92.952 Y52.200
G1 X93.754 Y51.939
G1 X94.541 Y51.686
G1 X95.313 Y51.440
G1 X96.070 Y51.201
G1 X96.812 Y50.966
G1 X97.538 Y50.735
G1 X98.250 Y50.508
G1 X98.947 Y50.282
G1 X99.629 Y50.058
G1 X100.296 Y49.834
G1 X100.947 Y49.609
G1 X101.583 Y49.383
G1 X102.204 Y49.156
G1 X102.809 Y48.925
G1 X103.397 Y48.691
G1 X103.970 Y48.453
G1 X104.526 Y48.211
G1 X105.064 Y47.962
G1 X105.586 Y47.708
G1 X106.089 Y47.447
G1 X106.574 Y47.179
G1 X107.040 Y46.902
G1 X107.487 Y46.617
G1 X107.913 Y46.323
G1 X108.318 Y46.019
G1 X108.702 Y45.705
G1 X109.062 Y45.380
G1 X109.399 Y45.043
G1 X109.712 Y44.694
G1 X109.998 Y44.332
G1 X110.257 Y43.957
G1 X110.489 Y43.568
G1 X110.690 Y43.165
G1 X110.860 Y42.746
G1 X110.997 Y42.313
G1 X111.100 Y41.862
G1 X111.166 Y41.395
G1 X111.194 Y40.911
G1 X111.181 Y40.410
G1 X111.125 Y39.889
G1 X111.024 Y39.351
G1 X110.876 Y38.792
G1 X110.677 Y38.215
G1 X110.425 Y37.617
G1 X110.116 Y36.999
G1 X109.749 Y36.361
G1 X109.320 Y35.702
G1 X108.825 Y35.022
G1 X108.261 Y34.321
G1 X107.625 Y33.600
G1 X106.913 Y32.857
G1 X106.122 Y32.095
G1 X105.248 Y31.313
G1 X104.288 Y30.511
G1 X103.239 Y29.692
G1 X102.098 Y28.854
G1 X100.862 Y28.001
G1 X99.528 Y27.133
G1 X98.094 Y26.253
G1 X96.560 Y25.361
G1 X94.923 Y24.461
G1 X93.185 Y23.554
G1 X91.345 Y22.645
G1 X89.405 Y21.736
G1 X87.368 Y20.831
G1 X85.237 Y19.933
G1 X83.020 Y19.048
G1 X80.720 Y18.179
G1 X78.348 Y17.332
G1 X75.913 Y16.512
G1 X73.426 Y15.725
G1 X70.900 Y14.976
G1 X68.350 Y14.272
G1 X65.791 Y13.618
G1 X63.241 Y13.020
G1 X60.718 Y12.485
G1 X58.241 Y12.019
G1 X55.830 Y11.627
G1 X53.505 Y11.314
G1 X51.285 Y11.086
G1 X49.189 Y10.946
G1 X47.236 Y10.899
G1 X45.441 Y10.946
G1 X43.821 Y11.091
G1 X42.386 Y11.335
G1 X41.148 Y11.677
G1 X40.113 Y12.116
G1 X39.287 Y12.652
G1 X38.670 Y13.280
G1 X38.261 Y13.999
G1 X38.057 Y14.802
G1 X38.050 Y15.685
G1 X38.233 Y16.641
G1 X38.593 Y17.664
G1 X39.120 Y18.747
G1 X39.799 Y19.883
G1 X40.616 Y21.063
G1 X41.557 Y22.281
G1 X42.605 Y23.527
G1 X43.748 Y24.796
G1 X44.970 Y26.079
G1 X46.259 Y27.370
G1 X47.600 Y28.662
G1 X48.984 Y29.949
G1 X50.399 Y31.225
G1 X51.835 Y32.485
G1 X53.285 Y33.725
G1 X54.741 Y34.939
G1 X56.196 Y36.126
G1 X57.646 Y37.281
G1 X59.086 Y38.403
G1 X60.512 Y39.488
G1 X61.922 Y40.536
G1 X63.313 Y41.546
G1 X64.683 Y42.515
G1 X66.032 Y43.445
G1 X67.358 Y44.335
G1 X68.660 Y45.184
G1 X69.940 Y45.993
G1 X71.196 Y46.763
G1 X72.429 Y47.494
G1 X73.639 Y48.188
G1 X74.827 Y48.845
G1 X75.993 Y49.466
G1 X77.137 Y50.053
G1 X78.261 Y50.606
G1 X79.365 Y51.128
G1 X80.450 Y51.619
G1 X81.515 Y52.082
G1 X82.563 Y52.516
G1 X83.592 Y52.924
G1 X84.605 Y53.307
G1 X85.601 Y53.667
G1 X86.581 Y54.004
G1 X87.545 Y54.321
G1 X88.494 Y54.617
G1 X89.429 Y54.896
G1 X90.349 Y55.157
G1 X91.255 Y55.402
G1 X92.147 Y55.632
G1 X93.026 Y55.848
G1 X93.892 Y56.051
G1 X94.745 Y56.242
G1 X95.586 Y56.423
G1 X96.415 Y56.593
G1 X97.231 Y56.755
G1 X98.036 Y56.908
G1 X98.829 Y57.053
G1 X99.611 Y57.191
G1 X100.381 Y57.324
G1 X101.141 Y57.451
G1 X101.889 Y57.573
G1 X102.627 Y57.690
G1 X103.354 Y57.804
G1 X104.071 Y57.915
G1 X104.777 Y58.024
G1 X105.473 Y58.130
G1 X106.159 Y58.235
G1 X106.835 Y58.338
G1 X107.500 Y58.441
G1 X108.156 Y58.544
G1 X108.802 Y58.646
G1 X109.439 Y58.749
G1 X110.065 Y58.853
G1 X110.682 Y58.958
G1 X111.290 Y59.065
G1 X111.888 Y59.173
G1 X112.476 Y59.284
G1 X113.055 Y59.397
G1 X113.624 Y59.514
G1 X114.183 Y59.633
G1 X114.733 Y59.757
G1 X115.274 Y59.884
G1 X115.805 Y60.015
G1 X116.326 Y60.151
G1 X116.837 Y60.292
G1 X117.338 Y60.439
G1 X117.829 Y60.591
G1 X118.310 Y60.748
G1 X118.781 Y60.913
G1 X119.241 Y61.084
G1 X119.691 Y61.262
G1 X120.129 Y61.448
G1 X120.556 Y61.642
G1 X120.971 Y61.844
G1 X121.374 Y62.054
G1 X121.765 Y62.275
G1 X122.143 Y62.505
G1 X122.508 Y62.745
G1 X122.859 Y62.996
G1 X123.195 Y63.258
G1 X123.517 Y63.532
G1 X123.822 Y63.818
G1 X124.111 Y64.117
G1 X124.382 Y64.430
G1 X124.634 Y64.758
G1 X124.867 Y65.100
G1 X125.078 Y65.457
G1 X125.268 Y65.831
G1 X125.434 Y66.222
G1 X125.575 Y66.630
G1 X125.689 Y67.057
G1 X125.775 Y67.504
G1 X125.829 Y67.970
G1 X125.851 Y68.457
G1 X125.837 Y68.967
G1 X125.786 Y69.498
G1 X125.693 Y70.053
G1 X125.557 Y70.633
G1 X125.374 Y71.238
G1 X125.140 Y71.868
G1 X124.852 Y72.526
G1 X124.505 Y73.212
G1 X124.095 Y73.926
G1 X123.618 Y74.669
G1 X123.068 Y75.442
G1 X122.439 Y76.246
G1 X121.728 Y77.081
G1 X120.927 Y77.948
G1 X120.030 Y78.847
G1 X119.031 Y79.778
G1 X117.924 Y80.740
G1 X116.702 Y81.735
G1 X115.358 Y82.761
G1 X113.886 Y83.818
G1 X112.278 Y84.904
G1 X110.528 Y86.019
G1 X108.631 Y87.160
G1 X106.582 Y88.325
G1 X104.374 Y89.511
G1 X102.006 Y90.716
G1 X99.475 Y91.935
G1 X96.779 Y93.164
G1 X93.921 Y94.397
G1 X90.903 Y95.630
G1 X87.732 Y96.855
G1 X84.415 Y98.065
G1 X80.964 Y99.252
G1 X77.395 Y100.408
G1 X73.725 Y101.523
G1 X69.977 Y102.588
G1 X66.176 Y103.591
G1 X62.351 Y104.523
G1 X58.534 Y105.372
G1 X54.759 Y106.128
G1 X51.064 Y106.778
G1 X47.487 Y107.314
G1 X44.066 Y107.725
G1 X40.840 Y108.003
G1 X37.845 Y108.138
G1 X35.115 Y108.126
G1 X32.680 Y107.962
G1 X30.564 Y107.641
G1 X28.787 Y107.164
G1 X27.362 Y106.530
G1 X26.296 Y105.744
G1 X25.587 Y104.810
G1 X25.229 Y103.735
G1 X25.210 Y102.527
G1 X25.509 Y101.197
G1 X26.105 Y99.756
G1 X26.970 Y98.217
G1 X28.075 Y96.592
G1 X29.390 Y94.896
G1 X30.882 Y93.142
G1 X32.522 Y91.344
G1 X34.279 Y89.515
G1 X36.127 Y87.668
G1 X38.039 Y85.815
G1 X39.992 Y83.966
G1 X41.966 Y82.132
G1 X43.944 Y80.322
G1 X45.911 Y78.544
G1 X47.854 Y76.805
G1 X49.765 Y75.109
G1 X51.635 Y73.463
G1 X53.458 Y71.871
G1 X55.232 Y70.334
G1 X56.952 Y68.855
G1 X58.618 Y67.436
G1 X60.229 Y66.077
G1 X61.786 Y64.778
G1 X63.289 Y63.540
G1 X64.741 Y62.362
G1 X66.141 Y61.241
G1 X67.494 Y60.178
G1 X68.800 Y59.169
G1 X70.061 Y58.214
G1 X71.281 Y57.311
G1 X72.460 Y56.456
G1 X73.601 Y55.648
G1 X74.707 Y54.884
G1 X75.778 Y54.163
G1 X76.816 Y53.481
G1 X77.824 Y52.836
G1 X78.802 Y52.227
G1 X79.752 Y51.650
G1 X80.674 Y51.103
G1 X81.571 Y50.584
G1 X82.443 Y50.091
G1 X83.290 Y49.622
G1 X84.114 Y49.174
G1 X84.915 Y48.747
G1 X85.694 Y48.337
G1 X86.451 Y47.944
G1 X87.186 Y47.564
G1 X87.899 Y47.198
G1 X88.592 Y46.843
G1 X89.263 Y46.497
G1 X89.914 Y46.159
G1 X90.543 Y45.828
G1 X91.151 Y45.503
G1 X91.738 Y45.181
G1 X92.304 Y44.863
G1 X92.847 Y44.547
G1 X93.369 Y44.231
G1 X93.868 Y43.915
G1 X94.344 Y43.598
G1 X94.797 Y43.279
G1 X95.226 Y42.957
G1 X95.631 Y42.632
G1 X96.010 Y42.301
G1 X96.364 Y41.965
G1 X96.691 Y41.624
G1 X96.991 Y41.275
G1 X97.262 Y40.919
G1 X97.504 Y40.555
G1 X97.716 Y40.183
G1 X97.897 Y39.802
G1 X98.046 Y39.411
G1 X98.161 Y39.011
G1 X98.241 Y38.600
G1 X98.285 Y38.178
G1 X98.292 Y37.745
G1 X98.261 Y37.302
G1 X98.189 Y36.846
G1 X98.076 Y36.379
G1 X97.920 Y35.900
G1 X97.720 Y35.410
G1 X97.473 Y34.907
G1 X97.180 Y34.393
G1 X96.837 Y33.866
G1 X96.443 Y33.329
G1 X95.998 Y32.780
G1 X95.499 Y32.221
G1 X94.945 Y31.651
G1 X94.336 Y31.071
G1 X93.669 Y30.482
G1 X92.945 Y29.885
G1 X92.161 Y29.280
G1 X91.319 Y28.669
G1 X90.416 Y28.052
G1 X89.454 Y27.432
G1 X88.433 Y26.809
G1 X87.353 Y26.185
G1 X86.215 Y25.562
G1 X85.021 Y24.942
G1 X83.773 Y24.326
G1 X82.474 Y23.718
G1 X81.125 Y23.118
G1 X79.732 Y22.530
G1 X78.298 Y21.957
G1 X76.828 Y21.400
G1 X75.327 Y20.863
G1 X73.803 Y20.349
G1 X72.260 Y19.860
G1 X70.706 Y19.400
G1 X69.150 Y18.972
G1 X67.598 Y18.578
G1 X66.060 Y18.221
G1 X64.545 Y17.905
G1 X63.061 Y17.633
G1 X61.618 Y17.405
G1 X60.224 Y17.226
G1 X58.888 Y17.097
G1 X57.619 Y17.020
G1 X56.425 Y16.996
G1 X55.314 Y17.027
G1 X54.292 Y17.113
G1 X53.365 Y17.256
G1 X52.539 Y17.454
G1 X51.817 Y17.708
G1 X51.204 Y18.016
G1 X50.700 Y18.379
G1 X50.307 Y18.793
G1 X50.025 Y19.257
G1 X49.853 Y19.769
G1 X49.789 Y20.326
G1 X49.831 Y20.924
G1 X49.973 Y21.562
G1 X50.213 Y22.234
G1 X50.545 Y22.939
G1 X50.963 Y23.671
G1 X51.462 Y24.428
G1 X52.036 Y25.205
G1 X52.679 Y25.998
G1 X53.384 Y26.804
G1 X54.145 Y27.619
G1 X54.956 Y28.439
G1 X55.812 Y29.262
G1 X56.706 Y30.083
G1 X57.633 Y30.899
G1 X58.589 Y31.708
G1 X59.568 Y32.507
G1 X60.567 Y33.294
G1 X61.581 Y34.065
G1 X62.606 Y34.821
G1 X63.640 Y35.557
G1 X64.680 Y36.274
G1 X65.722 Y36.969
G1 X66.766 Y37.642
G1 X67.808 Y38.292
G1 X68.847 Y38.917
G1 X69.881 Y39.517
G1 X70.909 Y40.093
G1 X71.930 Y40.643
G1 X72.943 Y41.167
G1 X73.948 Y41.665
G1 X74.942 Y42.138
G1 X75.927 Y42.585
G1 X76.901 Y43.007
G1 X77.864 Y43.404
G1 X78.816 Y43.777
G1 X79.756 Y44.125
G1 X80.684 Y44.450
G1 X81.600 Y44.752
G1 X82.504 Y45.031
G1 X83.395 Y45.288
G1 X84.275 Y45.523
G1 X85.141 Y45.738
G1 X85.995 Y45.932
G1 X86.837 Y46.106
G1 X87.665 Y46.261
G1 X88.481 Y46.397
G1 X89.284 Y46.515
G1 X90.073 Y46.615
G1 X90.850 Y46.698
G1 X91.613 Y46.763
G1 X92.363 Y46.813
G1 X93.100 Y46.846
G1 X93.822 Y46.864
G1 X94.532 Y46.866
G1 X95.227 Y46.854
G1 X95.908 Y46.827
G1 X96.574 Y46.785
G1 X97.226 Y46.729
G1 X97.863 Y46.659
G1 X98.485 Y46.575
G1 X99.092 Y46.478
G1 X99.683 Y46.367
G1 X100.257 Y46.242
G1 X100.815 Y46.104
G1 X101.356 Y45.952
G1 X101.879 Y45.787
G1 X102.384 Y45.609
G1 X102.871 Y45.417
G1 X103.338 Y45.211
G1 X103.786 Y44.991
G1 X104.213 Y44.757
G1 X104.618 Y44.510
G1 X105.002 Y44.248
G1 X105.362 Y43.972
G1 X105.698 Y43.681
G1 X106.009 Y43.375
G1 X106.294 Y43.053
G1 X106.552 Y42.717
G1 X106.781 Y42.365
G1 X106.980 Y41.996
G1 X107.147 Y41.612
G1 X107.282 Y41.211
G1 X107.382 Y40.792
G1 X107.445 Y40.357
G1 X107.470 Y39.904
G1 X107.456 Y39.434
G1 X107.399 Y38.945
G1 X107.297 Y38.438
G1 X107.149 Y37.913
G1 X106.953 Y37.369
G1 X106.704 Y36.806
G1 X106.402 Y36.224
G1 X106.043 Y35.623
G1 X105.625 Y35.003
G1 X105.145 Y34.365
G1 X104.600 Y33.707
G1 X103.987 Y33.031
G1 X103.304 Y32.337
G1 X102.548 Y31.626
G1 X101.716 Y30.897
G1 X100.805 Y30.152
G1 X99.813 Y29.392
G1 X98.739 Y28.618
G1 X97.579 Y27.831
G1 X96.333 Y27.033
G1 X94.999 Y26.225
G1 X93.576 Y25.410
G1 X92.066 Y24.589
G1 X90.467 Y23.766
G1 X88.782 Y22.942
G1 X87.013 Y22.122
G1 X85.163 Y21.307
G1 X83.236 Y20.503
G1 X81.238 Y19.712
G1 X79.174 Y18.939
G1 X77.053 Y18.189
G1 X74.883 Y17.465
G1 X72.675 Y16.773
G1 X70.440 Y16.117
G1 X68.190 Y15.503
G1 X65.939 Y14.936
G1 X63.701 Y14.420
G1 X61.492 Y13.961
G1 X59.328 Y13.563
G1 X57.223 Y13.232
G1 X55.196 Y12.971
G1 X53.261 Y12.784
G1 X51.433 Y12.675
G1 X49.728 Y12.646
G1 X48.159 Y12.700
G1 X46.737 Y12.838
G1 X45.472 Y13.062
G1 X44.373 Y13.370
G1 X43.446 Y13.762
G1 X42.695 Y14.238
G1 X42.121 Y14.794
G1 X41.724 Y15.427
G1 X41.501 Y16.134
G1 X41.448 Y16.910
G1 X41.558 Y17.750
G1 X41.823 Y18.649
G1 X42.235 Y19.602
G1 X42.781 Y20.601
G1 X43.453 Y21.641
G1 X44.237 Y22.715
G1 X45.122 Y23.816
G1 X46.097 Y24.940
G1 X47.149 Y26.078
G1 X48.268 Y27.226
G1 X49.443 Y28.377
G1 X50.664 Y29.526
G1 X51.922 Y30.669
G1 X53.208 Y31.800
G1 X54.515 Y32.916
G1 X55.836 Y34.012
G1 X57.166 Y35.086
G1 X58.499 Y36.134
G1 X59.830 Y37.154
G1 X61.156 Y38.144
G1 X62.473 Y39.102
G1 X63.780 Y40.027
G1 X65.074 Y40.918
G1 X66.353 Y41.773
G1 X67.616 Y42.593
G1 X68.862 Y43.378
G1 X70.090 Y44.127
G1 X71.300 Y44.840
G1 X72.493 Y45.519
G1 X73.666 Y46.163
G1 X74.822 Y46.773
G1 X75.959 Y47.350
G1 X77.078 Y47.896
G1 X78.179 Y48.410
G1 X79.263 Y48.894
G1 X80.330 Y49.349
G1 X81.381 Y49.776
G1 X82.415 Y50.176
G1 X83.433 Y50.551
G1 X84.436 Y50.900
G1 X85.424 Y51.227
G1 X86.397 Y51.531
G1 X87.355 Y51.814
G1 X88.300 Y52.077
G1 X89.231 Y52.320
G1 X90.148 Y52.545
G1 X91.052 Y52.754
G1 X91.943 Y52.945
G1 X92.822 Y53.122
G1 X93.688 Y53.284
G1 X94.543 Y53.433
G1 X95.385 Y53.568
G1 X96.216 Y53.691
G1 X97.035 Y53.803
G1 X97.843 Y53.905
G1 X98.640 Y53.996
G1 X99.426 Y54.077
G1 X100.201 Y54.149
G1 X100.966 Y54.213
G1 X101.720 Y54.269
G1 X102.464 Y54.318
G1 X103.197 Y54.359
G1 X103.921 Y54.393
G1 X104.635 Y54.421
G1 X105.339 Y54.443
G1 X106.034 Y54.459
G1 X106.719 Y54.469
G1 X107.394 Y54.474
G1 X108.061 Y54.475
G1 X108.718 Y54.470
G1 X109.366 Y54.460
G1 X110.005 Y54.446
G1 X110.635 Y54.427
G1 X111.257 Y54.404
G1 X111.869 Y54.377
G1 X112.473 Y54.346
G1 X113.069 Y54.310
G1 X113.656 Y54.271
G1 X114.235 Y54.227
G1 X114.805 Y54.179
G1 X115.367 Y54.127
G1 X115.921 Y54.071
G1 X116.467 Y54.011
G1 X117.004 Y53.947
G1 X117.533 Y53.878
G1 X118.055 Y53.806
G1 X118.568 Y53.728
G1 X119.073 Y53.646
G1 X119.570 Y53.559
G1 X120.059 Y53.468
G1 X120.540 Y53.371
G1 X121.013 Y53.269
G1 X121.478 Y53.162
G1 X121.934 Y53.050
G1 X122.382 Y52.931
G1 X122.822 Y52.806
G1 X123.254 Y52.676
G1 X123.677 Y52.538
G1 X124.091 Y52.394
G1 X124.496 Y52.243
G1 X124.892 Y52.084
G1 X125.279 Y51.918
G1 X125.656 Y51.743
G1 X126.024 Y51.560
G1 X126.381 Y51.368
G1 X126.728 Y51.167
G1 X127.064 Y50.956
G1 X127.389 Y50.735
G1 X127.702 Y50.503
G1 X128.003 Y50.261
G1 X128.291 Y50.006
G1 X128.565 Y49.739
G1 X128.825 Y49.460
G1 X129.070 Y49.166
G1 X129.299 Y48.859
G1 X129.512 Y48.537
G1 X129.706 Y48.200
G1 X129.881 Y47.847
G1 X130.036 Y47.477
G1 X130.168 Y47.089
G1 X130.278 Y46.682
G1 X130.362 Y46.257
G1 X130.419 Y45.811
G1 X130.446 Y45.344
G1 X130.443 Y44.856
G1 X130.405 Y44.344
G1 X130.331 Y43.809
G1 X130.217 Y43.249
G1 X130.061 Y42.663
G1 X129.858 Y42.050
G1 X129.606 Y41.410
G1 X129.299 Y40.740
G1 X128.934 Y40.041
G1 X128.506 Y39.311
G1 X128.009 Y38.550
G1 X127.439 Y37.756
G1 X126.789 Y36.928
G1 X126.054 Y36.067
G1 X125.226 Y35.170
G1 X124.299 Y34.238
G1 X123.265 Y33.271
G1 X122.118 Y32.268
G1 X120.848 Y31.228
G1 X119.449 Y30.153
G1 X117.912 Y29.043
G1 X116.230 Y27.898
G1 X114.394 Y26.721
G1 X112.396 Y25.511
G1 X110.231 Y24.273
G1 X107.891 Y23.008
G1 X105.372 Y21.720
G1 X102.669 Y20.412
G1 X99.780 Y19.089
G1 X96.705 Y17.757
G1 X93.446 Y16.422
G1 X90.009 Y15.090
G1 X86.400 Y13.771
G1 X82.633 Y12.471
G1 X78.722 Y11.202
G1 X74.688 Y9.974
G1 X70.554 Y8.797
G1 X66.350 Y7.684
G1 X62.108 Y6.647
G1 X57.865 Y5.698
G1 X53.663 Y4.851
G1 X49.543 Y4.119
G1 X45.553 Y3.513
G1 X41.737 Y3.045
G1 X38.142 Y2.727
G1 X34.810 Y2.566
G1 X31.784 Y2.572
G1 X29.098 Y2.750
G1 X26.782 Y3.103
G1 X24.859 Y3.633
G1 X23.344 Y4.340
G1 X22.242 Y5.218
G1 X21.552 Y6.263
G1 X21.264 Y7.467
G1 X21.359 Y8.818
G1 X21.813 Y10.305
G1 X22.596 Y11.914
G1 X23.675 Y13.630
G1 X25.013 Y15.438
G1 X26.572 Y17.322
G1 X28.314 Y19.266
G1 X30.203 Y21.253
G1 X32.203 Y23.270
G1 X34.283 Y25.301
G1 X36.414 Y27.333
G1 X38.569 Y29.354
G1 X40.727 Y31.353
G1 X42.869 Y33.321
G1 X44.980 Y35.248
G1 X47.048 Y37.128
G1 X49.063 Y38.954
G1 X51.019 Y40.723
G1 X52.910 Y42.430
G1 X54.735 Y44.072
G1 X56.491 Y45.648
G1 X58.178 Y47.157
G1 X59.798 Y48.599
G1 X61.351 Y49.973
G1 X62.840 Y51.281
G1 X64.267 Y52.523
G1 X65.635 Y53.702
G1 X66.947 Y54.819
G1 X68.206 Y55.877
G1 X69.413 Y56.877
G1 X70.574 Y57.823
G1 X71.689 Y58.716
G1 X72.761 Y59.560
G1 X73.794 Y60.356
G1 X74.789 Y61.109
G1 X75.747 Y61.820
G1 X76.672 Y62.492
G1 X77.564 Y63.127
G1 X78.425 Y63.729
G1 X79.257 Y64.299
G1 X80.060 Y64.841
G1 X80.837 Y65.356
G1 X81.586 Y65.846
G1 X82.310 Y66.314
G1 X83.009 Y66.762
G1 X83.683 Y67.192
G1 X84.334 Y67.606
G1 X84.961 Y68.004
G1 X85.564 Y68.390
G1 X86.143 Y68.765
G1 X86.700 Y69.130
G1 X87.233 Y69.487
G1 X87.743 Y69.837
G1 X88.230 Y70.182
G1 X88.693 Y70.522
G1 X89.132 Y70.859
G1 X89.546 Y71.194
G1 X89.936 Y71.527
G1 X90.301 Y71.861
G1 X90.641 Y72.196
G1 X90.954 Y72.532
G1 X91.241 Y72.870
G1 X91.501 Y73.212
G1 X91.733 Y73.557
G1 X91.936 Y73.907
G1 X92.110 Y74.262
G1 X92.255 Y74.622
G1 X92.368 Y74.989
G1 X92.450 Y75.361
G1 X92.499 Y75.740
G1 X92.515 Y76.127
G1 X92.496 Y76.520
G1 X92.443 Y76.921
G1 X92.353 Y77.330
G1 X92.227 Y77.746
G1 X92.063 Y78.170
G1 X91.859 Y78.601
G1 X91.617 Y79.040
G1 X91.334 Y79.486
G1 X91.009 Y79.940
G1 X90.643 Y80.400
G1 X90.234 Y80.867
G1 X89.782 Y81.340
G1 X89.287 Y81.818
G1 X88.747 Y82.301
G1 X88.163 Y82.789
G1 X87.535 Y83.279
G1 X86.863 Y83.773
G1 X86.147 Y84.267
G1 X85.388 Y84.763
G1 X84.586 Y85.257
G1 X83.743 Y85.750
G1 X82.860 Y86.240
G1 X81.938 Y86.725
G1 X80.980 Y87.204
G1 X79.987 Y87.675
G1 X78.963 Y88.136
G1 X77.909 Y88.587
G1 X76.830 Y89.024
G1 X75.729 Y89.446
G1 X74.609 Y89.852
G1 X73.476 Y90.239
G1 X72.333 Y90.605
G1 X71.186 Y90.949
G1 X70.040 Y91.268
G1 X68.900 Y91.560
G1 X67.772 Y91.824
G1 X66.660 Y92.058
G1 X65.572 Y92.260
G1 X64.513 Y92.428
G1 X63.488 Y92.562
G1 X62.503 Y92.659
G1 X61.563 Y92.719
G1 X60.674 Y92.741
G1 X59.840 Y92.723
G1 X59.066 Y92.666
G1 X58.356 Y92.569
G1 X57.712 Y92.433
G1 X57.140 Y92.257
G1 X56.640 Y92.042
G1 X56.214 Y91.788
G1 X55.864 Y91.497
G1 X55.591 Y91.170
G1 X55.395 Y90.808
G1 X55.274 Y90.413
G1 X55.229 Y89.986
G1 X55.257 Y89.530
G1 X55.356 Y89.047
G1 X55.525 Y88.539
G1 X55.760 Y88.009
G1 X56.058 Y87.458
G1 X56.416 Y86.890
G1 X56.831 Y86.307
G1 X57.298 Y85.711
G1 X57.815 Y85.106
G1 X58.376 Y84.493
G1 X58.979 Y83.875
G1 X59.620 Y83.255
G1 X60.294 Y82.634
G1 X60.999 Y82.016
G1 X61.731 Y81.401
G1 X62.487 Y80.792
G1 X63.264 Y80.191
G1 X64.058 Y79.599
G1 X64.867 Y79.019
G1 X65.688 Y78.451
G1 X66.520 Y77.896
G1 X67.359 Y77.357
G1 X68.204 Y76.833
G1 X69.054 Y76.326
G1 X69.905 Y75.837
G1 X70.757 Y75.366
G1 X71.608 Y74.914
G1 X72.457 Y74.481
G1 X73.303 Y74.067
G1 X74.145 Y73.674
G1 X74.982 Y73.301
G1 X75.813 Y72.947
G1 X76.637 Y72.614
G1 X77.453 Y72.302
G1 X78.262 Y72.009
G1 X79.061 Y71.737
G1 X79.851 Y71.484
G1 X80.632 Y71.251
G1 X81.402 Y71.038
G1 X82.162 Y70.844
G1 X82.910 Y70.669
G1 X83.647 Y70.512
G1 X84.372 Y70.374
G1 X85.085 Y70.255
G1 X85.785 Y70.153
G1 X86.473 Y70.069
G1 X87.146 Y70.003
G1 X87.806 Y69.953
G1 X88.452 Y69.920
G1 X89.084 Y69.904
G1 X89.700 Y69.905
G1 X90.301 Y69.921
G1 X90.887 Y69.954
G1 X91.456 Y70.002
G1 X92.008 Y70.066
G1 X92.543 Y70.145
G1 X93.061 Y70.239
G1 X93.560 Y70.349
G1 X94.040 Y70.473
G1 X94.501 Y70.613
G1 X94.942 Y70.767
G1 X95.362 Y70.936
G1 X95.761 Y71.120
G1 X96.137 Y71.319
G1 X96.490 Y71.532
G1 X96.820 Y71.760
G1 X97.125 Y72.003
G1 X97.404 Y72.260
G1 X97.656 Y72.532
G1 X97.881 Y72.819
G1 X98.077 Y73.121
G1 X98.243 Y73.437
G1 X98.378 Y73.769
G1 X98.480 Y74.115
G1 X98.549 Y74.476
G1 X98.583 Y74.851
G1 X98.581 Y75.242
G1 X98.541 Y75.648
G1 X98.462 Y76.068
G1 X98.343 Y76.503
G1 X98.181 Y76.953
G1 X97.975 Y77.416
G1 X97.724 Y77.895
G1 X97.426 Y78.387
G1 X97.080 Y78.893
G1 X96.684 Y79.412
G1 X96.236 Y79.944
G1 X95.735 Y80.489
G1 X95.180 Y81.045
G1 X94.569 Y81.613
G1 X93.901 Y82.191
G1 X93.176 Y82.778
G1 X92.392 Y83.374
G1 X91.549 Y83.978
G1 X90.646 Y84.588
G1 X89.683 Y85.202
G1 X88.661 Y85.820
G1 X87.580 Y86.440
G1 X86.441 Y87.060
G1 X85.245 Y87.678
G1 X83.996 Y88.292
G1 X82.694 Y88.899
G1 X81.343 Y89.499
G1 X79.946 Y90.087
G1 X78.508 Y90.661
G1 X77.034 Y91.219
G1 X75.528 Y91.758
G1 X73.997 Y92.274
G1 X72.447 Y92.766
G1 X70.886 Y93.229
G1 X69.321 Y93.661
G1 X67.760 Y94.058
G1 X66.213 Y94.419
G1 X64.686 Y94.739
G1 X63.191 Y95.017
G1 X61.735 Y95.249
G1 X60.328 Y95.433
G1 X58.979 Y95.567
G1 X57.696 Y95.649
G1 X56.488 Y95.678
G1 X55.362 Y95.652
G1 X54.326 Y95.570
G1 X53.384 Y95.432
G1 X52.544 Y95.238
G1 X51.808 Y94.988
G1 X51.181 Y94.683
G1 X50.664 Y94.324
G1 X50.258 Y93.913
G1 X49.965 Y93.451
G1 X49.782 Y92.941
G1 X49.707 Y92.386
G1 X49.739 Y91.788
G1 X49.873 Y91.151
G1 X50.106 Y90.478
G1 X50.431 Y89.773
G1 X50.843 Y89.040
G1 X51.338 Y88.282
G1 X51.908 Y87.503
G1 X52.547 Y86.708
G1 X53.250 Y85.899
G1 X54.010 Y85.081
G1 X54.820 Y84.258
G1 X55.675 Y83.432
G1 X56.570 Y82.607
G1 X57.498 Y81.787
G1 X58.455 Y80.974
G1 X59.436 Y80.171
G1 X60.436 Y79.380
G1 X61.452 Y78.603
G1 X62.480 Y77.843
G1 X63.517 Y77.102
G1 X64.559 Y76.381
G1 X65.605 Y75.681
G1 X66.651 Y75.003
G1 X67.696 Y74.349
G1 X68.738 Y73.720
G1 X69.775 Y73.115
G1 X70.807 Y72.535
G1 X71.831 Y71.981
G1 X72.848 Y71.453
G1 X73.855 Y70.951
G1 X74.853 Y70.474
G1 X75.840 Y70.023
G1 X76.817 Y69.597
G1 X77.783 Y69.196
G1 X78.738 Y68.820
G1 X79.681 Y68.468
G1 X80.612 Y68.140
G1 X81.531 Y67.835
G1 X82.438 Y67.553
G1 X83.332 Y67.293
G1 X84.214 Y67.054
G1 X85.084 Y66.837
G1 X85.941 Y66.640
G1 X86.785 Y66.463
G1 X87.616 Y66.306
G1 X88.435 Y66.167
G1 X89.240 Y66.047
G1 X90.033 Y65.944
G1 X90.812 Y65.859
G1 X91.579 Y65.791
G1 X92.331 Y65.739
G1 X93.071 Y65.703
G1 X93.797 Y65.683
G1 X94.509 Y65.678
G1 X95.207 Y65.689
G1 X95.892 Y65.714
G1 X96.562 Y65.753
G1 X97.217 Y65.806
G1 X97.858 Y65.874
G1 X98.483 Y65.955
G1 X99.093 Y66.050
G1 X99.688 Y66.159
G1 X100.266 Y66.281
G1 X100.828 Y66.417
G1 X101.373 Y66.566
G1 X101.901 Y66.728
G1 X102.411 Y66.904
G1 X102.902 Y67.094
G1 X103.375 Y67.297
G1 X103.827 Y67.513
G1 X104.260 Y67.744
G1 X104.671 Y67.989
G1 X105.060 Y68.248
G1 X105.426 Y68.521
G1 X105.769 Y68.809
G1 X106.087 Y69.111
G1 X106.379 Y69.429
G1 X106.644 Y69.762
G1 X106.881 Y70.111
G1 X107.088 Y70.476
G1 X107.264 Y70.857
G1 X107.407 Y71.254
G1 X107.517 Y71.669
G1 X107.590 Y72.100
G1 X107.626 Y72.549
G1 X107.622 Y73.016
G1 X107.576 Y73.501
G1 X107.487 Y74.004
G1 X107.352 Y74.525
G1 X107.168 Y75.066
G1 X106.933 Y75.625
G1 X106.645 Y76.203
G1 X106.301 Y76.800
G1 X105.899 Y77.417
G1 X105.435 Y78.052
G1 X104.906 Y78.706
G1 X104.311 Y79.379
G1 X103.646 Y80.070
G1 X102.907 Y80.780
G1 X102.094 Y81.506
G1 X101.202 Y82.249
G1 X100.230 Y83.007
G1 X99.174 Y83.780
G1 X98.034 Y84.567
G1 X96.807 Y85.365
G1 X95.492 Y86.174
G1 X94.089 Y86.990
G1 X92.596 Y87.813
G1 X91.015 Y88.640
G1 X89.346 Y89.467
G1 X87.592 Y90.292
G1 X85.755 Y91.113
G1 X83.840 Y91.924
G1 X81.851 Y92.723
G1 X79.794 Y93.505
G1 X77.677 Y94.266
G1 X75.508 Y95.001
G1 X73.298 Y95.706
G1 X71.056 Y96.376
G1 X68.797 Y97.005
G1 X66.532 Y97.589
G1 X64.276 Y98.123
G1 X62.045 Y98.600
G1 X59.854 Y99.018
G1 X57.719 Y99.370
G1 X55.658 Y99.652
G1 X53.684 Y99.861
G1 X51.816 Y99.992
G1 X50.066 Y100.043
G1 X48.450 Y100.012
G1 X46.979 Y99.896
G1 X45.664 Y99.695
G1 X44.515 Y99.408
G1 X43.536 Y99.036
G1 X42.735 Y98.580
G1 X42.111 Y98.042
G1 X41.666 Y97.426
G1 X41.398 Y96.734
G1 X41.301 Y95.972
G1 X41.371 Y95.143
G1 X41.600 Y94.254
G1 X41.977 Y93.310
G1 X42.494 Y92.317
G1 X43.139 Y91.282
G1 X43.901 Y90.210
G1 X44.767 Y89.109
G1 X45.726 Y87.985
G1 X46.766 Y86.844
G1 X47.875 Y85.692
G1 X49.043 Y84.535
G1 X50.259 Y83.379
G1 X51.515 Y82.229
G1 X52.801 Y81.088
G1 X54.110 Y79.963
G1 X55.434 Y78.856
G1 X56.767 Y77.771
G1 X58.105 Y76.711
G1 X59.442 Y75.679
G1 X60.774 Y74.677
G1 X62.098 Y73.706
G1 X63.412 Y72.769
G1 X64.713 Y71.866
G1 X65.999 Y70.997
G1 X67.270 Y70.165
G1 X68.523 Y69.368
G1 X69.759 Y68.607
G1 X70.976 Y67.881
G1 X72.176 Y67.191
G1 X73.356 Y66.536
G1 X74.518 Y65.915
G1 X75.662 Y65.327
G1 X76.787 Y64.771
G1 X77.895 Y64.247
G1 X78.984 Y63.754
G1 X80.057 Y63.290
G1 X81.113 Y62.854
G1 X82.152 Y62.445
G1 X83.176 Y62.062
G1 X84.184 Y61.704
G1 X85.176 Y61.370
G1 X86.154 Y61.059
G1 X87.117 Y60.769
G1 X88.065 Y60.500
G1 X89.000 Y60.250
G1 X89.922 Y60.018
G1 X90.830 Y59.804
G1 X91.725 Y59.607
G1 X92.608 Y59.424
G1 X93.478 Y59.257
G1 X94.336 Y59.103
G1 X95.182 Y58.962
G1 X96.016 Y58.834
G1 X96.839 Y58.717
G1 X97.650 Y58.611
G1 X98.450 Y58.515
G1 X99.240 Y58.429
G1 X100.018 Y58.352
G1 X100.786 Y58.283
G1 X101.543 Y58.222
G1 X102.291 Y58.169
G1 X103.028 Y58.123
G1 X103.755 Y58.084
G1 X104.472 Y58.051
G1 X105.179 Y58.024
G1 X105.877 Y58.003
G1 X106.565 Y57.987
G1 X107.244 Y57.977
G1 X107.913 Y57.971
G1 X108.574 Y57.970
G1 X109.225 Y57.974
G1 X109.867 Y57.982
G1 X110.501 Y57.995
G1 X111.126 Y58.011
G1 X111.742 Y58.032
G1 X112.350 Y58.056
G1 X112.949 Y58.084
G1 X113.540 Y58.117
G1 X114.122 Y58.153
G1 X114.696 Y58.192
G1 X115.262 Y58.236
G1 X115.820 Y58.283
G1 X116.370 Y58.334
G1 X116.912 Y58.389
G1 X117.446 Y58.447
G1 X117.972 Y58.510
G1 X118.490 Y58.577
G1 X119.000 Y58.647
G1 X119.503 Y58.722
G1 X119.997 Y58.802
G1 X120.484 Y58.885
G1 X120.963 Y58.974
G1 X121.435 Y59.067
G1 X121.898 Y59.165
G1 X122.354 Y59.268
G1 X122.801 Y59.376
G1 X123.241 Y59.490
G1 X123.673 Y59.610
G1 X124.097 Y59.736
G1 X124.512 Y59.868
G1 X124.919 Y60.006
G1 X125.317 Y60.152
G1 X125.707 Y60.304
G1 X126.088 Y60.464
G1 X126.460 Y60.632
G1 X126.823 Y60.808
G1 X127.176 Y60.992
G1 X127.519 Y61.186
G1 X127.852 Y61.388
G1 X128.174 Y61.601
G1 X128.485 Y61.824
G1 X128.785 Y62.058
G1 X129.072 Y62.303
G1 X129.347 Y62.559
G1 X129.608 Y62.829
G1 X129.855 Y63.111
G1 X130.088 Y63.407
G1 X130.304 Y63.717
G1 X130.503 Y64.042
G1 X130.685 Y64.383
G1 X130.847 Y64.740
G1 X130.989 Y65.114
G1 X131.108 Y65.507
G1 X131.205 Y65.918
G1 X131.275 Y66.348
G1 X131.319 Y66.799
G1 X131.333 Y67.272
G1 X131.315 Y67.767
G1 X131.263 Y68.285
G1 X131.174 Y68.828
G1 X131.044 Y69.396
G1 X130.872 Y69.990
G1 X130.652 Y70.611
G1 X130.381 Y71.261
G1 X130.056 Y71.940
G1 X129.670 Y72.650
G1 X129.220 Y73.391
G1 X128.701 Y74.165
G1 X128.106 Y74.972
G1 X127.429 Y75.812
G1 X126.665 Y76.688
G1 X125.805 Y77.600
G1 X124.844 Y78.547
G1 X123.774 Y79.531
G1 X122.587 Y80.552
G1 X121.274 Y81.609
G1 X119.828 Y82.703
G1 X118.241 Y83.833
G1 X116.503 Y84.997
G1 X114.608 Y86.195
G1 X112.546 Y87.426
G1 X110.312 Y88.685
G1 X107.899 Y89.972
G1 X105.301 Y91.282
G1 X102.515 Y92.611
G1 X99.538 Y93.955
G1 X96.371 Y95.307
G1 X93.017 Y96.662
G1 X89.480 Y98.011
G1 X85.771 Y99.347
G1 X81.901 Y100.661
G1 X77.888 Y101.942
G1 X73.753 Y103.179
G1 X69.522 Y104.361
G1 X65.225 Y105.476
G1 X60.898 Y106.511
G1 X56.579 Y107.452
G1 X52.311 Y108.286
G1 X48.140 Y109.001
G1 X44.112 Y109.584
G1 X40.275 Y110.022
G1 X36.677 Y110.306
G1 X33.361 Y110.426
G1 X30.368 Y110.374
G1 X27.734 Y110.146
G1 X25.488 Y109.737
G1 X23.650 Y109.147
G1 X22.233 Y108.379
G1 X21.241 Y107.435
G1 X20.670 Y106.324
G1 X20.505 Y105.053
G1 X20.726 Y103.635
G1 X21.307 Y102.083
G1 X22.213 Y100.410
G1 X23.411 Y98.632
G1 X24.859 Y96.766
G1 X26.521 Y94.827
G1 X28.355 Y92.834
G1 X30.326 Y90.800
G1 X32.398 Y88.742
G1 X34.538 Y86.675
G1 X36.718 Y84.610
G1 X38.912 Y82.562
G1 X41.101 Y80.539
G1 X43.264 Y78.553
G1 X45.389 Y76.610
G1 X47.464 Y74.718
G1 X49.480 Y72.883
G1 X51.432 Y71.108
G1 X53.315 Y69.398
G1 X55.127 Y67.754
G1 X56.868 Y66.178
G1 X58.537 Y64.671
G1 X60.137 Y63.233
G1 X61.668 Y61.863
G1 X63.134 Y60.561
G1 X64.537 Y59.324
G1 X65.880 Y58.152
G1 X67.166 Y57.042
G1 X68.398 Y55.991
G1 X69.580 Y54.998
G1 X70.713 Y54.060
G1 X71.801 Y53.173
G1 X72.847 Y52.337
G1 X73.852 Y51.546
G1 X74.819 Y50.800
G1 X75.750 Y50.095
G1 X76.648 Y49.429
G1 X77.512 Y48.798
G1 X78.346 Y48.201
G1 X79.150 Y47.635
G1 X79.926 Y47.098
G1 X80.674 Y46.587
G1 X81.396 Y46.099
G1 X82.092 Y45.634
G1 X82.762 Y45.188
G1 X83.408 Y44.761
G1 X84.030 Y44.349
G1 X84.628 Y43.951
G1 X85.202 Y43.566
G1 X85.752 Y43.192
G1 X86.279 Y42.828
G1 X86.783 Y42.471
G1 X87.263 Y42.121
G1 X87.719 Y41.776
G1 X88.151 Y41.436
G1 X88.558 Y41.099
G1 X88.942 Y40.763
G1 X89.300 Y40.429
G1 X89.633 Y40.094
G1 X89.940 Y39.759
G1 X90.221 Y39.423
G1 X90.475 Y39.084
G1 X90.701 Y38.742
G1 X90.899 Y38.396
G1 X91.069 Y38.047
G1 X91.209 Y37.692
G1 X91.318 Y37.333
G1 X91.397 Y36.968
G1 X91.444 Y36.596
G1 X91.459 Y36.219
G1 X91.440 Y35.836
G1 X91.387 Y35.445
G1 X91.300 Y35.048
G1 X91.176 Y34.644
G1 X91.016 Y34.233
G1 X90.819 Y33.816
G1 X90.583 Y33.391
G1 X90.309 Y32.960
G1 X89.996 Y32.523
G1 X89.642 Y32.080
G1 X89.248 Y31.631
G1 X88.813 Y31.176
G1 X88.336 Y30.717
G1 X87.818 Y30.254
G1 X87.259 Y29.788
G1 X86.657 Y29.319
G1 X86.015 Y28.848
G1 X85.331 Y28.376
G1 X84.608 Y27.905
G1 X83.844 Y27.434
G1 X83.043 Y26.966
G1 X82.204 Y26.502
G1 X81.330 Y26.043
G1 X80.423 Y25.590
G1 X79.484 Y25.145
G1 X78.516 Y24.709
G1 X77.522 Y24.285
G1 X76.505 Y23.873
G1 X75.468 Y23.476
G1 X74.415 Y23.095
G1 X73.351 Y22.733
G1 X72.279 Y22.390
G1 X71.204 Y22.069
G1 X70.130 Y21.771
G1 X69.063 Y21.499
G1 X68.007 Y21.253
G1 X66.968 Y21.036
G1 X65.951 Y20.849
G1 X64.962 Y20.694
G1 X64.004 Y20.571
G1 X63.084 Y20.483
G1 X62.207 Y20.429
G1 X61.376 Y20.411
G1 X60.596 Y20.429
G1 X59.872 Y20.485
G1 X59.207 Y20.577
G1 X58.604 Y20.706
G1 X58.065 Y20.872
G1 X57.594 Y21.075
G1 X57.192 Y21.313
G1 X56.860 Y21.586
G1 X56.598 Y21.893
G1 X56.408 Y22.232
G1 X56.288 Y22.602
G1 X56.238 Y23.002
G1 X56.256 Y23.428
G1 X56.341 Y23.881
G1 X56.490 Y24.356
G1 X56.702 Y24.853
G1 X56.973 Y25.369
G1 X57.301 Y25.902
G1 X57.683 Y26.449
G1 X58.114 Y27.008
G1 X58.593 Y27.576
G1 X59.114 Y28.152
G1 X59.676 Y28.733
G1 X60.274 Y29.317
G1 X60.906 Y29.902
G1 X61.567 Y30.485
G1 X62.256 Y31.065
G1 X62.968 Y31.640
G1 X63.701 Y32.209
G1 X64.451 Y32.768
G1 X65.218 Y33.318
G1 X65.997 Y33.857
G1 X66.787 Y34.383
G1 X67.586 Y34.895
G1 X68.391 Y35.393
G1 X69.201 Y35.875
G1 X70.014 Y36.341
G1 X70.829 Y36.789
G1 X71.644 Y37.220
G1 X72.458 Y37.634
G1 X73.270 Y38.028
G1 X74.078 Y38.404
G1 X74.882 Y38.761
G1 X75.680 Y39.098
G1 X76.473 Y39.417
G1 X77.259 Y39.716
G1 X78.037 Y39.996
G1 X78.807 Y40.256
G1 X79.568 Y40.498
G1 X80.320 Y40.720
G1 X81.062 Y40.924
G1 X81.794 Y41.108
G1 X82.515 Y41.275
G1 X83.225 Y41.423
G1 X83.923 Y41.553
G1 X84.609 Y41.666
G1 X85.282 Y41.760
G1 X85.943 Y41.838
G1 X86.590 Y41.898
G1 X87.223 Y41.942
G1 X87.842 Y41.969
G1 X88.447 Y41.979
G1 X89.036 Y41.973
G1 X89.610 Y41.952
G1 X90.168 Y41.914
G1 X90.709 Y41.861
G1 X91.233 Y41.793
G1 X91.740 Y41.709
G1 X92.229 Y41.610
G1 X92.699 Y41.496
G1 X93.149 Y41.367
G1 X93.580 Y41.223
G1 X93.990 Y41.064
G1 X94.379 Y40.891
G1 X94.745 Y40.703
G1 X95.089 Y40.500
G1 X95.409 Y40.283
G1 X95.705 Y40.052
G1 X95.975 Y39.805
G1 X96.219 Y39.545
G1 X96.435 Y39.270
G1 X96.623 Y38.980
G1 X96.782 Y38.676
G1 X96.910 Y38.357
G1 X97.006 Y38.024
G1 X97.070 Y37.677
G1 X97.099 Y37.315
G1 X97.093 Y36.939
G1 X97.050 Y36.549
G1 X96.969 Y36.144
G1 X96.848 Y35.726
G1 X96.686 Y35.294
G1 X96.483 Y34.848
G1 X96.235 Y34.388
G1 X95.942 Y33.916
G1 X95.603 Y33.431
G1 X95.216 Y32.933
G1 X94.780 Y32.424
G1 X94.294 Y31.903
G1 X93.756 Y31.372
G1 X93.166 Y30.830
G1 X92.522 Y30.279
G1 X91.823 Y29.720
G1 X91.070 Y29.153
G1 X90.262 Y28.580
G1 X89.398 Y28.001
G1 X88.479 Y27.419
G1 X87.505 Y26.835
G1 X86.477 Y26.250
G1 X85.396 Y25.665
G1 X84.264 Y25.084
G1 X83.083 Y24.507
G1 X81.854 Y23.937
G1 X80.582 Y23.376
G1 X79.269 Y22.826
G1 X77.919 Y22.290
G1 X76.538 Y21.770
G1 X75.130 Y21.269
G1 X73.700 Y20.790
G1 X72.255 Y20.335
G1 X70.802 Y19.907
G1 X69.347 Y19.509
G1 X67.898 Y19.143
G1 X66.462 Y18.812
G1 X65.048 Y18.520
G1 X63.663 Y18.267
G1 X62.316 Y18.057
G1 X61.015 Y17.891
G1 X59.768 Y17.772
G1 X58.582 Y17.701
G1 X57.464 Y17.680
G1 X56.423 Y17.709
G1 X55.463 Y17.790
G1 X54.590 Y17.922
G1 X53.809 Y18.106
G1 X53.124 Y18.342
G1 X52.537 Y18.628
G1 X52.051 Y18.964
G1 X51.668 Y19.348
G1 X51.386 Y19.778
G1 X51.206 Y20.253
G1 X51.125 Y20.770
G1 X51.142 Y21.326
G1 X51.254 Y21.918
G1 X51.456 Y22.544
G1 X51.745 Y23.199
G1 X52.115 Y23.882
G1 X52.562 Y24.587
G1 X53.081 Y25.312
G1 X53.666 Y26.054
G1 X54.311 Y26.808
G1 X55.010 Y27.571
G1 X55.759 Y28.340
G1 X56.553 Y29.113
G1 X57.384 Y29.884
G1 X58.250 Y30.653
G1 X59.145 Y31.416
G1 X60.065 Y32.170
G1 X61.006 Y32.914
G1 X61.964 Y33.645
G1 X62.935 Y34.360
G1 X63.917 Y35.060
G1 X64.906 Y35.741
G1 X65.900 Y36.403
G1 X66.897 Y37.044
G1 X67.894 Y37.664
G1 X68.891 Y38.261
G1 X69.884 Y38.835
G1 X70.873 Y39.386
G1 X71.857 Y39.912
G1 X72.834 Y40.415
G1 X73.804 Y40.893
G1 X74.766 Y41.347
G1 X75.718 Y41.777
G1 X76.661 Y42.183
G1 X77.595 Y42.565
G1 X78.517 Y42.923
G1 X79.429 Y43.258
G1 X80.330 Y43.570
G1 X81.219 Y43.860
G1 X82.097 Y44.127
G1 X82.963 Y44.373
G1 X83.817 Y44.598
G1 X84.658 Y44.802
G1 X85.488 Y44.986
G1 X86.304 Y45.151
G1 X87.108 Y45.296
G1 X87.899 Y45.422
G1 X88.677 Y45.530
G1 X89.442 Y45.621
G1 X90.193 Y45.693
G1 X90.931 Y45.749
G1 X91.655 Y45.788
G1 X92.366 Y45.811
G1 X93.062 Y45.818
G1 X93.743 Y45.810
G1 X94.411 Y45.786
G1 X95.063 Y45.746
G1 X95.700 Y45.692
G1 X96.322 Y45.623
G1 X96.927 Y45.540
G1 X97.517 Y45.442
G1 X98.090 Y45.330
G1 X98.646 Y45.204
G1 X99.184 Y45.064
G1 X99.705 Y44.910
G1 X100.206 Y44.741
G1 X100.689 Y44.559
G1 X101.152 Y44.362
G1 X101.594 Y44.151
G1 X102.016 Y43.926
G1 X102.415 Y43.687
G1 X102.791 Y43.433
G1 X103.144 Y43.164
G1 X103.472 Y42.881
G1 X103.775 Y42.582
G1 X104.050 Y42.269
G1 X104.298 Y41.940
G1 X104.516 Y41.595
G1 X104.704 Y41.234
G1 X104.860 Y40.858
G1 X104.983 Y40.465
G1 X105.071 Y40.056
G1 X105.121 Y39.630
G1 X105.134 Y39.187
G1 X105.106 Y38.727
G1 X105.036 Y38.249
G1 X104.922 Y37.755
G1 X104.762 Y37.242
G1 X104.553 Y36.712
G1 X104.293 Y36.164
G1 X103.981 Y35.599
G1 X103.613 Y35.016
G1 X103.187 Y34.415
G1 X102.701 Y33.797
G1 X102.152 Y33.162
G1 X101.538 Y32.510
G1 X100.856 Y31.843
G1 X100.104 Y31.159
G1 X99.281 Y30.461
G1 X98.383 Y29.749
G1 X97.409 Y29.024
G1 X96.358 Y28.287
G1 X95.228 Y27.540
G1 X94.018 Y26.784
G1 X92.728 Y26.022
G1 X91.357 Y25.254
G1 X89.907 Y24.483
G1 X88.378 Y23.713
G1 X86.772 Y22.945
G1 X85.093 Y22.182
G1 X83.343 Y21.427
G1 X81.527 Y20.685
G1 X79.650 Y19.958
G1 X77.720 Y19.251
G1 X75.744 Y18.567
G1 X73.729 Y17.910
G1 X71.686 Y17.286
G1 X69.626 Y16.698
G1 X67.560 Y16.151
G1 X65.499 Y15.649
G1 X63.458 Y15.197
G1 X61.450 Y14.800
G1 X59.489 Y14.460
G1 X57.588 Y14.183
G1 X55.763 Y13.972
G1 X54.025 Y13.829
G1 X52.390 Y13.758
G1 X50.868 Y13.761
G1 X49.471 Y13.840
G1 X48.209 Y13.995
G1 X47.090 Y14.228
G1 X46.120 Y14.537
G1 X45.306 Y14.923
G1 X44.649 Y15.383
G1 X44.150 Y15.915
G1 X43.810 Y16.516
G1 X43.626 Y17.183
G1 X43.593 Y17.912
G1 X43.706 Y18.699
G1 X43.959 Y19.537
G1 X44.343 Y20.424
G1 X44.848 Y21.352
G1 X45.467 Y22.316
G1 X46.189 Y23.311
G1 X47.004 Y24.330
G1 X47.901 Y25.369
G1 X48.871 Y26.422
G1 X49.904 Y27.483
G1 X50.991 Y28.548
G1 X52.123 Y29.611
G1 X53.291 Y30.669
G1 X54.490 Y31.716
G1 X55.711 Y32.749
G1 X56.948 Y33.766
G1 X58.197 Y34.762
G1 X59.452 Y35.735
G1 X60.709 Y36.683
G1 X61.965 Y37.603
G1 X63.216 Y38.495
G1 X64.460 Y39.356
G1 X65.695 Y40.187
G1 X66.919 Y40.985
G1 X68.130 Y41.750
G1 X69.327 Y42.483
G1 X70.511 Y43.183
G1 X71.679 Y43.850
G1 X72.831 Y44.485
G1 X73.968 Y45.087
G1 X75.089 Y45.658
G1 X76.194 Y46.197
G1 X77.283 Y46.707
G1 X78.357 Y47.187
G1 X79.414 Y47.638
G1 X80.456 Y48.062
G1 X81.483 Y48.458
G1 X82.495 Y48.829
G1 X83.492 Y49.175
G1 X84.474 Y49.497
G1 X85.442 Y49.796
G1 X86.397 Y50.073
G1 X87.337 Y50.329
G1 X88.264 Y50.565
G1 X89.178 Y50.782
G1 X90.079 Y50.980
G1 X90.966 Y51.161
G1 X91.842 Y51.325
G1 X92.705 Y51.473
G1 X93.555 Y51.606
G1 X94.394 Y51.725
G1 X95.220 Y51.829
G1 X96.035 Y51.921
G1 X96.838 Y52.000
G1 X97.630 Y52.067
G1 X98.411 Y52.122
G1 X99.180 Y52.166
G1 X99.938 Y52.200
G1 X100.685 Y52.224
G1 X101.421 Y52.237
G1 X102.146 Y52.242
G1 X102.861 Y52.237
G1 X103.564 Y52.223
G1 X104.257 Y52.201
G1 X104.939 Y52.170
G1 X105.611 Y52.131
G1 X106.272 Y52.084
G1 X106.922 Y52.029
G1 X107.562 Y51.967
G1 X108.191 Y51.896
G1 X108.809 Y51.817
G1 X109.417 Y51.731
G1 X110.014 Y51.637
G1 X110.600 Y51.536
G1 X111.175 Y51.426
G1 X111.740 Y51.308
G1 X112.293 Y51.183
G1 X112.834 Y51.049
G1 X113.365 Y50.907
G1 X113.883 Y50.756
G1 X114.390 Y50.596
G1 X114.884 Y50.428
G1 X115.366 Y50.250
G1 X115.836 Y50.063
G1 X116.292 Y49.866
G1 X116.735 Y49.659
G1 X117.164 Y49.441
G1 X117.578 Y49.213
G1 X117.977 Y48.973
G1 X118.361 Y48.722
G1 X118.729 Y48.459
G1 X119.080 Y48.183
G1 X119.413 Y47.894
G1 X119.728 Y47.592
G1 X120.023 Y47.275
G1 X120.297 Y46.945
G1 X120.550 Y46.598
G1 X120.780 Y46.237
G1 X120.986 Y45.858
G1 X121.166 Y45.463
G1 X121.318 Y45.050
G1 X121.442 Y44.619
G1 X121.535 Y44.169
G1 X121.595 Y43.699
G1 X121.620 Y43.208
G1 X121.607 Y42.696
G1 X121.554 Y42.163
G1 X121.458 Y41.606
G1 X121.317 Y41.027
G1 X121.126 Y40.423
G1 X120.883 Y39.794
G1 X120.583 Y39.140
G1 X120.224 Y38.460
G1 X119.800 Y37.753
G1 X119.308 Y37.018
G1 X118.742 Y36.256
G1 X118.098 Y35.465
G1 X117.371 Y34.646
G1 X116.556 Y33.799
G1 X115.647 Y32.922
G1 X114.638 Y32.017
G1 X113.523 Y31.084
G1 X112.298 Y30.123
G1 X110.957 Y29.135
G1 X109.493 Y28.121
G1 X107.902 Y27.082
G1 X106.180 Y26.020
G1 X104.321 Y24.937
G1 X102.322 Y23.836
G1 X100.180 Y22.720
G1 X97.894 Y21.591
G1 X95.464 Y20.455
G1 X92.890 Y19.315
G1 X90.176 Y18.176
G1 X87.326 Y17.045
G1 X84.349 Y15.927
G1 X81.253 Y14.830
G1 X78.051 Y13.761
G1 X74.759 Y12.727
G1 X71.395 Y11.737
G1 X67.979 Y10.801
G1 X64.535 Y9.927
G1 X61.091 Y9.125
G1 X57.674 Y8.404
G1 X54.315 Y7.773
G1 X51.046 Y7.242
G1 X47.899 Y6.819
G1 X44.906 Y6.512
G1 X42.100 Y6.328
G1 X39.509 Y6.273
G1 X37.160 Y6.352
G1 X35.077 Y6.567
G1 X33.278 Y6.922
G1 X31.778 Y7.415
G1 X30.586 Y8.046
G1 X29.705 Y8.810
G1 X29.135 Y9.704
G1 X28.867 Y10.720
G1 X28.891 Y11.851
G1 X29.190 Y13.088
G1 X29.746 Y14.421
G1 X30.535 Y15.839
G1 X31.534 Y17.330
G1 X32.717 Y18.882
G1 X34.059 Y20.485
G1 X35.534 Y22.126
G1 X37.118 Y23.793
G1 X38.787 Y25.476
G1 X40.521 Y27.165
G1 X42.299 Y28.850
G1 X44.105 Y30.522
G1 X45.923 Y32.173
G1 X47.740 Y33.797
G1 X49.546 Y35.387
G1 X51.331 Y36.939
G1 X53.089 Y38.447
G1 X54.813 Y39.908
G1 X56.500 Y41.320
G1 X58.147 Y42.680
G1 X59.752 Y43.987
G1 X61.313 Y45.240
G1 X62.830 Y46.438
G1 X64.304 Y47.583
G1 X65.735 Y48.674
G1 X67.125 Y49.711
G1 X68.474 Y50.698
G1 X69.784 Y51.633
G1 X71.056 Y52.521
G1 X72.292 Y53.361
G1 X73.493 Y54.155
G1 X74.662 Y54.907
G1 X75.799 Y55.617
G1 X76.907 Y56.289
G1 X77.985 Y56.923
G1 X79.036 Y57.522
G1 X80.062 Y58.089
G1 X81.062 Y58.625
G1 X82.038 Y59.132
G1 X82.991 Y59.613
G1 X83.922 Y60.069
G1 X84.831 Y60.502
G1 X85.719 Y60.914
G1 X86.587 Y61.307
G1 X87.434 Y61.683
G1 X88.263 Y62.043
G1 X89.072 Y62.389
G1 X89.863 Y62.722
G1 X90.635 Y63.044
G1 X91.388 Y63.357
G1 X92.124 Y63.661
G1 X92.841 Y63.958
G1 X93.540 Y64.250
G1 X94.220 Y64.536
G1 X94.883 Y64.820
G1 X95.526 Y65.100
G1 X96.152 Y65.380
G1 X96.758 Y65.659
G1 X97.345 Y65.939
G1 X97.913 Y66.220
G1 X98.461 Y66.504
G1 X98.989 Y66.791
G1 X99.496 Y67.082
G1 X99.982 Y67.378
G1 X100.446 Y67.680
G1 X100.887 Y67.988
G1 X101.306 Y68.303
G1 X101.700 Y68.626
G1 X102.070 Y68.957
G1 X102.415 Y69.297
G1 X102.733 Y69.647
G1 X103.023 Y70.007
G1 X103.285 Y70.378
G1 X103.517 Y70.760
G1 X103.717 Y71.154
G1 X103.886 Y71.560
G1 X104.021 Y71.979
G1 X104.120 Y72.412
G1 X104.183 Y72.859
G1 X104.207 Y73.319
G1 X104.191 Y73.794
G1 X104.133 Y74.285
G1 X104.031 Y74.790
G1 X103.882 Y75.311
G1 X103.686 Y75.847
G1 X103.440 Y76.400
G1 X103.141 Y76.968
G1 X102.787 Y77.552
G1 X102.377 Y78.153
G1 X101.907 Y78.769
G1 X101.376 Y79.400
G1 X100.780 Y80.047
G1 X100.119 Y80.709
G1 X99.390 Y81.385
G1 X98.590 Y82.075
G1 X97.718 Y82.778
G1 X96.772 Y83.492
G1 X95.750 Y84.217
G1 X94.652 Y84.952
G1 X93.477 Y85.694
G1 X92.224 Y86.442
G1 X90.893 Y87.195
G1 X89.486 Y87.950
G1 X88.002 Y88.704
G1 X86.445 Y89.456
G1 X84.816 Y90.202
G1 X83.120 Y90.939
G1 X81.360 Y91.664
G1 X79.542 Y92.374
G1 X77.672 Y93.065
G1 X75.758 Y93.733
G1 X73.807 Y94.374
G1 X71.829 Y94.983
G1 X69.834 Y95.558
G1 X67.832 Y96.093
G1 X65.836 Y96.583
G1 X63.858 Y97.026
G1 X61.911 Y97.417
G1 X60.009 Y97.751
G1 X58.163 Y98.025
G1 X56.389 Y98.236
G1 X54.698 Y98.381
G1 X53.104 Y98.456
G1 X51.617 Y98.460
G1 X50.250 Y98.392
G1 X49.010 Y98.249
G1 X47.907 Y98.032
G1 X46.947 Y97.741
G1 X46.134 Y97.376
G1 X45.473 Y96.939
G1 X44.964 Y96.432
G1 X44.607 Y95.858
G1 X44.401 Y95.220
G1 X44.341 Y94.522
G1 X44.422 Y93.768
G1 X44.639 Y92.962
G1 X44.984 Y92.109
G1 X45.449 Y91.216
G1 X46.025 Y90.286
G1 X46.703 Y89.325
G1 X47.472 Y88.339
G1 X48.325 Y87.334
G1 X49.251 Y86.314
G1 X50.240 Y85.284
G1 X51.285 Y84.250
G1 X52.376 Y83.216
G1 X53.506 Y82.187
G1 X54.667 Y81.167
G1 X55.852 Y80.159
G1 X57.057 Y79.166
G1 X58.274 Y78.193
G1 X59.500 Y77.240
G1 X60.731 Y76.312
G1 X61.961 Y75.409
G1 X63.189 Y74.534
G1 X64.412 Y73.688
G1 X65.627 Y72.872
G1 X66.833 Y72.087
G1 X68.027 Y71.333
G1 X69.210 Y70.611
G1 X70.379 Y69.921
G1 X71.535 Y69.263
G1 X72.675 Y68.636
G1 X73.802 Y68.041
G1 X74.913 Y67.477
G1 X76.008 Y66.944
G1 X77.089 Y66.440
G1 X78.154 Y65.966
G1 X79.204 Y65.519
G1 X80.240 Y65.101
G1 X81.260 Y64.709
G1 X82.265 Y64.342
G1 X83.257 Y64.001
G1 X84.234 Y63.683
G1 X85.196 Y63.388
G1 X86.146 Y63.115
G1 X87.081 Y62.864
G1 X88.003 Y62.633
G1 X88.912 Y62.421
G1 X89.808 Y62.228
G1 X90.691 Y62.053
G1 X91.561 Y61.895
G1 X92.420 Y61.753
G1 X93.265 Y61.626
G1 X94.099 Y61.515
G1 X94.920 Y61.417
G1 X95.730 Y61.334
G1 X96.528 Y61.263
G1 X97.314 Y61.205
G1 X98.089 Y61.160
G1 X98.852 Y61.125
G1 X99.603 Y61.102
G1 X100.344 Y61.090
G1 X101.073 Y61.088
G1 X101.791 Y61.097
G1 X102.497 Y61.115
G1 X103.192 Y61.143
G1 X103.876 Y61.180
G1 X104.549 Y61.226
G1 X105.211 Y61.282
G1 X105.862 Y61.346
G1 X106.501 Y61.420
G1 X107.128 Y61.502
G1 X107.745 Y61.593
G1 X108.350 Y61.692
G1 X108.943 Y61.801
G1 X109.524 Y61.918
G1 X110.094 Y62.044
G1 X110.651 Y62.179
G1 X111.196 Y62.324
G1 X111.729 Y62.477
G1 X112.248 Y62.641
G1 X112.755 Y62.813
G1 X113.248 Y62.996
G1 X113.728 Y63.189
G1 X114.193 Y63.392
G1 X114.644 Y63.606
G1 X115.080 Y63.831
G1 X115.500 Y64.068
G1 X115.903 Y64.316
G1 X116.290 Y64.577
G1 X116.660 Y64.850
G1 X117.011 Y65.136
G1 X117.342 Y65.435
G1 X117.654 Y65.749
G1 X117.944 Y66.077
G1 X118.212 Y66.420
G1 X118.457 Y66.778
G1 X118.677 Y67.153
G1 X118.870 Y67.544
G1 X119.036 Y67.953
G1 X119.172 Y68.380
G1 X119.276 Y68.826
G1 X119.348 Y69.290
G1 X119.383 Y69.775
G1 X119.381 Y70.280
G1 X119.339 Y70.806
G1 X119.254 Y71.355
G1 X119.122 Y71.926
G1 X118.942 Y72.520
G1 X118.710 Y73.138
G1 X118.422 Y73.781
G1 X118.075 Y74.448
G1 X117.664 Y75.141
G1 X117.186 Y75.861
G1 X116.636 Y76.606
G1 X116.010 Y77.378
G1 X115.303 Y78.178
G1 X114.510 Y79.004
G1 X113.625 Y79.857
G1 X112.645 Y80.737
G1 X111.563 Y81.644
G1 X110.376 Y82.576
G1 X109.076 Y83.533
G1 X107.661 Y84.514
G1 X106.124 Y85.517
G1 X104.463 Y86.542
G1 X102.672 Y87.585
G1 X100.750 Y88.644
G1 X98.695 Y89.716
G1 X96.504 Y90.799
G1 X94.179 Y91.888
G1 X91.721 Y92.978
G1 X89.133 Y94.066
G1 X86.420 Y95.145
G1 X83.590 Y96.210
G1 X80.653 Y97.254
G1 X77.619 Y98.270
G1 X74.503 Y99.252
G1 X71.323 Y100.190
G1 X68.098 Y101.077
G1 X64.849 Y101.904
G1 X61.601 Y102.663
G1 X58.381 Y103.345
G1 X55.215 Y103.941
G1 X52.134 Y104.444
G1 X49.166 Y104.845
G1 X46.340 Y105.137
G1 X43.686 Y105.314
G1 X41.229 Y105.371
G1 X38.994 Y105.302
G1 X37.003 Y105.106
G1 X35.273 Y104.780
G1 X33.818 Y104.324
G1 X32.647 Y103.739
G1 X31.763 Y103.029
G1 X31.166 Y102.198
G1 X30.852 Y101.251
G1 X30.809 Y100.196
G1 X31.026 Y99.041
G1 X31.485 Y97.794
G1 X32.167 Y96.465
G1 X33.050 Y95.066
G1 X34.113 Y93.606
G1 X35.332 Y92.097
G1 X36.685 Y90.549
G1 X38.149 Y88.973
G1 X39.702 Y87.379
G1 X41.325 Y85.777
G1 X42.999 Y84.176
G1 X44.709 Y82.584
G1 X46.439 Y81.009
G1 X48.176 Y79.457
G1 X49.911 Y77.935
G1 X51.634 Y76.447
G1 X53.337 Y74.999
G1 X55.015 Y73.593
G1 X56.663 Y72.232
G1 X58.278 Y70.919
G1 X59.857 Y69.655
G1 X61.398 Y68.442
G1 X62.902 Y67.280
G1 X64.367 Y66.169
G1 X65.793 Y65.109
G1 X67.182 Y64.099
G1 X68.534 Y63.138
G1 X69.850 Y62.226
G1 X71.131 Y61.361
G1 X72.380 Y60.541
G1 X73.596 Y59.765
G1 X74.781 Y59.031
G1 X75.937 Y58.337
G1 X77.064 Y57.682
G1 X78.165 Y57.062
G1 X79.240 Y56.477
G1 X80.290 Y55.925
G1 X81.316 Y55.403
G1 X82.320 Y54.909
G1 X83.302 Y54.442
G1 X84.262 Y54.000
G1 X85.203 Y53.581
G1 X86.123 Y53.183
G1 X87.024 Y52.804
G1 X87.907 Y52.444
G1 X88.771 Y52.099
G1 X89.618 Y51.770
G1 X90.447 Y51.453
G1 X91.259 Y51.148
G1 X92.053 Y50.854
G1 X92.831 Y50.569
G1 X93.592 Y50.292
G1 X94.337 Y50.022
G1 X95.065 Y49.757
G1 X95.776 Y49.496
G1 X96.471 Y49.239
G1 X97.149 Y48.984
G1 X97.811 Y48.731
G1 X98.455 Y48.478
G1 X99.083 Y48.224
G1 X99.693 Y47.970
G1 X100.285 Y47.713
G1 X100.860 Y47.453
G1 X101.416 Y47.190
G1 X101.954 Y46.922
G1 X102.473 Y46.648
G1 X102.972 Y46.369
G1 X103.451 Y46.083
G1 X103.909 Y45.790
G1 X104.345 Y45.489
G1 X104.760 Y45.180
G1 X105.151 Y44.861
G1 X105.519 Y44.533
G1 X105.862 Y44.194
G1 X106.180 Y43.844
G1 X106.470 Y43.482
G1 X106.733 Y43.108
G1 X106.966 Y42.722
G1 X107.169 Y42.322
G1 X107.339 Y41.908
G1 X107.477 Y41.480
G1 X107.579 Y41.037
G1 X107.644 Y40.579
G1 X107.671 Y40.105
G1 X107.656 Y39.615
G1 X107.599 Y39.108
G1 X107.498 Y38.584
G1 X107.349 Y38.042
G1 X107.150 Y37.483
G1 X106.900 Y36.906
G1 X106.595 Y36.311
G1 X106.232 Y35.697
G1 X105.810 Y35.065
G1 X105.325 Y34.415
G1 X104.774 Y33.746
G1 X104.155 Y33.060
G1 X103.465 Y32.355
G1 X102.701 Y31.634
G1 X101.860 Y30.895
G1 X100.939 Y30.141
G1 X99.936 Y29.372
G1 X98.850 Y28.589
G1 X97.677 Y27.793
G1 X96.417 Y26.986
G1 X95.068 Y26.170
G1 X93.630 Y25.346
G1 X92.102 Y24.518
G1 X90.486 Y23.686
G1 X88.782 Y22.855
G1 X86.993 Y22.027
G1 X85.123 Y21.205
G1 X83.174 Y20.394
G1 X81.154 Y19.597
G1 X79.068 Y18.818
G1 X76.924 Y18.062
G1 X74.732 Y17.334
G1 X72.501 Y16.637
G1 X70.243 Y15.978
G1 X67.972 Y15.362
G1 X65.700 Y14.792
G1 X63.442 Y14.276
G1 X61.215 Y13.817
G1 X59.034 Y13.420
G1 X56.915 Y13.091
G1 X54.875 Y12.833
G1 X52.929 Y12.650
G1 X51.095 Y12.546
G1 X49.385 Y12.524
G1 X47.814 Y12.586
G1 X46.393 Y12.732
G1 X45.132 Y12.965
G1 X44.040 Y13.284
G1 X43.122 Y13.688
G1 X42.383 Y14.175
G1 X41.823 Y14.744
G1 X41.442 Y15.390
G1 X41.237 Y16.111
G1 X41.203 Y16.901
G1 X41.333 Y17.755
G1 X41.620 Y18.669
G1 X42.053 Y19.635
G1 X42.621 Y20.648
G1 X43.314 Y21.701
G1 X44.119 Y22.788
G1 X45.025 Y23.903
G1 X46.020 Y25.038
G1 X47.091 Y26.188
G1 X48.228 Y27.346
G1 X49.420 Y28.508
G1 X50.657 Y29.667
G1 X51.929 Y30.818
G1 X53.228 Y31.957
G1 X54.548 Y33.080
G1 X55.880 Y34.183
G1 X57.220 Y35.262
G1 X58.561 Y36.316
G1 X59.900 Y37.340
G1 X61.233 Y38.334
G1 X62.557 Y39.296
G1 X63.869 Y40.223
G1 X65.167 Y41.116
G1 X66.451 Y41.974
G1 X67.717 Y42.796
G1 X68.966 Y43.582
G1 X70.197 Y44.332
G1 X71.410 Y45.046
G1 X72.603 Y45.725
G1 X73.779 Y46.369
G1 X74.935 Y46.980
G1 X76.073 Y47.557
G1 X77.193 Y48.102
G1 X78.295 Y48.617
G1 X79.380 Y49.101
G1 X80.447 Y49.555
G1 X81.498 Y49.982
G1 X82.532 Y50.383
G1 X83.550 Y50.757
G1 X84.553 Y51.107
G1 X85.540 Y51.434
G1 X86.513 Y51.738
G1 X87.471 Y52.022
G1 X88.416 Y52.285
G1 X89.346 Y52.529
G1 X90.263 Y52.755
G1 X91.167 Y52.964
G1 X92.058 Y53.158
G1 X92.936 Y53.336
G1 X93.802 Y53.499
G1 X94.656 Y53.649
G1 X95.498 Y53.787
G1 X96.328 Y53.913
G1 X97.147 Y54.027
G1 X97.955 Y54.131
G1 X98.752 Y54.225
G1 X99.537 Y54.310
G1 X100.312 Y54.385
G1 X101.077 Y54.453
G1 X101.831 Y54.513
G1 X102.574 Y54.565
G1 X103.308 Y54.611
G1 X104.032 Y54.650
G1 X104.746 Y54.683
G1 X105.450 Y54.711
G1 X106.145 Y54.733
G1 X106.830 Y54.749
G1 X107.506 Y54.761
G1 X108.173 Y54.768
G1 X108.830 Y54.770
G1 X109.479 Y54.768
G1 X110.119 Y54.762
G1 X110.750 Y54.752
G1 X111.372 Y54.738
G1 X111.986 Y54.720
G1 X112.592 Y54.698
G1 X113.189 Y54.673
G1 X113.777 Y54.644
G1 X114.358 Y54.612
G1 X114.930 Y54.576
G1 X115.494 Y54.536
G1 X116.050 Y54.493
G1 X116.599 Y54.447
G1 X117.139 Y54.397
G1 X117.672 Y54.343
G1 X118.197 Y54.286
G1 X118.714 Y54.225
G1 X119.223 Y54.160
G1 X119.725 Y54.091
G1 X120.219 Y54.019
G1 X120.706 Y53.942
G1 X121.185 Y53.861
G1 X121.656 Y53.775
G1 X122.120 Y53.685
G1 X122.576 Y53.590
G1 X123.025 Y53.490
G1 X123.466 Y53.386
G1 X123.899 Y53.275
G1 X124.324 Y53.160
G1 X124.742 Y53.038
G1 X125.152 Y52.910
G1 X125.553 Y52.777
G1 X125.947 Y52.636
G1 X126.332 Y52.489
G1 X126.708 Y52.334
G1 X127.076 Y52.172
G1 X127.435 Y52.002
G1 X127.785 Y51.824
G1 X128.125 Y51.637
G1 X128.455 Y51.441
G1 X128.775 Y51.235
G1 X129.085 Y51.019
G1 X129.384 Y50.793
G1 X129.671 Y50.556
G1 X129.946 Y50.308
G1 X130.208 Y50.047
G1 X130.456 Y49.774
G1 X130.691 Y49.487
G1 X130.910 Y49.187
G1 X131.114 Y48.872
G1 X131.300 Y48.541
G1 X131.469 Y48.195
G1 X131.618 Y47.832
G1 X131.746 Y47.452
G1 X131.851 Y47.053
G1 X131.933 Y46.635
G1 X131.989 Y46.197
G1 X132.017 Y45.738
G1 X132.015 Y45.257
G1 X131.981 Y44.753
G1 X131.911 Y44.226
G1 X131.803 Y43.673
G1 X131.655 Y43.095
G1 X131.461 Y42.490
G1 X131.220 Y41.857
G1 X130.926 Y41.194
G1 X130.575 Y40.502
G1 X130.164 Y39.779
G1 X129.685 Y39.023
G1 X129.135 Y38.235
G1 X128.506 Y37.412
G1 X127.794 Y36.555
G1 X126.991 Y35.662
G1 X126.090 Y34.733
G1 X125.084 Y33.767
G1 X123.965 Y32.764
G1 X122.725 Y31.723
G1 X121.356 Y30.646
G1 X119.849 Y29.531
G1 X118.196 Y28.380
G1 X116.389 Y27.194
G1 X114.418 Y25.974
G1 X112.277 Y24.722
G1 X109.958 Y23.441
G1 X107.455 Y22.133
G1 X104.763 Y20.803
G1 X101.878 Y19.454
G1 X98.800 Y18.093
G1 X95.528 Y16.724
G1 X92.066 Y15.355
G1 X88.421 Y13.993
G1 X84.604 Y12.648
G1 X80.628 Y11.329
G1 X76.513 Y10.046
G1 X72.282 Y8.811
G1 X67.963 Y7.637
G1 X63.588 Y6.534
G1 X59.195 Y5.518
G1 X54.825 Y4.601
G1 X50.523 Y3.798
G1 X46.337 Y3.120
G1 X42.314 Y2.581
G1 X38.504 Y2.193
G1 X34.955 Y1.965
G1 X31.709 Y1.907
G1 X28.808 Y2.026
G1 X26.285 Y2.326
G1 X24.167 Y2.811
G1 X22.471 Y3.478
G1 X21.208 Y4.327
G1 X20.378 Y5.351
G1 X19.972 Y6.542
G1 X19.973 Y7.891
G1 X20.357 Y9.385
G1 X21.093 Y11.010
G1 X22.147 Y12.751
G1 X23.480 Y14.591
G1 X25.051 Y16.515
G1 X26.821 Y18.505
G1 X28.750 Y20.544
G1 X30.800 Y22.617
G1 X32.936 Y24.707
G1 X35.127 Y26.802
G1 X37.346 Y28.888
G1 X39.567 Y30.952
G1 X41.772 Y32.986
G1 X43.943 Y34.979
G1 X46.068 Y36.924
G1 X48.136 Y38.814
G1 X50.139 Y40.646
G1 X52.074 Y42.413
G1 X53.936 Y44.114
G1 X55.724 Y45.747
G1 X57.439 Y47.310
G1 X59.081 Y48.803
G1 X60.651 Y50.226
G1 X62.153 Y51.581
G1 X63.589 Y52.867
G1 X64.962 Y54.088
G1 X66.274 Y55.244
G1 X67.530 Y56.338
G1 X68.732 Y57.373
G1 X69.884 Y58.351
G1 X70.988 Y59.275
G1 X72.047 Y60.147
G1 X73.064 Y60.971
G1 X74.041 Y61.748
G1 X74.980 Y62.482
G1 X75.884 Y63.176
G1 X76.753 Y63.832
G1 X77.591 Y64.452
G1 X78.398 Y65.040
G1 X79.175 Y65.598
G1 X79.924 Y66.127
G1 X80.645 Y66.632
G1 X81.340 Y67.113
G1 X82.010 Y67.572
G1 X82.654 Y68.013
G1 X83.273 Y68.436
G1 X83.868 Y68.843
G1 X84.439 Y69.237
G1 X84.987 Y69.619
G1 X85.510 Y69.991
G1 X86.010 Y70.353
G1 X86.486 Y70.708
G1 X86.938 Y71.057
G1 X87.367 Y71.400
G1 X87.771 Y71.740
G1 X88.150 Y72.076
G1 X88.505 Y72.411
G1 X88.835 Y72.745
G1 X89.139 Y73.079
G1 X89.416 Y73.414
G1 X89.668 Y73.751
G1 X89.892 Y74.089
G1 X90.088 Y74.431
G1 X90.256 Y74.776
G1 X90.395 Y75.126
G1 X90.505 Y75.479
G1 X90.584 Y75.838
G1 X90.632 Y76.202
G1 X90.649 Y76.572
G1 X90.633 Y76.947
G1 X90.583 Y77.328
G1 X90.500 Y77.716
G1 X90.382 Y78.110
G1 X90.229 Y78.510
G1 X90.039 Y78.916
G1 X89.813 Y79.328
G1 X89.549 Y79.746
G1 X89.248 Y80.170
G1 X88.907 Y80.600
G1 X88.528 Y81.034
G1 X88.110 Y81.474
G1 X87.652 Y81.917
G1 X87.155 Y82.364
G1 X86.618 Y82.813
G1 X86.041 Y83.265
G1 X85.425 Y83.719
G1 X84.771 Y84.172
G1 X84.078 Y84.626
G1 X83.348 Y85.078
G1 X82.582 Y85.527
G1 X81.781 Y85.972
G1 X80.947 Y86.412
G1 X80.081 Y86.846
G1 X79.186 Y87.272
G1 X78.264 Y87.688
G1 X77.318 Y88.094
G1 X76.350 Y88.487
G1 X75.364 Y88.866
G1 X74.364 Y89.229
G1 X73.353 Y89.574
G1 X72.335 Y89.901
G1 X71.314 Y90.207
G1 X70.295 Y90.491
G1 X69.283 Y90.750
G1 X68.281 Y90.984
G1 X67.295 Y91.190
G1 X66.330 Y91.369
G1 X65.391 Y91.517
G1 X64.482 Y91.634
G1 X63.608 Y91.719
G1 X62.774 Y91.771
G1 X61.983 Y91.790
G1 X61.240 Y91.774
G1 X60.549 Y91.723
G1 X59.913 Y91.637
G1 X59.335 Y91.516
G1 X58.818 Y91.361
G1 X58.364 Y91.171
G1 X57.974 Y90.947
G1 X57.650 Y90.690
G1 X57.392 Y90.402
G1 X57.201 Y90.082
G1 X57.077 Y89.734
G1 X57.018 Y89.357
G1 X57.024 Y88.955
G1 X57.093 Y88.528
G1 X57.223 Y88.078
G1 X57.413 Y87.608
G1 X57.660 Y87.120
G1 X57.961 Y86.616
G1 X58.313 Y86.097
G1 X58.714 Y85.567
G1 X59.160 Y85.027
G1 X59.649 Y84.480
G1 X60.176 Y83.927
G1 X60.739 Y83.372
G1 X61.336 Y82.815
G1 X61.961 Y82.258
G1 X62.614 Y81.704
G1 X63.290 Y81.155
G1 X63.988 Y80.612
G1 X64.704 Y80.076
G1 X65.435 Y79.549
G1 X66.181 Y79.032
G1 X66.938 Y78.527
G1 X67.704 Y78.035
G1 X68.477 Y77.556
G1 X69.256 Y77.092
G1 X70.039 Y76.643
G1 X70.824 Y76.211
G1 X71.610 Y75.794
G1 X72.396 Y75.395
G1 X73.181 Y75.014
G1 X73.962 Y74.650
G1 X74.740 Y74.305
G1 X75.513 Y73.978
G1 X76.281 Y73.669
G1 X77.043 Y73.379
G1 X77.797 Y73.108
G1 X78.544 Y72.855
G1 X79.283 Y72.621
G1 X80.013 Y72.405
G1 X80.733 Y72.208
G1 X81.443 Y72.028
G1 X82.143 Y71.867
G1 X82.832 Y71.724
G1 X83.509 Y71.598
G1 X84.174 Y71.489
G1 X84.827 Y71.398
G1 X85.467 Y71.324
G1 X86.094 Y71.267
G1 X86.707 Y71.226
G1 X87.306 Y71.202
G1 X87.891 Y71.194
G1 X88.460 Y71.202
G1 X89.014 Y71.226
G1 X89.551 Y71.265
G1 X90.072 Y71.320
G1 X90.576 Y71.390
G1 X91.061 Y71.476
G1 X91.529 Y71.576
G1 X91.978 Y71.692
G1 X92.407 Y71.822
G1 X92.816 Y71.967
G1 X93.204 Y72.126
G1 X93.571 Y72.301
G1 X93.915 Y72.489
G1 X94.236 Y72.693
G1 X94.533 Y72.910
G1 X94.806 Y73.142
G1 X95.052 Y73.388
G1 X95.272 Y73.649
G1 X95.464 Y73.923
G1 X95.628 Y74.212
G1 X95.762 Y74.515
G1 X95.865 Y74.833
G1 X95.936 Y75.164
G1 X95.974 Y75.509
G1 X95.978 Y75.868
G1 X95.946 Y76.241
G1 X95.878 Y76.628
G1 X95.771 Y77.028
G1 X95.626 Y77.441
G1 X95.439 Y77.868
G1 X95.211 Y78.307
G1 X94.940 Y78.759
G1 X94.624 Y79.223
G1 X94.263 Y79.699
G1 X93.854 Y80.186
G1 X93.398 Y80.685
G1 X92.893 Y81.193
G1 X92.338 Y81.711
G1 X91.733 Y82.237
G1 X91.076 Y82.772
G1 X90.367 Y83.314
G1 X89.606 Y83.861
G1 X88.793 Y84.414
G1 X87.928 Y84.969
G1 X87.011 Y85.528
G1 X86.044 Y86.086
G1 X85.027 Y86.644
G1 X83.961 Y87.199
G1 X82.849 Y87.750
G1 X81.693 Y88.295
G1 X80.496 Y88.831
G1 X79.260 Y89.356
G1 X77.990 Y89.869
G1 X76.689 Y90.366
G1 X75.363 Y90.846
G1 X74.016 Y91.306
G1 X72.655 Y91.743
G1 X71.284 Y92.155
G1 X69.910 Y92.540
G1 X68.541 Y92.894
G1 X67.182 Y93.216
G1 X65.842 Y93.502
G1 X64.528 Y93.751
G1 X63.247 Y93.961
G1 X62.006 Y94.129
G1 X60.814 Y94.255
G1 X59.677 Y94.335
G1 X58.601 Y94.369
G1 X57.594 Y94.356
G1 X56.661 Y94.295
G1 X55.808 Y94.186
G1 X55.038 Y94.028
G1 X54.356 Y93.821
G1 X53.765 Y93.567
G1 X53.267 Y93.267
G1 X52.864 Y92.920
G1 X52.555 Y92.529
G1 X52.342 Y92.096
G1 X52.223 Y91.623
G1 X52.195 Y91.112
G1 X52.258 Y90.565
G1 X52.407 Y89.986
G1 X52.639 Y89.378
G1 X52.950 Y88.743
G1 X53.335 Y88.085
G1 X53.791 Y87.406
G1 X54.312 Y86.711
G1 X54.893 Y86.002
G1 X55.529 Y85.283
G1 X56.214 Y84.556
G1 X56.945 Y83.825
G1 X57.716 Y83.093
G1 X58.523 Y82.362
G1 X59.360 Y81.635
G1 X60.225 Y80.915
G1 X61.112 Y80.203
G1 X62.018 Y79.502
G1 X62.941 Y78.815
G1 X63.876 Y78.141
G1 X64.821 Y77.484
G1 X65.772 Y76.845
G1 X66.729 Y76.224
G1 X67.688 Y75.623
G1 X68.649 Y75.043
G1 X69.608 Y74.484
G1 X70.564 Y73.947
G1 X71.517 Y73.432
G1 X72.465 Y72.941
G1 X73.407 Y72.472
G1 X74.342 Y72.027
G1 X75.269 Y71.605
G1 X76.188 Y71.206
G1 X77.098 Y70.830
G1 X77.998 Y70.477
G1 X78.889 Y70.146
G1 X79.768 Y69.838
G1 X80.638 Y69.552
G1 X81.496 Y69.287
G1 X82.342 Y69.044
G1 X83.177 Y68.821
G1 X84.000 Y68.619
G1 X84.811 Y68.437
G1 X85.609 Y68.275
G1 X86.395 Y68.132
G1 X87.168 Y68.007
G1 X87.928 Y67.901
G1 X88.675 Y67.812
G1 X89.409 Y67.742
G1 X90.128 Y67.688
G1 X90.834 Y67.651
G1 X91.526 Y67.631
G1 X92.203 Y67.627
G1 X92.866 Y67.639
G1 X93.513 Y67.667
G1 X94.145 Y67.710
G1 X94.762 Y67.768
G1 X95.362 Y67.841
G1 X95.946 Y67.929
G1 X96.513 Y68.032
G1 X97.062 Y68.150
G1 X97.594 Y68.282
G1 X98.108 Y68.428
G1 X98.602 Y68.589
G1 X99.077 Y68.764
G1 X99.532 Y68.954
G1 X99.966 Y69.158
G1 X100.379 Y69.377
G1 X100.769 Y69.610
G1 X101.136 Y69.858
G1 X101.478 Y70.121
G1 X101.796 Y70.399
G1 X102.087 Y70.691
G1 X102.351 Y70.999
G1 X102.587 Y71.322
G1 X102.793 Y71.661
G1 X102.969 Y72.015
G1 X103.112 Y72.385
G1 X103.221 Y72.771
G1 X103.296 Y73.173
G1 X103.333 Y73.591
G1 X103.332 Y74.026
G1 X103.290 Y74.478
G1 X103.207 Y74.946
G1 X103.079 Y75.431
G1 X102.906 Y75.933
G1 X102.684 Y76.451
G1 X102.413 Y76.986
G1 X102.089 Y77.538
G1 X101.711 Y78.107
G1 X101.276 Y78.692
G1 X100.783 Y79.293
G1 X100.228 Y79.909
G1 X99.611 Y80.541
G1 X98.929 Y81.187
G1 X98.179 Y81.847
G1 X97.361 Y82.521
G1 X96.472 Y83.206
G1 X95.511 Y83.903
G1 X94.477 Y84.609
G1 X93.370 Y85.324
G1 X92.188 Y86.045
G1 X90.931 Y86.771
G1 X89.600 Y87.500
G1 X88.197 Y88.230
G1 X86.722 Y88.958
G1 X85.178 Y89.682
G1 X83.569 Y90.398
G1 X81.897 Y91.104
G1 X80.168 Y91.797
G1 X78.387 Y92.473
G1 X76.561 Y93.128
G1 X74.697 Y93.759
G1 X72.803 Y94.361
G1 X70.888 Y94.931
G1 X68.964 Y95.465
G1 X67.039 Y95.959
G1 X65.127 Y96.408
G1 X63.238 Y96.809
G1 X61.385 Y97.158
G1 X59.581 Y97.451
G1 X57.837 Y97.685
G1 X56.168 Y97.857
G1 X54.584 Y97.964
G1 X53.097 Y98.003
G1 X51.717 Y97.974
G1 X50.455 Y97.874
G1 X49.318 Y97.704
G1 X48.314 Y97.462
G1 X47.448 Y97.149
G1 X46.724 Y96.767
G1 X46.144 Y96.316
G1 X45.710 Y95.800
G1 X45.420 Y95.221
G1 X45.272 Y94.582
G1 X45.262 Y93.886
G1 X45.385 Y93.139
G1 X45.635 Y92.344
G1 X46.005 Y91.507
G1 X46.487 Y90.631
G1 X47.073 Y89.723
G1 X47.754 Y88.787
G1 X48.521 Y87.829
G1 X49.364 Y86.853
G1 X50.276 Y85.865
G1 X51.248 Y84.870
G1 X52.271 Y83.871
G1 X53.338 Y82.874
G1 X54.440 Y81.883
G1 X55.573 Y80.900
G1 X56.729 Y79.931
G1 X57.902 Y78.977
G1 X59.088 Y78.042
G1 X60.282 Y77.128
G1 X61.481 Y76.237
G1 X62.680 Y75.372
G1 X63.877 Y74.533
G1 X65.070 Y73.722
G1 X66.256 Y72.941
G1 X67.433 Y72.189
G1 X68.600 Y71.468
G1 X69.756 Y70.777
G1 X70.900 Y70.117
G1 X72.031 Y69.489
G1 X73.148 Y68.890
G1 X74.251 Y68.322
G1 X75.341 Y67.785
G1 X76.415 Y67.276
G1 X77.476 Y66.797
G1 X78.522 Y66.345
G1 X79.553 Y65.921
G1 X80.570 Y65.524
G1 X81.573 Y65.152
G1 X82.562 Y64.806
G1 X83.536 Y64.484
G1 X84.497 Y64.185
G1 X85.444 Y63.909
G1 X86.378 Y63.654
G1 X87.298 Y63.420
G1 X88.205 Y63.206
G1 X89.099 Y63.011
G1 X89.980 Y62.835
G1 X90.849 Y62.676
G1 X91.705 Y62.535
G1 X92.548 Y62.409
G1 X93.379 Y62.299
G1 X94.198 Y62.205
G1 X95.005 Y62.124
G1 X95.800 Y62.058
G1 X96.582 Y62.005
G1 X97.353 Y61.964
G1 X98.112 Y61.937
G1 X98.859 Y61.921
G1 X99.594 Y61.917
G1 X100.318 Y61.924
G1 X101.030 Y61.942
G1 X101.730 Y61.971
G1 X102.418 Y62.011
G1 X103.094 Y62.061
G1 X103.758 Y62.121
G1 X104.411 Y62.191
G1 X105.051 Y62.272
G1 X105.679 Y62.362
G1 X106.294 Y62.462
G1 X106.898 Y62.571
G1 X107.488 Y62.691
G1 X108.066 Y62.820
G1 X108.631 Y62.960
G1 X109.182 Y63.109
G1 X109.720 Y63.269
G1 X110.244 Y63.439
G1 X110.754 Y63.620
G1 X111.249 Y63.812
G1 X111.729 Y64.014
G1 X112.193 Y64.228
G1 X112.642 Y64.453
G1 X113.074 Y64.690
G1 X113.488 Y64.939
G1 X113.885 Y65.201
G1 X114.263 Y65.476
G1 X114.621 Y65.764
G1 X114.960 Y66.066
G1 X115.277 Y66.382
G1 X115.571 Y66.712
G1 X115.842 Y67.058
G1 X116.088 Y67.420
G1 X116.308 Y67.797
G1 X116.501 Y68.192
G1 X116.664 Y68.603
G1 X116.796 Y69.033
G1 X116.896 Y69.481
G1 X116.961 Y69.948
G1 X116.989 Y70.435
G1 X116.978 Y70.942
G1 X116.925 Y71.469
G1 X116.828 Y72.018
G1 X116.683 Y72.590
G1 X116.489 Y73.183
G1 X116.241 Y73.800
G1 X115.937 Y74.440
G1 X115.572 Y75.105
G1 X115.144 Y75.794
G1 X114.647 Y76.507
G1 X114.078 Y77.246
G1 X113.433 Y78.010
G1 X112.707 Y78.799
G1 X111.896 Y79.613
G1 X110.995 Y80.452
G1 X110.000 Y81.316
G1 X108.905 Y82.204
G1 X107.707 Y83.115
G1 X106.401 Y84.049
G1 X104.982 Y85.003
G1 X103.448 Y85.977
G1 X101.795 Y86.968
G1 X100.020 Y87.974
G1 X98.122 Y88.993
G1 X96.099 Y90.022
G1 X93.951 Y91.057
G1 X91.679 Y92.094
G1 X89.288 Y93.130
G1 X86.779 Y94.158
G1 X84.161 Y95.174
G1 X81.440 Y96.172
G1 X78.628 Y97.147
G1 X75.735 Y98.090
G1 X72.778 Y98.995
G1 X69.772 Y99.855
G1 X66.737 Y100.662
G1 X63.693 Y101.409
G1 X60.664 Y102.087
G1 X57.674 Y102.688
G1 X54.748 Y103.206
G1 X51.914 Y103.632
G1 X49.196 Y103.961
G1 X46.621 Y104.185
G1 X44.214 Y104.299
G1 X41.999 Y104.300
G1 X39.994 Y104.183
G1 X38.220 Y103.947
G1 X36.689 Y103.590
G1 X35.414 Y103.114
G1 X34.399 Y102.520
G1 X33.648 Y101.810
G1 X33.159 Y100.990
G1 X32.927 Y100.065
G1 X32.942 Y99.041
G1 X33.191 Y97.927
G1 X33.660 Y96.731
G1 X34.330 Y95.462
G1 X35.184 Y94.129
G1 X36.200 Y92.743
G1 X37.359 Y91.313
G1 X38.640 Y89.849
G1 X40.024 Y88.360
G1 X41.492 Y86.856
G1 X43.025 Y85.346
G1 X44.609 Y83.837
G1 X46.227 Y82.338
G1 X47.868 Y80.854
G1 X49.519 Y79.393
G1 X51.171 Y77.960
G1 X52.816 Y76.559
G1 X54.446 Y75.194
G1 X56.057 Y73.869
G1 X57.643 Y72.586
G1 X59.202 Y71.348
G1 X60.731 Y70.156
G1 X62.228 Y69.011
G1 X63.692 Y67.913
G1 X65.123 Y66.864
G1 X66.520 Y65.862
G1 X67.884 Y64.907
G1 X69.216 Y63.999
G1 X70.516 Y63.136
G1 X71.785 Y62.317
G1 X73.024 Y61.541
G1 X74.234 Y60.807
G1 X75.417 Y60.112
G1 X76.572 Y59.456
G1 X77.702 Y58.836
G1 X78.807 Y58.251
G1 X79.889 Y57.698
G1 X80.948 Y57.177
G1 X81.985 Y56.684
G1 X83.001 Y56.220
G1 X83.997 Y55.781
G1 X84.973 Y55.366
G1 X85.930 Y54.974
G1 X86.869 Y54.602
G1 X87.790 Y54.250
G1 X88.694 Y53.915
G1 X89.582 Y53.597
G1 X90.452 Y53.293
G1 X91.307 Y53.003
G1 X92.146 Y52.724
G1 X92.969 Y52.457
G1 X93.777 Y52.199
G1 X94.570 Y51.949
G1 X95.347 Y51.707
G1 X96.110 Y51.471
G1 X96.859 Y51.240
G1 X97.592 Y51.013
G1 X98.311 Y50.790
G1 X99.015 Y50.568
G1 X99.704 Y50.349
G1 X100.379 Y50.130
G1 X101.039 Y49.911
G1 X101.683 Y49.691
G1 X102.313 Y49.469
G1 X102.927 Y49.245
G1 X103.525 Y49.017
G1 X104.108 Y48.786
G1 X104.675 Y48.550
G1 X105.225 Y48.310
G1 X105.758 Y48.063
G1 X106.274 Y47.810
G1 X106.772 Y47.550
G1 X107.252 Y47.283
G1 X107.714 Y47.007
G1 X108.155 Y46.722
G1 X108.577 Y46.428
G1 X108.978 Y46.124
G1 X109.357 Y45.809
G1 X109.713 Y45.483
G1 X110.046 Y45.146
G1 X110.354 Y44.796
G1 X110.636 Y44.433
G1 X110.892 Y44.056
G1 X111.119 Y43.665
G1 X111.316 Y43.260
G1 X111.482 Y42.839
G1 X111.616 Y42.403
G1 X111.714 Y41.950
G1 X111.776 Y41.480
G1 X111.799 Y40.992
G1 X111.782 Y40.487
G1 X111.721 Y39.963
G1 X111.615 Y39.419
G1 X111.461 Y38.857
G1 X111.257 Y38.274
G1 X110.998 Y37.671
G1 X110.683 Y37.048
G1 X110.309 Y36.403
G1 X109.871 Y35.737
G1 X109.367 Y35.051
G1 X108.794 Y34.342
G1 X108.147 Y33.613
G1 X107.423 Y32.862
G1 X106.619 Y32.091
G1 X105.731 Y31.300
G1 X104.756 Y30.489
G1 X103.690 Y29.659
G1 X102.529 Y28.811
G1 X101.272 Y27.947
G1 X99.916 Y27.067
G1 X98.458 Y26.175
G1 X96.897 Y25.271
G1 X95.231 Y24.357
G1 X93.461 Y23.438
G1 X91.587 Y22.515
G1 X89.611 Y21.593
G1 X87.536 Y20.674
G1 X85.366 Y19.763
G1 X83.105 Y18.864
G1 X80.761 Y17.982
G1 X78.343 Y17.122
G1 X75.860 Y16.290
G1 X73.324 Y15.491
G1 X70.748 Y14.731
G1 X68.148 Y14.016
G1 X65.539 Y13.353
G1 X62.940 Y12.748
G1 X60.370 Y12.207
G1 X57.847 Y11.736
G1 X55.393 Y11.342
G1 X53.028 Y11.028
G1 X50.773 Y10.801
G1 X48.646 Y10.665
G1 X46.666 Y10.623
G1 X44.851 Y10.679
G1 X43.215 Y10.834
G1 X41.771 Y11.090
G1 X40.530 Y11.446
G1 X39.498 Y11.903
G1 X38.679 Y12.457
G1 X38.076 Y13.106
G1 X37.686 Y13.847
G1 X37.504 Y14.673
G1 X37.525 Y15.580
G1 X37.737 Y16.562
G1 X38.130 Y17.612
G1 X38.692 Y18.721
G1 X39.407 Y19.883
G1 X40.260 Y21.090
G1 X41.237 Y22.334
G1 X42.322 Y23.606
G1 X43.500 Y24.900
G1 X44.757 Y26.208
G1 X46.078 Y27.522
G1 X47.450 Y28.836
G1 X48.863 Y30.144
G1 X50.305 Y31.440
G1 X51.766 Y32.718
G1 X53.239 Y33.975
G1 X54.715 Y35.206
G1 X56.189 Y36.407
G1 X57.656 Y37.576
G1 X59.111 Y38.710
G1 X60.550 Y39.807
G1 X61.971 Y40.866
G1 X63.372 Y41.885
G1 X64.751 Y42.863
G1 X66.106 Y43.800
G1 X67.438 Y44.696
G1 X68.746 Y45.552
G1 X70.030 Y46.367
G1 X71.289 Y47.142
G1 X72.525 Y47.877
G1 X73.737 Y48.575
G1 X74.926 Y49.236
G1 X76.093 Y49.860
G1 X77.238 Y50.450
G1 X78.362 Y51.007
G1 X79.465 Y51.532
G1 X80.549 Y52.026
G1 X81.613 Y52.491
G1 X82.659 Y52.928
G1 X83.687 Y53.339
G1 X84.698 Y53.725
G1 X85.692 Y54.088
G1 X86.669 Y54.429
G1 X87.631 Y54.749
G1 X88.578 Y55.049
G1 X89.509 Y55.331
G1 X90.426 Y55.596
G1 X91.329 Y55.846
G1 X92.219 Y56.081
G1 X93.094 Y56.302
G1 X93.957 Y56.510
G1 X94.806 Y56.708
G1 X95.643 Y56.894
G1 X96.468 Y57.072
G1 X97.280 Y57.240
G1 X98.080 Y57.400
G1 X98.869 Y57.554
G1 X99.646 Y57.701
G1 X100.412 Y57.842
G1 X101.166 Y57.979
G1 X101.909 Y58.111
G1 X102.641 Y58.240
G1 X103.362 Y58.365
G1 X104.073 Y58.488
G1 X104.773 Y58.609
G1 X105.462 Y58.729
G1 X106.141 Y58.848
G1 X106.809 Y58.966
G1 X107.467 Y59.084
G1 X108.114 Y59.203
G1 X108.752 Y59.323
G1 X109.379 Y59.444
G1 X109.996 Y59.567
G1 X110.603 Y59.692
G1 X111.199 Y59.819
G1 X111.785 Y59.949
G1 X112.361 Y60.083
G1 X112.927 Y60.220
G1 X113.482 Y60.361
G1 X114.027 Y60.507
G1 X114.561 Y60.658
G1 X115.085 Y60.814
G1 X115.598 Y60.975
G1 X116.100 Y61.142
G1 X116.590 Y61.316
G1 X117.070 Y61.496
G1 X117.537 Y61.684
G1 X117.993 Y61.879
G1 X118.436 Y62.083
G1 X118.867 Y62.294
G1 X119.285 Y62.515
G1 X119.690 Y62.745
G1 X120.081 Y62.985
G1 X120.457 Y63.236
G1 X120.818 Y63.497
G1 X121.164 Y63.770
G1 X121.493 Y64.055
G1 X121.805 Y64.352
G1 X122.099 Y64.663
G1 X122.374 Y64.987
G1 X122.629 Y65.326
G1 X122.862 Y65.680
G1 X123.073 Y66.049
G1 X123.261 Y66.435
G1 X123.423 Y66.839
G1 X123.557 Y67.260
G1 X123.664 Y67.699
G1 X123.739 Y68.159
G1 X123.781 Y68.638
G1 X123.789 Y69.138
G1 X123.758 Y69.660
G1 X123.688 Y70.205
G1 X123.574 Y70.773
G1 X123.414 Y71.365
G1 X123.204 Y71.983
G1 X122.941 Y72.626
G1 X122.620 Y73.296
G1 X122.238 Y73.992
G1 X121.790 Y74.717
G1 X121.272 Y75.471
G1 X120.679 Y76.254
G1 X120.004 Y77.066
G1 X119.244 Y77.909
G1 X118.392 Y78.782
G1 X117.442 Y79.685
G1 X116.388 Y80.618
G1 X115.224 Y81.582
G1 X113.945 Y82.575
G1 X112.542 Y83.598
G1 X111.012 Y84.648
G1 X109.347 Y85.724
G1 X107.542 Y86.826
G1 X105.593 Y87.950
G1 X103.496 Y89.094
G1 X101.246 Y90.255
G1 X98.843 Y91.430
G1 X96.285 Y92.613
G1 X93.574 Y93.801
G1 X90.713 Y94.989
G1 X87.707 Y96.169
G1 X84.563 Y97.335
G1 X81.293 Y98.480
G1 X77.909 Y99.596
G1 X74.429 Y100.674
G1 X70.872 Y101.705
G1 X67.262 Y102.679
G1 X63.624 Y103.587
G1 X59.988 Y104.418
G1 X56.384 Y105.162
G1 X52.848 Y105.809
G1 X49.414 Y106.350
G1 X46.116 Y106.774
G1 X42.992 Y107.074
G1 X40.074 Y107.242
G1 X37.394 Y107.271
G1 X34.982 Y107.157
G1 X32.861 Y106.897
G1 X31.051 Y106.489
G1 X29.567 Y105.933
G1 X28.416 Y105.232
G1 X27.600 Y104.389
G1 X27.116 Y103.411
G1 X26.955 Y102.304
G1 X27.100 Y101.078
G1 X27.533 Y99.742
G1 X28.231 Y98.309
G1 X29.169 Y96.790
G1 X30.318 Y95.197
G1 X31.651 Y93.543
G1 X33.139 Y91.842
G1 X34.755 Y90.106
G1 X36.471 Y88.346
G1 X38.264 Y86.575
G1 X40.112 Y84.802
G1 X41.993 Y83.039
G1 X43.891 Y81.293
G1 X45.790 Y79.574
G1 X47.677 Y77.887
G1 X49.543 Y76.239
G1 X51.378 Y74.636
G1 X53.176 Y73.080
G1 X54.932 Y71.575
G1 X56.643 Y70.125
G1 X58.306 Y68.730
G1 X59.921 Y67.393
G1 X61.486 Y66.112
G1 X63.003 Y64.889
G1 X64.471 Y63.723
G1 X65.893 Y62.613
G1 X67.269 Y61.559
G1 X68.601 Y60.558
G1 X69.892 Y59.609
G1 X71.142 Y58.710
G1 X72.354 Y57.859
G1 X73.529 Y57.055
G1 X74.670 Y56.294
G1 X75.778 Y55.576
G1 X76.854 Y54.897
G1 X77.901 Y54.255
G1 X78.919 Y53.648
G1 X79.909 Y53.074
G1 X80.873 Y52.530
G1 X81.813 Y52.015
G1 X82.728 Y51.527
G1 X83.620 Y51.062
G1 X84.489 Y50.620
G1 X85.336 Y50.199
G1 X86.162 Y49.796
G1 X86.966 Y49.409
G1 X87.751 Y49.038
G1 X88.514 Y48.680
G1 X89.258 Y48.334
G1 X89.982 Y47.998
G1 X90.686 Y47.671
G1 X91.371 Y47.352
G1 X92.036 Y47.039
G1 X92.681 Y46.730
G1 X93.306 Y46.426
G1 X93.910 Y46.124
G1 X94.495 Y45.823
G1 X95.059 Y45.523
G1 X95.602 Y45.223
G1 X96.123 Y44.920
G1 X96.623 Y44.616
G1 X97.101 Y44.308
G1 X97.555 Y43.996
G1 X97.987 Y43.679
G1 X98.394 Y43.357
G1 X98.776 Y43.028
G1 X99.133 Y42.692
G1 X99.463 Y42.348
G1 X99.766 Y41.996
G1 X100.041 Y41.635
G1 X100.286 Y41.265
G1 X100.501 Y40.884
G1 X100.684 Y40.493
G1 X100.834 Y40.091
G1 X100.950 Y39.677
G1 X101.031 Y39.251
G1 X101.075 Y38.813
G1 X101.080 Y38.362
G1 X101.045 Y37.898
G1 X100.968 Y37.421
G1 X100.848 Y36.931
G1 X100.683 Y36.427
G1 X100.471 Y35.909
G1 X100.210 Y35.377
G1 X99.899 Y34.832
G1 X99.535 Y34.272
G1 X99.116 Y33.699
G1 X98.642 Y33.113
G1 X98.109 Y32.514
G1 X97.517 Y31.902
G1 X96.863 Y31.278
G1 X96.146 Y30.643
G1 X95.365 Y29.998
G1 X94.518 Y29.342
G1 X93.604 Y28.678
G1 X92.623 Y28.007
G1 X91.574 Y27.329
G1 X90.457 Y26.647
G1 X89.273 Y25.962
G1 X88.022 Y25.277
G1 X86.705 Y24.592
G1 X85.324 Y23.911
G1 X83.883 Y23.236
G1 X82.383 Y22.569
G1 X80.829 Y21.914
G1 X79.226 Y21.272
G1 X77.578 Y20.649
G1 X75.892 Y20.045
G1 X74.175 Y19.466
G1 X72.434 Y18.914
G1 X70.677 Y18.393
G1 X68.914 Y17.907
G1 X67.154 Y17.459
G1 X65.408 Y17.053
G1 X63.685 Y16.692
G1 X61.998 Y16.379
G1 X60.356 Y16.117
G1 X58.770 Y15.911
G1 X57.252 Y15.761
G1 X55.812 Y15.670
G1 X54.460 Y15.641
G1 X53.204 Y15.675
G1 X52.053 Y15.772
G1 X51.015 Y15.934
G1 X50.095 Y16.160
G1 X49.298 Y16.450
G1 X48.628 Y16.803
G1 X48.087 Y17.218
G1 X47.676 Y17.692
G1 X47.394 Y18.224
G1 X47.240 Y18.809
G1 X47.211 Y19.446
G1 X47.301 Y20.130
G1 X47.508 Y20.858
G1 X47.824 Y21.625
G1 X48.243 Y22.427
G1 X48.759 Y23.260
G1 X49.362 Y24.118
G1 X50.047 Y24.998
G1 X50.806 Y25.894
G1 X51.630 Y26.804
G1 X52.512 Y27.721
G1 X53.445 Y28.642
G1 X54.422 Y29.563
G1 X55.436 Y30.480
G1 X56.482 Y31.390
G1 X57.553 Y32.290
G1 X58.645 Y33.176
G1 X59.752 Y34.047
G1 X60.871 Y34.899
G1 X61.998 Y35.730
G1 X63.128 Y36.539
G1 X64.260 Y37.325
G1 X65.391 Y38.085
G1 X66.518 Y38.819
G1 X67.640 Y39.526
G1 X68.755 Y40.205
G1 X69.862 Y40.856
G1 X70.959 Y41.478
G1 X72.045 Y42.072
G1 X73.121 Y42.638
G1 X74.185 Y43.175
G1 X75.237 Y43.684
G1 X76.276 Y44.165
G1 X77.302 Y44.619
G1 X78.316 Y45.046
G1 X79.316 Y45.446
G1 X80.303 Y45.821
G1 X81.277 Y46.172
G1 X82.238 Y46.498
G1 X83.185 Y46.800
G1 X84.119 Y47.079
G1 X85.040 Y47.337
G1 X85.948 Y47.573
G1 X86.844 Y47.788
G1 X87.726 Y47.983
G1 X88.595 Y48.159
G1 X89.451 Y48.316
G1 X90.295 Y48.456
G1 X91.126 Y48.577
G1 X91.944 Y48.682
G1 X92.750 Y48.771
G1 X93.543 Y48.844
G1 X94.323 Y48.902
G1 X95.090 Y48.945
G1 X95.845 Y48.974
G1 X96.588 Y48.989
G1 X97.317 Y48.990
G1 X98.034 Y48.978
G1 X98.737 Y48.953
G1 X99.428 Y48.916
G1 X100.106 Y48.866
G1 X100.770 Y48.804
G1 X101.421 Y48.730
G1 X102.058 Y48.644
G1 X102.682 Y48.546
G1 X103.291 Y48.436
G1 X103.886 Y48.314
G1 X104.467 Y48.181
G1 X105.033 Y48.036
G1 X105.583 Y47.879
G1 X106.118 Y47.711
G1 X106.637 Y47.530
G1 X107.139 Y47.337
G1 X107.624 Y47.132
G1 X108.092 Y46.914
G1 X108.542 Y46.684
G1 X108.972 Y46.441
G1 X109.384 Y46.184
G1 X109.774 Y45.914
G1 X110.144 Y45.630
G1 X110.491 Y45.332
G1 X110.816 Y45.020
G1 X111.116 Y44.692
G1 X111.391 Y44.350
G1 X111.639 Y43.991
G1 X111.859 Y43.617
G1 X112.050 Y43.226
G1 X112.210 Y42.818
G1 X112.337 Y42.392
G1 X112.430 Y41.949
G1 X112.486 Y41.487
G1 X112.503 Y41.007
G1 X112.481 Y40.507
G1 X112.414 Y39.988
G1 X112.303 Y39.448
G1 X112.143 Y38.888
G1 X111.933 Y38.307
G1 X111.668 Y37.705
G1 X111.347 Y37.081
G1 X110.965 Y36.435
G1 X110.520 Y35.767
G1 X110.009 Y35.077
G1 X109.426 Y34.365
G1 X108.770 Y33.631
G1 X108.036 Y32.875
G1 X107.220 Y32.098
G1 X106.319 Y31.300
G1 X105.330 Y30.481
G1 X104.248 Y29.642
G1 X103.070 Y28.785
G1 X101.794 Y27.911
G1 X100.417 Y27.021
G1 X98.935 Y26.117
G1 X97.348 Y25.200
G1 X95.655 Y24.275
G1 X93.855 Y23.342
G1 X91.948 Y22.406
G1 X89.936 Y21.469
G1 X87.823 Y20.535
G1 X85.611 Y19.609
G1 X83.306 Y18.696
G1 X80.917 Y17.799
G1 X78.449 Y16.924
G1 X75.916 Y16.077
G1 X73.327 Y15.263
G1 X70.698 Y14.490
G1 X68.042 Y13.762
G1 X65.378 Y13.087
G1 X62.724 Y12.472
G1 X60.099 Y11.921
G1 X57.523 Y11.442
G1 X55.018 Y11.041
G1 X52.605 Y10.723
G1 X50.304 Y10.494
G1 X48.137 Y10.358
G1 X46.122 Y10.319
G1 X44.276 Y10.379
G1 X42.616 Y10.541
G1 X41.153 Y10.807
G1 X39.900 Y11.175
G1 X38.861 Y11.646
G1 X38.043 Y12.217
G1 X37.446 Y12.885
G1 X37.067 Y13.646
G1 X36.903 Y14.495
G1 X36.945 Y15.426
G1 X37.183 Y16.433
G1 X37.606 Y17.509
G1 X38.198 Y18.645
G1 X38.947 Y19.835
G1 X39.835 Y21.069
G1 X40.848 Y22.340
G1 X41.969 Y23.640
G1 X43.182 Y24.961
G1 X44.473 Y26.295
G1 X45.827 Y27.634
G1 X47.232 Y28.973
G1 X48.674 Y30.304
G1 X50.144 Y31.623
G1 X51.632 Y32.922
G1 X53.129 Y34.199
G1 X54.627 Y35.449
G1 X56.121 Y36.668
G1 X57.606 Y37.853
G1 X59.077 Y39.003
G1 X60.531 Y40.114
G1 X61.965 Y41.185
G1 X63.377 Y42.216
G1 X64.765 Y43.205
G1 X66.129 Y44.152
G1 X67.469 Y45.058
G1 X68.783 Y45.922
G1 X70.071 Y46.744
G1 X71.335 Y47.527
G1 X72.574 Y48.269
G1 X73.788 Y48.973
G1 X74.979 Y49.639
G1 X76.147 Y50.269
G1 X77.293 Y50.864
G1 X78.417 Y51.425
G1 X79.520 Y51.955
G1 X80.603 Y52.453
G1 X81.667 Y52.923
G1 X82.711 Y53.364
G1 X83.738 Y53.780
G1 X84.747 Y54.170
G1 X85.738 Y54.537
G1 X86.714 Y54.882
G1 X87.673 Y55.207
G1 X88.616 Y55.512
G1 X89.545 Y55.799
G1 X90.459 Y56.070
G1 X91.358 Y56.325
G1 X92.244 Y56.566
G1 X93.115 Y56.793
G1 X93.974 Y57.008
G1 X94.819 Y57.213
G1 X95.651 Y57.407
G1 X96.471 Y57.592
G1 X97.279 Y57.768
G1 X98.074 Y57.938
G1 X98.857 Y58.100
G1 X99.628 Y58.257
G1 X100.388 Y58.409
G1 X101.136 Y58.556
G1 X101.872 Y58.700
G1 X102.598 Y58.841
G1 X103.312 Y58.979
G1 X104.014 Y59.115
G1 X104.706 Y59.251
G1 X105.387 Y59.385
G1 X106.057 Y59.519
G1 X106.716 Y59.654
G1 X107.364 Y59.789
G1 X108.001 Y59.926
G1 X108.627 Y60.065
G1 X109.242 Y60.205
G1 X109.847 Y60.349
G1 X110.440 Y60.495
G1 X111.023 Y60.646
G1 X111.594 Y60.800
G1 X112.154 Y60.958
G1 X112.703 Y61.121
G1 X113.240 Y61.290
G1 X113.766 Y61.464
G1 X114.279 Y61.644
G1 X114.781 Y61.831
G1 X115.270 Y62.025
G1 X115.747 Y62.226
G1 X116.210 Y62.435
G1 X116.661 Y62.652
G1 X117.097 Y62.878
G1 X117.520 Y63.113
G1 X117.927 Y63.359
G1 X118.320 Y63.614
G1 X118.697 Y63.880
G1 X119.057 Y64.158
G1 X119.400 Y64.447
G1 X119.724 Y64.749
G1 X120.030 Y65.064
G1 X120.316 Y65.393
G1 X120.581 Y65.735
G1 X120.824 Y66.093
G1 X121.043 Y66.467
G1 X121.238 Y66.856
G1 X121.406 Y67.263
G1 X121.546 Y67.687
G1 X121.657 Y68.130
G1 X121.735 Y68.591
G1 X121.780 Y69.073
G1 X121.789 Y69.575
G1 X121.759 Y70.098
G1 X121.687 Y70.644
G1 X121.572 Y71.212
G1 X121.409 Y71.804
G1 X121.196 Y72.421
G1 X120.929 Y73.062
G1 X120.603 Y73.729
G1 X120.216 Y74.423
G1 X119.763 Y75.144
G1 X119.239 Y75.892
G1 X118.640 Y76.668
G1 X117.960 Y77.473
G1 X117.194 Y78.306
G1 X116.338 Y79.168
G1 X115.385 Y80.059
G1 X114.329 Y80.979
G1 X113.166 Y81.926
G1 X111.889 Y82.902
G1 X110.492 Y83.904
G1 X108.971 Y84.932
G1 X107.321 Y85.984
G1 X105.535 Y87.058
G1 X103.611 Y88.152
G1 X101.545 Y89.264
G1 X99.335 Y90.389
G1 X96.980 Y91.525
G1 X94.480 Y92.668
G1 X91.836 Y93.812
G1 X89.053 Y94.952
G1 X86.137 Y96.083
G1 X83.095 Y97.197
G1 X79.940 Y98.288
G1 X76.684 Y99.347
G1 X73.344 Y100.367
G1 X69.940 Y101.339
G1 X66.494 Y102.254
G1 X63.031 Y103.102
G1 X59.579 Y103.874
G1 X56.168 Y104.561
G1 X52.828 Y105.153
G1 X49.592 Y105.641
G1 X46.494 Y106.017
G1 X43.564 Y106.273
G1 X40.835 Y106.403
G1 X38.335 Y106.401
G1 X36.088 Y106.263
G1 X34.118 Y105.986
G1 X32.441 Y105.570
G1 X31.069 Y105.014
G1 X30.009 Y104.322
G1 X29.262 Y103.497
G1 X28.826 Y102.545
G1 X28.689 Y101.473
G1 X28.839 Y100.289
G1 X29.257 Y99.003
G1 X29.923 Y97.626
G1 X30.814 Y96.168
G1 X31.904 Y94.642
G1 X33.168 Y93.059
G1 X34.580 Y91.432
G1 X36.114 Y89.771
G1 X37.746 Y88.088
G1 X39.455 Y86.394
G1 X41.218 Y84.699
G1 X43.018 Y83.013
G1 X44.838 Y81.342
G1 X46.663 Y79.696
G1 X48.483 Y78.080
G1 X50.286 Y76.501
G1 X52.065 Y74.963
G1 X53.813 Y73.470
G1 X55.525 Y72.025
G1 X57.197 Y70.632
G1 X58.828 Y69.291
G1 X60.416 Y68.003
G1 X61.959 Y66.771
G1 X63.459 Y65.592
G1 X64.915 Y64.469
G1 X66.328 Y63.398
G1 X67.700 Y62.380
G1 X69.031 Y61.414
G1 X70.324 Y60.497
G1 X71.579 Y59.629
G1 X72.799 Y58.807
G1 X73.985 Y58.030
G1 X75.138 Y57.294
G1 X76.261 Y56.600
G1 X77.354 Y55.943
G1 X78.418 Y55.323
G1 X79.456 Y54.737
G1 X80.468 Y54.182
G1 X81.456 Y53.658
G1 X82.419 Y53.161
G1 X83.360 Y52.690
G1 X84.279 Y52.243
G1 X85.176 Y51.818
G1 X86.053 Y51.413
G1 X86.909 Y51.027
G1 X87.745 Y50.657
G1 X88.562 Y50.302
G1 X89.360 Y49.960
G1 X90.140 Y49.631
G1 X90.900 Y49.311
G1 X91.643 Y49.001
G1 X92.366 Y48.699
G1 X93.072 Y48.403
G1 X93.759 Y48.112
G1 X94.428 Y47.825
G1 X95.078 Y47.541
G1 X95.709 Y47.259
G1 X96.322 Y46.978
G1 X96.916 Y46.697
G1 X97.490 Y46.415
G1 X98.044 Y46.130
G1 X98.578 Y45.843
G1 X99.091 Y45.552
G1 X99.584 Y45.257
G1 X100.054 Y44.956
G1 X100.503 Y44.649
G1 X100.928 Y44.336
G1 X101.330 Y44.015
G1 X101.707 Y43.686
G1 X102.058 Y43.349
G1 X102.384 Y43.002
G1 X102.682 Y42.645
G1 X102.952 Y42.278
G1 X103.192 Y41.899
G1 X103.402 Y41.509
G1 X103.580 Y41.107
G1 X103.724 Y40.692
G1 X103.834 Y40.264
G1 X103.907 Y39.823
G1 X103.942 Y39.368
G1 X103.938 Y38.898
G1 X103.892 Y38.413
G1 X103.802 Y37.914
G1 X103.668 Y37.399
G1 X103.486 Y36.869
G1 X103.254 Y36.323
G1 X102.971 Y35.762
G1 X102.635 Y35.185
G1 X102.242 Y34.591
G1 X101.791 Y33.983
G1 X101.279 Y33.358
G1 X100.704 Y32.719
G1 X100.065 Y32.065
G1 X99.358 Y31.396
G1 X98.582 Y30.714
G1 X97.735 Y30.019
G1 X96.815 Y29.312
G1 X95.820 Y28.595
G1 X94.750 Y27.868
G1 X93.604 Y27.133
G1 X92.381 Y26.391
G1 X91.081 Y25.645
G1 X89.705 Y24.896
G1 X88.253 Y24.147
G1 X86.728 Y23.400
G1 X85.132 Y22.659
G1 X83.468 Y21.925
G1 X81.740 Y21.202
G1 X79.953 Y20.494
G1 X78.114 Y19.804
G1 X76.229 Y19.136
G1 X74.306 Y18.493
G1 X72.354 Y17.881
G1 X70.382 Y17.302
G1 X68.401 Y16.762
G1 X66.423 Y16.264
G1 X64.459 Y15.812
G1 X62.523 Y15.411
G1 X60.627 Y15.065
G1 X58.784 Y14.777
G1 X57.007 Y14.551
G1 X55.310 Y14.390
G1 X53.704 Y14.297
G1 X52.202 Y14.273
G1 X50.815 Y14.321
G1 X49.551 Y14.442
G1 X48.420 Y14.636
G1 X47.428 Y14.904
G1 X46.581 Y15.245
G1 X45.882 Y15.658
G1 X45.334 Y16.140
G1 X44.935 Y16.690
G1 X44.686 Y17.304
G1 X44.583 Y17.978
G1 X44.621 Y18.709
G1 X44.795 Y19.493
G1 X45.098 Y20.324
G1 X45.522 Y21.198
G1 X46.059 Y22.109
G1 X46.699 Y23.051
G1 X47.433 Y24.021
G1 X48.252 Y25.012
G1 X49.147 Y26.018
G1 X50.108 Y27.036
G1 X51.127 Y28.059
G1 X52.194 Y29.084
G1 X53.302 Y30.106
G1 X54.445 Y31.120
G1 X55.614 Y32.124
G1 X56.803 Y33.112
G1 X58.008 Y34.084
G1 X59.223 Y35.034
G1 X60.443 Y35.962
G1 X61.666 Y36.865
G1 X62.887 Y37.742
G1 X64.104 Y38.590
G1 X65.315 Y39.409
G1 X66.517 Y40.198
G1 X67.709 Y40.955
G1 X68.889 Y41.681
G1 X70.057 Y42.376
G1 X71.211 Y43.039
G1 X72.352 Y43.670
G1 X73.478 Y44.270
G1 X74.589 Y44.840
G1 X75.685 Y45.378
G1 X76.766 Y45.887
G1 X77.833 Y46.367
G1 X78.884 Y46.819
G1 X79.920 Y47.242
G1 X80.942 Y47.639
G1 X81.949 Y48.011
G1 X82.941 Y48.357
G1 X83.920 Y48.679
G1 X84.884 Y48.978
G1 X85.835 Y49.254
G1 X86.772 Y49.509
G1 X87.695 Y49.744
G1 X88.606 Y49.959
G1 X89.503 Y50.155
G1 X90.387 Y50.332
G1 X91.259 Y50.493
G1 X92.118 Y50.637
G1 X92.965 Y50.765
G1 X93.800 Y50.878
G1 X94.623 Y50.976
G1 X95.433 Y51.061
G1 X96.232 Y51.132
G1 X97.019 Y51.190
G1 X97.794 Y51.236
G1 X98.558 Y51.270
G1 X99.310 Y51.293
G1 X100.051 Y51.304
G1 X100.780 Y51.305
G1 X101.498 Y51.295
G1 X102.204 Y51.275
G1 X102.900 Y51.245
G1 X103.583 Y51.206
G1 X104.256 Y51.157
G1 X104.917 Y51.098
G1 X105.566 Y51.031
G1 X106.204 Y50.954
G1 X106.830 Y50.868
G1 X107.445 Y50.773
G1 X108.048 Y50.669
G1 X108.639 Y50.556
G1 X109.218 Y50.434
G1 X109.784 Y50.303
G1 X110.338 Y50.162
G1 X110.880 Y50.012
G1 X111.408 Y49.852
G1 X111.924 Y49.682
G1 X112.426 Y49.503
G1 X112.913 Y49.313
G1 X113.387 Y49.112
G1 X113.846 Y48.901
G1 X114.289 Y48.679
G1 X114.717 Y48.445
G1 X115.129 Y48.200
G1 X115.523 Y47.942
G1 X115.900 Y47.672
G1 X116.259 Y47.389
G1 X116.598 Y47.092
G1 X116.917 Y46.781
G1 X117.214 Y46.456
G1 X117.490 Y46.117
G1 X117.741 Y45.761
G1 X117.968 Y45.390
G1 X118.169 Y45.002
G1 X118.342 Y44.597
G1 X118.485 Y44.174
G1 X118.597 Y43.733
G1 X118.676 Y43.272
G1 X118.720 Y42.792
G1 X118.726 Y42.292
G1 X118.692 Y41.771
G1 X118.616 Y41.228
G1 X118.494 Y40.663
G1 X118.323 Y40.075
G1 X118.101 Y39.463
G1 X117.824 Y38.827
G1 X117.488 Y38.167
G1 X117.090 Y37.482
G1 X116.625 Y36.771
G1 X116.090 Y36.034
G1 X115.479 Y35.270
G1 X114.788 Y34.481
G1 X114.013 Y33.664
G1 X113.149 Y32.822
G1 X112.190 Y31.953
G1 X111.132 Y31.058
G1 X109.969 Y30.138
G1 X108.697 Y29.193
G1 X107.311 Y28.225
G1 X105.807 Y27.235
G1 X104.180 Y26.224
G1 X102.427 Y25.196
G1 X100.546 Y24.151
G1 X98.533 Y23.093
G1 X96.388 Y22.025
G1 X94.112 Y20.951
G1 X91.705 Y19.875
G1 X89.171 Y18.802
G1 X86.514 Y17.737
G1 X83.742 Y16.685
G1 X80.864 Y15.654
G1 X77.891 Y14.649
G1 X74.837 Y13.678
G1 X71.718 Y12.749
G1 X68.553 Y11.870
G1 X65.363 Y11.048
G1 X62.171 Y10.292
G1 X59.003 Y9.611
G1 X55.886 Y9.013
G1 X52.846 Y8.507
G1 X49.914 Y8.099
G1 X47.118 Y7.796
G1 X44.484 Y7.606
G1 X42.041 Y7.534
G1 X39.810 Y7.583
G1 X37.815 Y7.758
G1 X36.071 Y8.059
G1 X34.594 Y8.487
G1 X33.393 Y9.042
G1 X32.473 Y9.720
G1 X31.833 Y10.518
G1 X31.470 Y11.430
G1 X31.375 Y12.449
G1 X31.535 Y13.569
G1 X31.937 Y14.780
G1 X32.560 Y16.072
G1 X33.386 Y17.436
G1 X34.392 Y18.861
G1 X35.557 Y20.337
G1 X36.857 Y21.853
G1 X38.272 Y23.399
G1 X39.780 Y24.964
G1 X41.362 Y26.540
G1 X42.999 Y28.117
G1 X44.676 Y29.686
G1 X46.377 Y31.241
G1 X48.090 Y32.775
G1 X49.803 Y34.281
G1 X51.508 Y35.754
G1 X53.197 Y37.190
G1 X54.863 Y38.585
G1 X56.502 Y39.937
G1 X58.110 Y41.242
G1 X59.685 Y42.498
G1 X61.224 Y43.706
G1 X62.727 Y44.864
G1 X64.193 Y45.971
G1 X65.621 Y47.029
G1 X67.013 Y48.036
G1 X68.370 Y48.995
G1 X69.691 Y49.906
G1 X70.978 Y50.771
G1 X72.233 Y51.590
G1 X73.456 Y52.366
G1 X74.649 Y53.100
G1 X75.813 Y53.794
G1 X76.949 Y54.450
G1 X78.058 Y55.069
G1 X79.142 Y55.654
G1 X80.201 Y56.207
G1 X81.237 Y56.728
G1 X82.251 Y57.221
G1 X83.243 Y57.688
G1 X84.214 Y58.129
G1 X85.164 Y58.546
G1 X86.096 Y58.943
G1 X87.008 Y59.319
G1 X87.902 Y59.677
G1 X88.778 Y60.019
G1 X89.637 Y60.346
G1 X90.478 Y60.658
G1 X91.302 Y60.959
G1 X92.110 Y61.249
G1 X92.901 Y61.529
G1 X93.676 Y61.801
G1 X94.435 Y62.066
G1 X95.177 Y62.324
G1 X95.904 Y62.578
G1 X96.614 Y62.828
G1 X97.309 Y63.075
G1 X97.987 Y63.321
G1 X98.649 Y63.565
G1 X99.295 Y63.809
G1 X99.924 Y64.055
G1 X100.536 Y64.301
G1 X101.132 Y64.551
G1 X101.709 Y64.803
G1 X102.270 Y65.059
G1 X102.812 Y65.320
G1 X103.335 Y65.587
G1 X103.840 Y65.859
G1 X104.325 Y66.139
G1 X104.790 Y66.425
G1 X105.234 Y66.720
G1 X105.657 Y67.024
G1 X106.057 Y67.336
G1 X106.435 Y67.659
G1 X106.788 Y67.992
G1 X107.117 Y68.337
G1 X107.419 Y68.693
G1 X107.695 Y69.061
G1 X107.942 Y69.442
G1 X108.159 Y69.836
G1 X108.345 Y70.245
G1 X108.499 Y70.668
G1 X108.618 Y71.106
G1 X108.702 Y71.560
G1 X108.747 Y72.029
G1 X108.753 Y72.516
G1 X108.718 Y73.019
G1 X108.638 Y73.539
G1 X108.512 Y74.078
G1 X108.337 Y74.634
G1 X108.111 Y75.209
G1 X107.832 Y75.803
G1 X107.496 Y76.416
G1 X107.100 Y77.047
G1 X106.642 Y77.698
G1 X106.119 Y78.368
G1 X105.528 Y79.057
G1 X104.865 Y79.765
G1 X104.128 Y80.491
G1 X103.314 Y81.235
G1 X102.419 Y81.997
G1 X101.442 Y82.774
G1 X100.379 Y83.568
G1 X99.228 Y84.375
G1 X97.987 Y85.196
G1 X96.655 Y86.028
G1 X95.230 Y86.869
G1 X93.712 Y87.718
G1 X92.101 Y88.571
G1 X90.398 Y89.427
G1 X88.603 Y90.282
G1 X86.721 Y91.132
G1 X84.754 Y91.975
G1 X82.708 Y92.807
G1 X80.588 Y93.622
G1 X78.402 Y94.417
G1 X76.158 Y95.188
G1 X73.867 Y95.928
G1 X71.540 Y96.633
G1 X69.189 Y97.297
G1 X66.829 Y97.916
G1 X64.474 Y98.484
G1 X62.140 Y98.994
G1 X59.845 Y99.443
G1 X57.605 Y99.825
G1 X55.438 Y100.135
G1 X53.361 Y100.368
G1 X51.391 Y100.522
G1 X49.544 Y100.592
G1 X47.835 Y100.576
G1 X46.277 Y100.471
G1 X44.883 Y100.278
G1 X43.662 Y99.994
G1 X42.621 Y99.621
G1 X41.766 Y99.160
G1 X41.099 Y98.612
G1 X40.621 Y97.982
G1 X40.329 Y97.272
G1 X40.218 Y96.488
G1 X40.284 Y95.633
G1 X40.516 Y94.714
G1 X40.906 Y93.738
G1 X41.443 Y92.709
G1 X42.113 Y91.636
G1 X42.906 Y90.525
G1 X43.808 Y89.382
G1 X44.806 Y88.215
G1 X45.888 Y87.031
G1 X47.042 Y85.835
G1 X48.255 Y84.634
G1 X49.517 Y83.433
G1 X50.818 Y82.239
G1 X52.149 Y81.056
G1 X53.502 Y79.888
G1 X54.868 Y78.740
G1 X56.243 Y77.615
G1 X57.619 Y76.517
G1 X58.993 Y75.448
G1 X60.360 Y74.410
G1 X61.718 Y73.405
G1 X63.062 Y72.435
G1 X64.392 Y71.501
G1 X65.705 Y70.603
G1 X67.000 Y69.743
G1 X68.276 Y68.919
G1 X69.533 Y68.133
G1 X70.770 Y67.384
G1 X71.987 Y66.672
G1 X73.184 Y65.995
G1 X74.361 Y65.354
G1 X75.519 Y64.747
G1 X76.657 Y64.173
G1 X77.776 Y63.632
G1 X78.877 Y63.121
G1 X79.960 Y62.641
G1 X81.025 Y62.190
G1 X82.073 Y61.767
G1 X83.104 Y61.369
G1 X84.119 Y60.998
G1 X85.119 Y60.650
G1 X86.103 Y60.325
G1 X87.072 Y60.021
G1 X88.026 Y59.738
G1 X88.966 Y59.475
G1 X89.893 Y59.230
G1 X90.806 Y59.002
G1 X91.705 Y58.790
G1 X92.592 Y58.593
G1 X93.466 Y58.411
G1 X94.328 Y58.242
G1 X95.178 Y58.086
G1 X96.016 Y57.941
G1 X96.842 Y57.808
G1 X97.657 Y57.684
G1 X98.460 Y57.570
G1 X99.253 Y57.465
G1 X100.035 Y57.368
G1 X100.806 Y57.279
G1 X101.567 Y57.197
G1 X102.317 Y57.121
G1 X103.057 Y57.052
G1 X103.787 Y56.988
G1 X104.508 Y56.930
G1 X105.218 Y56.876
G1 X105.920 Y56.827
G1 X106.611 Y56.782
G1 X107.294 Y56.740
G1 X107.967 Y56.703
G1 X108.632 Y56.668
G1 X109.287 Y56.637
G1 X109.934 Y56.608
G1 X110.572 Y56.581
G1 X111.201 Y56.557
G1 X111.822 Y56.536
G1 X112.435 Y56.516
G1 X113.040 Y56.498
G1 X113.636 Y56.481
G1 X114.225 Y56.466
G1 X114.805 Y56.452
G1 X115.378 Y56.440
G1 X115.944 Y56.429
G1 X116.502 Y56.419
G1 X117.052 Y56.410
G1 X117.595 Y56.401
G1 X118.131 Y56.394
G1 X118.659 Y56.387
G1 X119.181 Y56.381
G1 X119.695 Y56.375
G1 X120.203 Y56.371
G1 X120.704 Y56.366
G1 X121.199 Y56.362
G1 X121.686 Y56.359
G1 X122.167 Y56.356
G1 X122.642 Y56.353
G1 X123.111 Y56.351
G1 X123.573 Y56.349
G1 X124.029 Y56.347
G1 X124.479 Y56.345
G1 X124.923 Y56.344
G1 X125.361 Y56.343
G1 X125.793 Y56.342
G1 X126.220 Y56.342
G1 X126.640 Y56.341
G1 X127.056 Y56.341
G1 X127.465 Y56.341
G1 X127.869 Y56.341
G1 X128.268 Y56.341
G1 X128.662 Y56.341
G1 X129.050 Y56.342
G1 X129.433 Y56.342
G1 X129.811 Y56.343
G1 X130.184 Y56.344
G1 X130.551 Y56.344
G1 X130.914 Y56.345
G1 X131.273 Y56.347
G1 X131.626 Y56.348
G1 X131.975 Y56.349
G1 X132.319 Y56.351
G1 X132.658 Y56.352
G1 X132.993 Y56.354
G1 X133.324 Y56.356
G1 X133.650 Y56.358
G1 X133.971 Y56.360
G1 X134.289 Y56.362
G1 X134.602 Y56.364
G1 X134.911 Y56.367
G1 X135.216 Y56.369
G1 X135.516 Y56.372
G1 X135.813 Y56.375
G1 X136.106 Y56.378
G1 X136.395 Y56.381
G1 X136.680 Y56.384
G1 X136.961 Y56.388
G1 X137.239 Y56.392
G1 X137.513 Y56.396
G1 X137.783 Y56.400
G1 X138.049 Y56.404
G1 X138.312 Y56.409
G1 X138.572 Y56.414
G1 X138.828 Y56.419
G1 X139.081 Y56.424
G1 X139.330 Y56.430
G1 X139.576 Y56.436
G1 X139.818 Y56.442
G1 X140.058 Y56.449
G1 X140.294 Y56.456
G1 X140.527 Y56.463
G1 X140.757 Y56.471
G1 X140.984 Y56.479
G1 X141.208 Y56.488
G1 X141.428 Y56.497
G1 X141.646 Y56.506
G1 X141.861 Y56.516
G1 X142.073 Y56.527
G1 X142.282 Y56.538
G1 X142.489 Y56.550
G1 X142.693 Y56.562
G1 X142.893 Y56.575
G1 X143.092 Y56.589
G1 X143.287 Y56.603
G1 X143.480 Y56.618
G1 X143.670 Y56.634
G1 X143.858 Y56.651
G1 X144.043 Y56.669
G1 X144.226 Y56.688
G1 X144.406 Y56.707
G1 X144.584 Y56.728
G1 X144.759 Y56.750
G1 X144.932 Y56.773
G1 X145.103 Y56.797
G1 X145.271 Y56.823
G1 X145.437 Y56.850
G1 X145.600 Y56.879
G1 X145.762 Y56.909
G1 X145.921 Y56.940
G1 X146.077 Y56.974
G1 X146.232 Y57.009
G1 X146.384 Y57.046
G1 X146.534 Y57.086
G1 X146.682 Y57.127
G1 X146.828 Y57.171
G1 X146.971 Y57.217
G1 X147.113 Y57.265
G1 X147.252 Y57.317
G1 X147.389 Y57.371
G1 X147.523 Y57.428
G1 X147.656 Y57.488
G1 X147.786 Y57.551
G1 X147.914 Y57.618
G1 X148.040 Y57.689
G1 X148.163 Y57.764
G1 X148.284 Y57.842
G1 X148.403 Y57.926
G1 X148.519 Y58.013
G1 X148.633 Y58.106
G1 X148.744 Y58.204
G1 X148.852 Y58.307
G1 X148.957 Y58.416
G1 X149.060 Y58.531
G1 X149.159 Y58.652
G1 X149.256 Y58.780
G1 X149.349 Y58.916
G1 X149.438 Y59.058
G1 X149.523 Y59.209
G1 X149.605 Y59.368
G1 X149.682 Y59.537
G1 X149.755 Y59.714
G1 X149.822 Y59.902
G1 X149.884 Y60.099
G1 X149.940 Y60.308
G1 X149.990 Y60.529
G1 X150.034 Y60.762
G1 X150.069 Y61.008
G1 X150.097 Y61.268
G1 X150.115 Y61.542
G1 X150.124 Y61.832
G1 X150.122 Y62.137
G1 X150.108 Y62.460
G1 X150.081 Y62.801
G1 X150.040 Y63.160
G1 X149.983 Y63.540
G1 X149.908 Y63.941
G1 X149.814 Y64.364
G1 X149.699 Y64.810
G1 X149.560 Y65.281
G1 X149.394 Y65.778
G1 X149.200 Y66.303
G1 X148.974 Y66.856
G1 X148.712 Y67.439
G1 X148.410 Y68.053
G1 X148.066 Y68.701
G1 X147.672 Y69.384
G1 X147.226 Y70.103
G1 X146.720 Y70.860
G1 X146.150 Y71.656
G1 X145.507 Y72.494
G1 X144.784 Y73.375
G1 X143.974 Y74.301
G1 X143.067 Y75.273
G1 X142.055 Y76.293
G1 X140.926 Y77.363
G1 X139.669 Y78.483
G1 X138.273 Y79.655
G1 X136.724 Y80.879
G1 X135.011 Y82.157
G1 X133.118 Y83.489
G1 X131.031 Y84.874
G1 X128.736 Y86.312
G1 X126.218 Y87.802
G1 X123.462 Y89.343
G1 X120.454 Y90.930
G1 X117.182 Y92.562
G1 X113.633 Y94.233
G1 X109.800 Y95.937
G1 X105.675 Y97.668
G1 X101.257 Y99.418
G1 X96.547 Y101.176
G1 X91.554 Y102.931
G1 X86.292 Y104.670
G1 X80.783 Y106.378
G1 X75.058 Y108.039
G1 X69.155 Y109.635
G1 X63.124 Y111.145
G1 X57.023 Y112.550
G1 X50.919 Y113.827
G1 X44.886 Y114.955
G1 X39.005 Y115.912
G1 X33.362 Y116.676
G1 X28.043 Y117.227
G1 X23.133 Y117.547
G1 X18.709 Y117.621
G1 X14.842 Y117.437
G1 X11.589 Y116.987
G1 X8.992 Y116.267
G1 X7.076 Y115.277
G1 X5.846 Y114.025
G1 X5.291 Y112.520
G1 X5.379 Y110.778
G1 X6.066 Y108.817
G1 X7.293 Y106.659
G1 X8.993 Y104.330
G1 X11.091 Y101.856
G1 X13.512 Y99.263
G1 X16.181 Y96.579
G1 X19.026 Y93.831
G1 X21.982 Y91.045
G1 X24.990 Y88.244
G1 X27.999 Y85.449
G1 X30.967 Y82.680
G1 X33.860 Y79.954
G1 X36.650 Y77.286
G1 X39.319 Y74.686
G1 X41.851 Y72.166
G1 X44.240 Y69.731
G1 X46.480 Y67.389
G1 X48.571 Y65.143
G1 X50.515 Y62.996
G1 X52.316 Y60.948
G1 X53.980 Y59.000
G1 X55.514 Y57.150
G1 X56.924 Y55.398
G1 X58.219 Y53.741
G1 X59.405 Y52.177
G1 X60.492 Y50.701
G1 X61.486 Y49.312
G1 X62.395 Y48.006
G1 X63.225 Y46.779
G1 X63.984 Y45.627
G1 X64.676 Y44.548
G1 X65.308 Y43.536
G1 X65.886 Y42.590
G1 X66.413 Y41.705
G1 X66.895 Y40.878
G1 X67.336 Y40.106
G1 X67.739 Y39.386
G1 X68.108 Y38.715
G1 X68.447 Y38.090
G1 X68.757 Y37.508
G1 X69.042 Y36.967
G1 X69.305 Y36.464
G1 X69.547 Y35.998
G1 X69.771 Y35.565
G1 X69.979 Y35.164
G1 X70.171 Y34.792
G1 X70.351 Y34.449
G1 X70.518 Y34.132
G1 X70.676 Y33.840
G1 X70.824 Y33.570
G1 X70.964 Y33.322
G1 X71.096 Y33.095
G1 X71.223 Y32.886
G1 X71.344 Y32.695
G1 X71.460 Y32.521
G1 X71.572 Y32.362
G1 X71.681 Y32.217
G1 X71.787 Y32.086
G1 X71.891 Y31.967
G1 X71.992 Y31.860
G1 X72.092 Y31.764
G1 X72.191 Y31.677
G1 X72.288 Y31.601
G1 X72.385 Y31.532
G1 X72.482 Y31.472
G1 X72.578 Y31.419
G1 X72.674 Y31.373
G1 X72.769 Y31.333
G1 X72.865 Y31.299
G1 X72.961 Y31.269
G1 X73.057 Y31.245
G1 X73.153 Y31.225
G1 X73.250 Y31.209
G1 X73.346 Y31.196
G1 X73.443 Y31.186
G1 X73.540 Y31.179
G1 X73.637 Y31.174
G1 X73.733 Y31.171
G1 X73.830 Y31.170
G1 X73.926 Y31.170
G1 X74.023 Y31.171
G1 X74.118 Y31.174
G1 X74.213 Y31.176
G1 X74.307 Y31.180
G1 X74.401 Y31.183
G1 X74.493 Y31.187
G1 X74.585 Y31.190
G1 X74.675 Y31.193
G1 X74.764 Y31.195
G1 X74.851 Y31.197
G1 X74.936 Y31.198
G1 X75.020 Y31.198
G1 X75.102 Y31.196
G1 X75.181 Y31.194
G1 X75.258 Y31.190
G1 X75.333 Y31.185
G1 X75.405 Y31.178
G1 X75.474 Y31.170
G1 X75.540 Y31.161
G1 X75.604 Y31.149
G1 X75.664 Y31.136
G1 X75.721 Y31.121
G1 X75.774 Y31.105
G1 X75.824 Y31.086
G1 X75.871 Y31.066
G1 X75.913 Y31.044
G1 X75.952 Y31.020
G1 X75.987 Y30.995
G1 X76.017 Y30.967
G1 X76.044 Y30.938
G1 X76.066 Y30.907
G1 X76.084 Y30.875
G1 X76.098 Y30.841
G1 X76.108 Y30.805
G1 X76.113 Y30.767
G1 X76.113 Y30.729
G1 X76.110 Y30.688
G1 X76.101 Y30.647
G1 X76.089 Y30.604
G1 X76.071 Y30.560
G1 X76.050 Y30.515
G1 X76.024 Y30.469
G1 X75.994 Y30.422
G1 X75.959 Y30.374
G1 X75.920 Y30.325
G1 X75.877 Y30.276
G1 X75.830 Y30.226
G1 X75.779 Y30.176
G1 X75.724 Y30.126
G1 X75.666 Y30.075
G1 X75.604 Y30.025
G1 X75.538 Y29.974
G1 X75.469 Y29.924
G1 X75.397 Y29.874
G1 X75.321 Y29.825
G1 X75.243 Y29.776
G1 X75.163 Y29.728
G1 X75.080 Y29.680
G1 X74.994 Y29.634
G1 X74.907 Y29.589
G1 X74.818 Y29.544
G1 X74.727 Y29.502
G1 X74.635 Y29.460
G1 X74.542 Y29.420
G1 X74.448 Y29.382
G1 X74.354 Y29.346
G1 X74.259 Y29.311
G1 X74.164 Y29.279
G1 X74.070 Y29.249
G1 X73.976 Y29.220
G1 X73.882 Y29.194
G1 X73.790 Y29.171
G1 X73.699 Y29.150
G1 X73.609 Y29.131
G1 X73.522 Y29.115
G1 X73.436 Y29.101
G1 X73.353 Y29.090
G1 X73.272 Y29.082
G1 X73.194 Y29.077
G1 X73.119 Y29.074
G1 X73.047 Y29.075
G1 X72.978 Y29.078
G1 X72.914 Y29.083
G1 X72.853 Y29.092
G1 X72.796 Y29.103
G1 X72.743 Y29.118
G1 X72.695 Y29.134
G1 X72.651 Y29.154
G1 X72.612 Y29.176
G1 X72.578 Y29.201
G1 X72.548 Y29.229
G1 X72.524 Y29.259
G1 X72.504 Y29.291
G1 X72.490 Y29.326
G1 X72.480 Y29.363
G1 X72.476 Y29.402
G1 X72.477 Y29.443
G1 X72.483 Y29.486
G1 X72.495 Y29.530
G1 X72.511 Y29.577
G1 X72.533 Y29.625
G1 X72.559 Y29.674
G1 X72.591 Y29.725
G1 X72.627 Y29.777
G1 X72.669 Y29.830
G1 X72.714 Y29.884
G1 X72.765 Y29.938
G1 X72.820 Y29.994
G1 X72.879 Y30.049
G1 X72.942 Y30.105
G1 X73.009 Y30.161
G1 X73.080 Y30.217
G1 X73.155 Y30.273
G1 X73.232 Y30.329
G1 X73.313 Y30.384
G1 X73.397 Y30.439
G1 X73.484 Y30.493
G1 X73.573 Y30.546
G1 X73.665 Y30.598
G1 X73.759 Y30.649
G1 X73.854 Y30.698
G1 X73.951 Y30.746
G1 X74.049 Y30.793
G1 X74.149 Y30.838
G1 X74.249 Y30.881
G1 X74.350 Y30.923
G1 X74.452 Y30.962
G1 X74.553 Y30.999
G1 X74.655 Y31.034
G1 X74.756 Y31.067
G1 X74.856 Y31.098
G1 X74.956 Y31.126
G1 X75.055 Y31.152
G1 X75.152 Y31.175
G1 X75.247 Y31.195
G1 X75.341 Y31.213
G1 X75.433 Y31.228
G1 X75.523 Y31.241
G1 X75.610 Y31.250
G1 X75.694 Y31.257
G1 X75.776 Y31.261
G1 X75.855 Y31.262
G1 X75.930 Y31.260
G1 X76.002 Y31.256
G1 X76.070 Y31.248
G1 X76.134 Y31.238
G1 X76.194 Y31.225
G1 X76.250 Y31.209
G1 X76.302 Y31.190
G1 X76.350 Y31.168
G1 X76.392 Y31.144
G1 X76.431 Y31.117
G1 X76.464 Y31.088
G1 X76.492 Y31.056
G1 X76.515 Y31.022
G1 X76.534 Y30.985
G1 X76.547 Y30.946
G1 X76.554 Y30.904
G1 X76.557 Y30.861
G1 X76.554 Y30.815
G1 X76.545 Y30.768
G1 X76.531 Y30.719
G1 X76.512 Y30.667
G1 X76.488 Y30.615
G1 X76.458 Y30.561
G1 X76.422 Y30.505
G1 X76.382 Y30.448
G1 X76.336 Y30.390
G1 X76.285 Y30.332
G1 X76.229 Y30.272
G1 X76.168 Y30.211
G1 X76.102 Y30.151
G1 X76.031 Y30.089
G1 X75.956 Y30.028
G1 X75.876 Y29.966
G1 X75.792 Y29.904
G1 X75.704 Y29.843
G1 X75.612 Y29.782
G1 X75.517 Y29.722
G1 X75.418 Y29.662
G1 X75.316 Y29.603
G1 X75.211 Y29.545
G1 X75.103 Y29.489
G1 X74.993 Y29.434
G1 X74.880 Y29.380
G1 X74.766 Y29.328
G1 X74.651 Y29.278
G1 X74.534 Y29.229
G1 X74.416 Y29.183
G1 X74.298 Y29.139
G1 X74.179 Y29.097
G1 X74.060 Y29.058
G1 X73.942 Y29.022
G1 X73.825 Y28.988
G1 X73.708 Y28.957
G1 X73.594 Y28.929
G1 X73.480 Y28.904
G1 X73.369 Y28.883
G1 X73.261 Y28.864
G1 X73.155 Y28.849
G1 X73.052 Y28.837
G1 X72.952 Y28.829
G1 X72.856 Y28.824
G1 X72.764 Y28.822
G1 X72.676 Y28.824
G1 X72.593 Y28.830
G1 X72.514 Y28.839
G1 X72.441 Y28.852
G1 X72.372 Y28.868
G1 X72.309 Y28.887
G1 X72.252 Y28.910
G1 X72.200 Y28.936
G1 X72.155 Y28.966
G1 X72.115 Y28.999
G1 X72.082 Y29.035
G1 X72.055 Y29.074
G1 X72.034 Y29.116
G1 X72.019 Y29.161
G1 X72.012 Y29.209
G1 X72.010 Y29.259
G1 X72.015 Y29.312
G1 X72.027 Y29.367
G1 X72.045 Y29.424
G1 X72.070 Y29.483
G1 X72.100 Y29.544
G1 X72.137 Y29.607
G1 X72.181 Y29.671
G1 X72.230 Y29.737
G1 X72.285 Y29.803
G1 X72.345 Y29.871
G1 X72.412 Y29.940
G1 X72.483 Y30.009
G1 X72.560 Y30.079
G1 X72.642 Y30.149
G1 X72.728 Y30.219
G1 X72.819 Y30.288
G1 X72.915 Y30.358
G1 X73.014 Y30.427
G1 X73.117 Y30.495
G1 X73.223 Y30.563
G1 X73.333 Y30.629
G1 X73.445 Y30.694
G1 X73.560 Y30.758
G1 X73.678 Y30.820
G1 X73.797 Y30.881
G1 X73.919 Y30.940
G1 X74.042 Y30.996
G1 X74.166 Y31.051
G1 X74.290 Y31.103
G1 X74.416 Y31.153
G1 X74.541 Y31.200
G1 X74.667 Y31.245
G1 X74.792 Y31.287
G1 X74.917 Y31.326
G1 X75.040 Y31.362
G1 X75.163 Y31.396
G1 X75.284 Y31.426
G1 X75.403 Y31.452
G1 X75.520 Y31.476
G1 X75.635 Y31.496
G1 X75.747 Y31.513
G1 X75.856 Y31.526
G1 X75.962 Y31.536
G1 X76.064 Y31.543
G1 X76.163 Y31.546
G1 X76.258 Y31.545
G1 X76.349 Y31.541
G1 X76.436 Y31.534
G1 X76.518 Y31.523
G1 X76.595 Y31.508
G1 X76.668 Y31.490
G1 X76.735 Y31.469
G1 X76.796 Y31.444
G1 X76.853 Y31.416
G1 X76.903 Y31.385
G1 X76.948 Y31.350
G1 X76.986 Y31.312
G1 X77.019 Y31.271
G1 X77.045 Y31.227
G1 X77.065 Y31.181
G1 X77.079 Y31.131
G1 X77.086 Y31.079
G1 X77.087 Y31.024
G1 X77.081 Y30.967
G1 X77.068 Y30.907
G1 X77.048 Y30.845
G1 X77.022 Y30.781
G1 X76.990 Y30.715
G1 X76.950 Y30.647
G1 X76.904 Y30.578
G1 X76.851 Y30.507
G1 X76.792 Y30.435
G1 X76.727 Y30.361
G1 X76.655 Y30.287
G1 X76.577 Y30.212
G1 X76.493 Y30.136
G1 X76.403 Y30.060
G1 X76.308 Y29.983
G1 X76.207 Y29.907
G1 X76.101 Y29.830
G1 X75.990 Y29.754
G1 X75.874 Y29.679
G1 X75.753 Y29.604
G1 X75.628 Y29.530
G1 X75.500 Y29.457
G1 X75.367 Y29.386
G1 X75.232 Y29.316
G1 X75.093 Y29.248
G1 X74.952 Y29.182
G1 X74.809 Y29.117
G1 X74.664 Y29.056
G1 X74.517 Y28.996
G1 X74.369 Y28.940
G1 X74.221 Y28.886
G1 X74.073 Y28.835
G1 X73.924 Y28.787
G1 X73.777 Y28.743
G1 X73.630 Y28.702
G1 X73.485 Y28.665
G1 X73.342 Y28.632
G1 X73.201 Y28.602
G1 X73.063 Y28.577
G1 X72.928 Y28.555
G1 X72.797 Y28.538
G1 X72.670 Y28.525
G1 X72.547 Y28.516
G1 X72.429 Y28.512
G1 X72.316 Y28.512
G1 X72.209 Y28.516
G1 X72.107 Y28.525
G1 X72.012 Y28.539
G1 X71.923 Y28.556
G1 X71.840 Y28.578
G1 X71.765 Y28.605
G1 X71.697 Y28.636
G1 X71.636 Y28.671
G1 X71.583 Y28.710
G1 X71.538 Y28.753
G1 X71.500 Y28.800
G1 X71.471 Y28.851
G1 X71.449 Y28.905
G1 X71.436 Y28.963
G1 X71.431 Y29.024
G1 X71.434 Y29.089
G1 X71.445 Y29.156
G1 X71.465 Y29.227
G1 X71.492 Y29.300
G1 X71.527 Y29.375
G1 X71.571 Y29.452
G1 X71.621 Y29.532
G1 X71.680 Y29.613
G1 X71.746 Y29.696
G1 X71.819 Y29.780
G1 X71.899 Y29.865
G1 X71.986 Y29.952
G1 X72.079 Y30.038
G1 X72.178 Y30.125
G1 X72.284 Y30.213
G1 X72.395 Y30.300
G1 X72.511 Y30.386
G1 X72.632 Y30.473
G1 X72.758 Y30.558
G1 X72.889 Y30.643
G1 X73.023 Y30.726
G1 X73.162 Y30.807
G1 X73.303 Y30.888
G1 X73.448 Y30.966
G1 X73.595 Y31.042
G1 X73.744 Y31.116
G1 X73.896 Y31.187
G1 X74.048 Y31.256
G1 X74.202 Y31.323
G1 X74.357 Y31.386
G1 X74.512 Y31.446
G1 X74.668 Y31.503
G1 X74.822 Y31.556
G1 X74.977 Y31.606
G1 X75.130 Y31.653
G1 X75.282 Y31.695
G1 X75.432 Y31.734
G1 X75.580 Y31.769
G1 X75.726 Y31.800
G1 X75.869 Y31.827
G1 X76.009 Y31.850
G1 X76.145 Y31.869
G1 X76.278 Y31.883
G1 X76.407 Y31.893
G1 X76.532 Y31.899
G1 X76.652 Y31.901
G1 X76.767 Y31.898
G1 X76.877 Y31.891
G1 X76.981 Y31.880
G1 X77.080 Y31.864
G1 X77.173 Y31.844
G1 X77.260 Y31.820
G1 X77.340 Y31.792
G1 X77.414 Y31.760
G1 X77.481 Y31.723
G1 X77.541 Y31.683
G1 X77.593 Y31.639
G1 X77.639 Y31.590
G1 X77.676 Y31.539
G1 X77.707 Y31.483
G1 X77.729 Y31.424
G1 X77.743 Y31.361
G1 X77.750 Y31.296
G1 X77.748 Y31.227
G1 X77.738 Y31.155
G1 X77.720 Y31.080
G1 X77.694 Y31.003
G1 X77.660 Y30.923
G1 X77.617 Y30.840
G1 X77.566 Y30.756
G1 X77.507 Y30.669
G1 X77.439 Y30.581
G1 X77.364 Y30.491
G1 X77.281 Y30.400
G1 X77.190 Y30.307
G1 X77.091 Y30.214
G1 X76.985 Y30.120
G1 X76.872 Y30.025
G1 X76.751 Y29.930
G1 X76.624 Y29.835
G1 X76.490 Y29.740
G1 X76.350 Y29.646
G1 X76.204 Y29.552
G1 X76.052 Y29.460
G1 X75.895 Y29.368
G1 X75.733 Y29.278
G1 X75.567 Y29.189
G1 X75.396 Y29.103
G1 X75.222 Y29.019
G1 X75.045 Y28.937
G1 X74.865 Y28.857
G1 X74.682 Y28.781
G1 X74.498 Y28.708
G1 X74.313 Y28.638
G1 X74.127 Y28.572
G1 X73.941 Y28.510
G1 X73.755 Y28.451
G1 X73.571 Y28.397
G1 X73.387 Y28.348
G1 X73.206 Y28.303
G1 X73.027 Y28.262
G1 X72.852 Y28.227
G1 X72.680 Y28.197
G1 X72.512 Y28.172
G1 X72.349 Y28.152
G1 X72.192 Y28.137
G1 X72.040 Y28.128
G1 X71.894 Y28.125
G1 X71.755 Y28.127
G1 X71.623 Y28.135
G1 X71.499 Y28.148
G1 X71.383 Y28.167
G1 X71.275 Y28.191
G1 X71.175 Y28.221
G1 X71.085 Y28.256
G1 X71.004 Y28.297
G1 X70.932 Y28.343
G1 X70.871 Y28.395
G1 X70.819 Y28.451
G1 X70.777 Y28.512
G1 X70.745 Y28.578
G1 X70.724 Y28.648
G1 X70.713 Y28.723
G1 X70.712 Y28.802
G1 X70.722 Y28.884
G1 X70.741 Y28.971
G1 X70.771 Y29.060
G1 X70.811 Y29.153
G1 X70.861 Y29.249
G1 X70.921 Y29.347
G1 X70.990 Y29.448
G1 X71.069 Y29.551
G1 X71.156 Y29.655
G1 X71.253 Y29.761
G1 X71.357 Y29.868
G1 X71.470 Y29.976
G1 X71.591 Y30.085
G1 X71.719 Y30.194
G1 X71.855 Y30.303
G1 X71.997 Y30.411
G1 X72.145 Y30.519
G1 X72.300 Y30.626
G1 X72.459 Y30.732
G1 X72.624 Y30.836
G1 X72.794 Y30.939
G1 X72.967 Y31.039
G1 X73.145 Y31.138
G1 X73.326 Y31.233
G1 X73.510 Y31.327
G1 X73.696 Y31.417
G1 X73.884 Y31.504
G1 X74.073 Y31.587
G1 X74.264 Y31.668
G1 X74.456 Y31.744
G1 X74.647 Y31.816
G1 X74.839 Y31.884
G1 X75.029 Y31.949
G1 X75.219 Y32.008
G1 X75.407 Y32.063
G1 X75.593 Y32.114
G1 X75.777 Y32.159
G1 X75.958 Y32.200
G1 X76.136 Y32.236
G1 X76.311 Y32.267
G1 X76.481 Y32.293
G1 X76.648 Y32.313
G1 X76.809 Y32.329
G1 X76.966 Y32.339
G1 X77.117 Y32.344
G1 X77.262 Y32.344
G1 X77.402 Y32.338
G1 X77.535 Y32.327
G1 X77.661 Y32.311
G1 X77.781 Y32.290
G1 X77.893 Y32.264
G1 X77.997 Y32.232
G1 X78.094 Y32.195
G1 X78.183 Y32.154
G1 X78.263 Y32.107
G1 X78.335 Y32.056
G1 X78.398 Y32.000
G1 X78.452 Y31.939
G1 X78.496 Y31.874
G1 X78.532 Y31.804
G1 X78.557 Y31.730
G1 X78.573 Y31.652
G1 X78.580 Y31.570
G1 X78.576 Y31.484
G1 X78.562 Y31.394
G1 X78.538 Y31.301
G1 X78.504 Y31.205
G1 X78.460 Y31.105
G1 X78.406 Y31.003
G1 X78.341 Y30.898
G1 X78.267 Y30.790
G1 X78.182 Y30.681
G1 X78.087 Y30.569
G1 X77.983 Y30.456
G1 X77.869 Y30.341
G1 X77.745 Y30.225
G1 X77.612 Y30.108
G1 X77.470 Y29.991
G1 X77.319 Y29.873
G1 X77.159 Y29.755
G1 X76.991 Y29.637
G1 X76.816 Y29.520
G1 X76.632 Y29.404
G1 X76.442 Y29.288
G1 X76.245 Y29.175
G1 X76.042 Y29.063
G1 X75.833 Y28.953
G1 X75.619 Y28.845
G1 X75.400 Y28.741
G1 X75.177 Y28.639
G1 X74.951 Y28.541
G1 X74.722 Y28.446
G1 X74.491 Y28.355
G1 X74.258 Y28.269
G1 X74.024 Y28.187
G1 X73.791 Y28.110
G1 X73.557 Y28.038
G1 X73.325 Y27.971
G1 X73.095 Y27.910
G1 X72.868 Y27.855
G1 X72.644 Y27.806
G1 X72.424 Y27.763
G1 X72.209 Y27.726
G1 X71.999 Y27.696
G1 X71.796 Y27.673
G1 X71.600 Y27.656
G1 X71.411 Y27.647
G1 X71.230 Y27.644
G1 X71.058 Y27.649
G1 X70.895 Y27.660
G1 X70.742 Y27.679
G1 X70.600 Y27.705
G1 X70.468 Y27.738
G1 X70.347 Y27.777
G1 X70.238 Y27.824
G1 X70.141 Y27.878
G1 X70.057 Y27.938
G1 X69.984 Y28.005
G1 X69.925 Y28.077
G1 X69.878 Y28.157
G1 X69.844 Y28.241
G1 X69.824 Y28.332
G1 X69.816 Y28.428
G1 X69.822 Y28.529
G1 X69.840 Y28.635
G1 X69.872 Y28.745
G1 X69.916 Y28.859
G1 X69.973 Y28.977
G1 X70.042 Y29.099
G1 X70.123 Y29.224
G1 X70.216 Y29.351
G1 X70.320 Y29.481
G1 X70.435 Y29.613
G1 X70.561 Y29.746
G1 X70.698 Y29.881
G1 X70.844 Y30.016
G1 X71.000 Y30.152
G1 X71.164 Y30.288
G1 X71.337 Y30.424
G1 X71.518 Y30.559
G1 X71.707 Y30.693
G1 X71.902 Y30.826
G1 X72.104 Y30.957
G1 X72.312 Y31.086
G1 X72.525 Y31.212
G1 X72.742 Y31.336
G1 X72.964 Y31.457
G1 X73.190 Y31.574
G1 X73.418 Y31.688
G1 X73.649 Y31.798
G1 X73.883 Y31.904
G1 X74.117 Y32.006
G1 X74.353 Y32.103
G1 X74.589 Y32.195
G1 X74.825 Y32.282
G1 X75.060 Y32.364
G1 X75.295 Y32.441
G1 X75.527 Y32.512
G1 X75.758 Y32.578
G1 X75.985 Y32.638
G1 X76.210 Y32.692
G1 X76.431 Y32.739
G1 X76.649 Y32.781
G1 X76.861 Y32.817
G1 X77.069 Y32.846
G1 X77.271 Y32.869
G1 X77.468 Y32.886
G1 X77.659 Y32.896
G1 X77.842 Y32.900
G1 X78.019 Y32.898
G1 X78.189 Y32.889
G1 X78.350 Y32.874
G1 X78.504 Y32.852
G1 X78.649 Y32.824
G1 X78.785 Y32.790
G1 X78.912 Y32.750
G1 X79.030 Y32.703
G1 X79.137 Y32.650
G1 X79.235 Y32.592
G1 X79.322 Y32.528
G1 X79.398 Y32.457
G1 X79.464 Y32.382
G1 X79.518 Y32.300
G1 X79.561 Y32.214
G1 X79.593 Y32.122
G1 X79.612 Y32.025
G1 X79.620 Y31.923
G1 X79.615 Y31.817
G1 X79.599 Y31.706
G1 X79.569 Y31.591
G1 X79.528 Y31.472
G1 X79.474 Y31.349
G1 X79.407 Y31.223
G1 X79.328 Y31.093
G1 X79.236 Y30.960
G1 X79.132 Y30.825
G1 X79.015 Y30.687
G1 X78.886 Y30.547
G1 X78.745 Y30.404
G1 X78.592 Y30.261
G1 X78.427 Y30.116
G1 X78.251 Y29.970
G1 X78.063 Y29.824
G1 X77.865 Y29.678
G1 X77.656 Y29.531
G1 X77.437 Y29.386
G1 X77.209 Y29.241
G1 X76.971 Y29.098
G1 X76.725 Y28.956
G1 X76.471 Y28.816
G1 X76.209 Y28.679
G1 X75.941 Y28.545
G1 X75.667 Y28.414
G1 X75.387 Y28.287
G1 X75.103 Y28.164
G1 X74.815 Y28.046
G1 X74.524 Y27.932
G1 X74.231 Y27.824
G1 X73.937 Y27.721
G1 X73.642 Y27.625
G1 X73.348 Y27.535
G1 X73.056 Y27.451
G1 X72.766 Y27.375
G1 X72.479 Y27.306
G1 X72.197 Y27.244
G1 X71.920 Y27.190
G1 X71.649 Y27.145
G1 X71.385 Y27.108
G1 X71.130 Y27.079
G1 X70.883 Y27.059
G1 X70.646 Y27.048
G1 X70.420 Y27.046
G1 X70.205 Y27.053
G1 X70.002 Y27.069
G1 X69.811 Y27.094
G1 X69.634 Y27.127
G1 X69.472 Y27.170
G1 X69.323 Y27.222
G1 X69.190 Y27.283
G1 X69.072 Y27.352
G1 X68.970 Y27.430
G1 X68.885 Y27.515
G1 X68.815 Y27.609
G1 X68.762 Y27.711
G1 X68.726 Y27.820
G1 X68.706 Y27.935
G1 X68.703 Y28.058
G1 X68.717 Y28.187
G1 X68.746 Y28.322
G1 X68.793 Y28.462
G1 X68.855 Y28.608
G1 X68.933 Y28.758
G1 X69.026 Y28.912
G1 X69.135 Y29.070
G1 X69.258 Y29.231
G1 X69.395 Y29.395
G1 X69.545 Y29.561
G1 X69.709 Y29.729
G1 X69.885 Y29.898
G1 X70.073 Y30.068
G1 X70.272 Y30.239
G1 X70.482 Y30.409
G1 X70.702 Y30.578
G1 X70.932 Y30.746
G1 X71.170 Y30.913
G1 X71.416 Y31.078
G1 X71.669 Y31.240
G1 X71.930 Y31.400
G1 X72.196 Y31.556
G1 X72.467 Y31.709
G1 X72.743 Y31.857
G1 X73.024 Y32.002
G1 X73.307 Y32.141
G1 X73.593 Y32.276
G1 X73.881 Y32.405
G1 X74.171 Y32.529
G1 X74.461 Y32.647
G1 X74.751 Y32.759
G1 X75.041 Y32.865
G1 X75.329 Y32.964
G1 X75.616 Y33.056
G1 X75.901 Y33.142
G1 X76.183 Y33.221
G1 X76.461 Y33.292
G1 X76.736 Y33.356
G1 X77.006 Y33.413
G1 X77.271 Y33.463
G1 X77.530 Y33.504
G1 X77.783 Y33.539
G1 X78.030 Y33.565
G1 X78.270 Y33.584
G1 X78.502 Y33.595
G1 X78.726 Y33.598
G1 X78.942 Y33.594
G1 X79.149 Y33.582
G1 X79.347 Y33.562
G1 X79.535 Y33.535
G1 X79.712 Y33.500
G1 X79.880 Y33.457
G1 X80.036 Y33.407
G1 X80.181 Y33.350
G1 X80.314 Y33.285
G1 X80.435 Y33.213
G1 X80.543 Y33.134
G1 X80.639 Y33.048
G1 X80.722 Y32.955
G1 X80.791 Y32.856
G1 X80.847 Y32.750
G1 X80.888 Y32.638
G1 X80.916 Y32.519
G1 X80.929 Y32.395
G1 X80.927 Y32.265
G1 X80.910 Y32.129
G1 X80.878 Y31.989
G1 X80.831 Y31.843
G1 X80.769 Y31.692
G1 X80.691 Y31.537
G1 X80.598 Y31.378
G1 X80.489 Y31.215
G1 X80.365 Y31.049
G1 X80.225 Y30.879
G1 X80.070 Y30.706
G1 X79.900 Y30.531
G1 X79.715 Y30.354
G1 X79.514 Y30.175
G1 X79.300 Y29.994
G1 X79.070 Y29.813
G1 X78.827 Y29.631
G1 X78.571 Y29.450
G1 X78.301 Y29.268
G1 X78.019 Y29.088
G1 X77.725 Y28.909
G1 X77.420 Y28.732
G1 X77.104 Y28.557
G1 X76.778 Y28.385
G1 X76.444 Y28.216
G1 X76.101 Y28.051
G1 X75.750 Y27.891
G1 X75.394 Y27.736
G1 X75.032 Y27.586
G1 X74.665 Y27.442
G1 X74.296 Y27.304
G1 X73.924 Y27.174
G1 X73.552 Y27.050
G1 X73.180 Y26.935
G1 X72.809 Y26.828
G1 X72.441 Y26.730
G1 X72.077 Y26.641
G1 X71.719 Y26.561
G1 X71.366 Y26.492
G1 X71.022 Y26.433
G1 X70.687 Y26.384
G1 X70.361 Y26.346
G1 X70.048 Y26.319
G1 X69.746 Y26.304
G1 X69.458 Y26.300
G1 X69.185 Y26.307
G1 X68.928 Y26.326
G1 X68.687 Y26.357
G1 X68.463 Y26.399
G1 X68.258 Y26.453
G1 X68.071 Y26.518
G1 X67.904 Y26.594
G1 X67.757 Y26.682
G1 X67.631 Y26.780
G1 X67.525 Y26.889
G1 X67.440 Y27.008
G1 X67.377 Y27.136
G1 X67.335 Y27.275
G1 X67.315 Y27.422
G1 X67.316 Y27.577
G1 X67.338 Y27.741
G1 X67.381 Y27.912
G1 X67.444 Y28.090
G1 X67.528 Y28.275
G1 X67.631 Y28.465
G1 X67.754 Y28.660
G1 X67.896 Y28.860
G1 X68.055 Y29.063
G1 X68.232 Y29.270
G1 X68.426 Y29.480
G1 X68.636 Y29.691
G1 X68.861 Y29.904
G1 X69.100 Y30.117
G1 X69.353 Y30.331
G1 X69.619 Y30.544
G1 X69.896 Y30.756
G1 X70.185 Y30.966
G1 X70.484 Y31.174
G1 X70.792 Y31.379
G1 X71.109 Y31.581
G1 X71.433 Y31.779
G1 X71.764 Y31.973
G1 X72.101 Y32.162
G1 X72.443 Y32.346
G1 X72.789 Y32.524
G1 X73.139 Y32.696
G1 X73.492 Y32.862
G1 X73.846 Y33.021
G1 X74.202 Y33.173
G1 X74.558 Y33.317
G1 X74.914 Y33.455
G1 X75.269 Y33.584
G1 X75.622 Y33.705
G1 X75.973 Y33.818
G1 X76.321 Y33.922
G1 X76.665 Y34.018
G1 X77.005 Y34.105
G1 X77.340 Y34.183
G1 X77.670 Y34.253
G1 X77.993 Y34.313
G1 X78.310 Y34.364
G1 X78.620 Y34.405
G1 X78.922 Y34.438
G1 X79.215 Y34.461
G1 X79.500 Y34.475
G1 X79.775 Y34.480
G1 X80.040 Y34.475
G1 X80.295 Y34.461
G1 X80.539 Y34.438
G1 X80.772 Y34.406
G1 X80.993 Y34.365
G1 X81.201 Y34.314
G1 X81.397 Y34.255
G1 X81.579 Y34.187
G1 X81.748 Y34.110
G1 X81.902 Y34.024
G1 X82.042 Y33.930
G1 X82.167 Y33.828
G1 X82.276 Y33.717
G1 X82.370 Y33.598
G1 X82.447 Y33.472
G1 X82.508 Y33.337
G1 X82.552 Y33.196
G1 X82.578 Y33.047
G1 X82.587 Y32.890
G1 X82.579 Y32.727
G1 X82.552 Y32.558
G1 X82.506 Y32.382
G1 X82.442 Y32.200
G1 X82.359 Y32.013
G1 X82.257 Y31.820
G1 X82.136 Y31.622
G1 X81.996 Y31.419
G1 X81.837 Y31.212
G1 X81.659 Y31.001
G1 X81.461 Y30.787
G1 X81.244 Y30.569
G1 X81.009 Y30.349
G1 X80.754 Y30.127
G1 X80.482 Y29.903
G1 X80.191 Y29.678
G1 X79.883 Y29.452
G1 X79.557 Y29.226
G1 X79.215 Y29.001
G1 X78.857 Y28.777
G1 X78.484 Y28.554
G1 X78.096 Y28.334
G1 X77.694 Y28.116
G1 X77.280 Y27.903
G1 X76.854 Y27.693
G1 X76.418 Y27.488
G1 X75.972 Y27.289
G1 X75.518 Y27.096
G1 X75.058 Y26.910
G1 X74.592 Y26.732
G1 X74.122 Y26.562
G1 X73.649 Y26.401
G1 X73.176 Y26.249
G1 X72.703 Y26.107
G1 X72.233 Y25.977
G1 X71.767 Y25.857
G1 X71.306 Y25.749
G1 X70.853 Y25.654
G1 X70.409 Y25.572
G1 X69.976 Y25.503
G1 X69.555 Y25.448
G1 X69.148 Y25.406
G1 X68.757 Y25.380
G1 X68.383 Y25.367
G1 X68.027 Y25.370
G1 X67.692 Y25.387
G1 X67.377 Y25.420
G1 X67.086 Y25.467
G1 X66.817 Y25.530
G1 X66.573 Y25.607
G1 X66.354 Y25.699
G1 X66.162 Y25.805
G1 X65.996 Y25.925
G1 X65.857 Y26.059
G1 X65.745 Y26.206
G1 X65.661 Y26.367
G1 X65.605 Y26.539
G1 X65.577 Y26.723
G1 X65.576 Y26.918
G1 X65.603 Y27.124
G1 X65.656 Y27.339
G1 X65.736 Y27.563
G1 X65.842 Y27.795
G1 X65.973 Y28.035
G1 X66.128 Y28.281
G1 X66.307 Y28.533
G1 X66.509 Y28.790
G1 X66.732 Y29.051
G1 X66.976 Y29.315
G1 X67.240 Y29.582
G1 X67.523 Y29.850
G1 X67.824 Y30.119
G1 X68.140 Y30.388
G1 X68.473 Y30.656
G1 X68.819 Y30.922
G1 X69.179 Y31.186
G1 X69.551 Y31.447
G1 X69.933 Y31.704
G1 X70.326 Y31.957
G1 X70.727 Y32.204
G1 X71.136 Y32.447
G1 X71.552 Y32.683
G1 X71.973 Y32.912
G1 X72.400 Y33.134
G1 X72.829 Y33.349
G1 X73.262 Y33.555
G1 X73.697 Y33.753
G1 X74.132 Y33.942
G1 X74.568 Y34.122
G1 X75.003 Y34.293
G1 X75.437 Y34.454
G1 X75.869 Y34.605
G1 X76.297 Y34.746
G1 X76.722 Y34.876
G1 X77.142 Y34.996
G1 X77.558 Y35.106
G1 X77.967 Y35.204
G1 X78.370 Y35.292
G1 X78.766 Y35.369
G1 X79.155 Y35.435
G1 X79.535 Y35.490
G1 X79.906 Y35.534
G1 X80.267 Y35.566
G1 X80.619 Y35.588
G1 X80.960 Y35.599
G1 X81.289 Y35.598
G1 X81.607 Y35.587
G1 X81.912 Y35.564
G1 X82.205 Y35.531
G1 X82.484 Y35.487
G1 X82.749 Y35.433
G1 X83.000 Y35.367
G1 X83.236 Y35.291
G1 X83.456 Y35.205
G1 X83.660 Y35.109
G1 X83.847 Y35.002
G1 X84.017 Y34.885
G1 X84.170 Y34.758
G1 X84.304 Y34.622
G1 X84.420 Y34.476
G1 X84.517 Y34.321
G1 X84.594 Y34.156
G1 X84.651 Y33.983
G1 X84.687 Y33.801
G1 X84.703 Y33.610
G1 X84.697 Y33.411
G1 X84.669 Y33.204
G1 X84.619 Y32.990
G1 X84.546 Y32.768
G1 X84.451 Y32.538
G1 X84.332 Y32.303
G1 X84.190 Y32.060
G1 X84.025 Y31.812
G1 X83.835 Y31.558
G1 X83.622 Y31.299
G1 X83.384 Y31.036
G1 X83.123 Y30.768
G1 X82.838 Y30.496
G1 X82.529 Y30.222
G1 X82.197 Y29.945
G1 X81.841 Y29.666
G1 X81.462 Y29.385
G1 X81.061 Y29.104
G1 X80.639 Y28.823
G1 X80.195 Y28.543
G1 X79.731 Y28.265
G1 X79.247 Y27.988
G1 X78.745 Y27.715
G1 X78.226 Y27.446
G1 X77.691 Y27.181
G1 X77.141 Y26.922
G1 X76.577 Y26.670
G1 X76.002 Y26.424
G1 X75.418 Y26.187
G1 X74.825 Y25.960
G1 X74.226 Y25.742
G1 X73.622 Y25.535
G1 X73.017 Y25.340
G1 X72.412 Y25.158
G1 X71.809 Y24.989
G1 X71.210 Y24.834
G1 X70.618 Y24.695
G1 X70.036 Y24.571
G1 X69.465 Y24.464
G1 X68.907 Y24.374
G1 X68.366 Y24.301
G1 X67.843 Y24.247
G1 X67.341 Y24.211
G1 X66.862 Y24.194
G1 X66.407 Y24.197
G1 X65.979 Y24.219
G1 X65.579 Y24.260
G1 X65.209 Y24.322
G1 X64.870 Y24.402
G1 X64.564 Y24.502
G1 X64.291 Y24.621
G1 X64.054 Y24.759
G1 X63.852 Y24.915
G1 X63.685 Y25.089
G1 X63.555 Y25.281
G1 X63.462 Y25.488
G1 X63.404 Y25.712
G1 X63.383 Y25.950
G1 X63.398 Y26.203
G1 X63.449 Y26.469
G1 X63.533 Y26.747
G1 X63.652 Y27.036
G1 X63.803 Y27.335
G1 X63.987 Y27.644
G1 X64.200 Y27.960
G1 X64.443 Y28.283
G1 X64.714 Y28.611
G1 X65.012 Y28.944
G1 X65.335 Y29.281
G1 X65.681 Y29.620
G1 X66.050 Y29.959
G1 X66.439 Y30.300
G1 X66.847 Y30.639
G1 X67.273 Y30.976
G1 X67.715 Y31.310
G1 X68.172 Y31.641
G1 X68.642 Y31.967
G1 X69.124 Y32.287
G1 X69.616 Y32.602
G1 X70.117 Y32.909
G1 X70.626 Y33.208
G1 X71.142 Y33.499
G1 X71.663 Y33.781
G1 X72.189 Y34.054
G1 X72.717 Y34.316
G1 X73.248 Y34.569
G1 X73.780 Y34.810
G1 X74.312 Y35.040
G1 X74.843 Y35.258
G1 X75.372 Y35.465
G1 X75.898 Y35.659
G1 X76.422 Y35.841
G1 X76.940 Y36.011
G1 X77.454 Y36.168
G1 X77.963 Y36.312
G1 X78.464 Y36.443
G1 X78.959 Y36.561
G1 X79.446 Y36.666
G1 X79.924 Y36.758
G1 X80.393 Y36.837
G1 X80.853 Y36.903
G1 X81.302 Y36.956
G1 X81.740 Y36.996
G1 X82.167 Y37.022
G1 X82.582 Y37.036
G1 X82.983 Y37.037
G1 X83.372 Y37.025
G1 X83.747 Y37.000
G1 X84.107 Y36.963
G1 X84.452 Y36.913
G1 X84.782 Y36.851
G1 X85.095 Y36.776
G1 X85.391 Y36.689
G1 X85.670 Y36.590
G1 X85.931 Y36.479
G1 X86.174 Y36.356
G1 X86.397 Y36.221
G1 X86.600 Y36.075
G1 X86.783 Y35.917
G1 X86.945 Y35.748
G1 X87.085 Y35.568
G1 X87.203 Y35.376
G1 X87.297 Y35.174
G1 X87.368 Y34.962
G1 X87.415 Y34.739
G1 X87.438 Y34.506
G1 X87.434 Y34.263
G1 X87.405 Y34.010
G1 X87.349 Y33.748
G1 X87.266 Y33.477
G1 X87.155 Y33.197
G1 X87.016 Y32.908
G1 X86.849 Y32.612
G1 X86.652 Y32.308
G1 X86.426 Y31.997
G1 X86.171 Y31.679
G1 X85.885 Y31.355
G1 X85.569 Y31.026
G1 X85.223 Y30.691
G1 X84.847 Y30.352
G1 X84.440 Y30.009
G1 X84.003 Y29.663
G1 X83.537 Y29.314
G1 X83.041 Y28.964
G1 X82.517 Y28.614
G1 X81.964 Y28.263
G1 X81.384 Y27.914
G1 X80.778 Y27.566
G1 X80.147 Y27.222
G1 X79.492 Y26.882
G1 X78.814 Y26.546
G1 X78.116 Y26.218
G1 X77.399 Y25.896
G1 X76.665 Y25.583
G1 X75.917 Y25.281
G1 X75.157 Y24.989
G1 X74.387 Y24.709
G1 X73.609 Y24.443
G1 X72.828 Y24.191
G1 X72.046 Y23.955
G1 X71.265 Y23.737
G1 X70.489 Y23.536
G1 X69.722 Y23.355
G1 X68.966 Y23.194
G1 X68.225 Y23.054
G1 X67.503 Y22.937
G1 X66.802 Y22.843
G1 X66.125 Y22.772
G1 X65.476 Y22.726
G1 X64.858 Y22.705
G1 X64.274 Y22.710
G1 X63.726 Y22.740
G1 X63.216 Y22.796
G1 X62.748 Y22.878
G1 X62.322 Y22.985
G1 X61.941 Y23.119
G1 X61.605 Y23.277
G1 X61.317 Y23.460
G1 X61.077 Y23.668
G1 X60.886 Y23.899
G1 X60.743 Y24.152
G1 X60.648 Y24.427
G1 X60.603 Y24.722
G1 X60.605 Y25.036
G1 X60.654 Y25.369
G1 X60.749 Y25.718
G1 X60.888 Y26.082
G1 X61.071 Y26.460
G1 X61.295 Y26.850
G1 X61.559 Y27.251
G1 X61.861 Y27.662
G1 X62.199 Y28.080
G1 X62.571 Y28.503
G1 X62.974 Y28.932
G1 X63.408 Y29.364
G1 X63.868 Y29.797
G1 X64.354 Y30.230
G1 X64.864 Y30.662
G1 X65.394 Y31.091
G1 X65.944 Y31.517
G1 X66.511 Y31.938
G1 X67.094 Y32.352
G1 X67.690 Y32.759
G1 X68.297 Y33.158
G1 X68.915 Y33.548
G1 X69.541 Y33.928
G1 X70.174 Y34.297
G1 X70.812 Y34.654
G1 X71.455 Y35.000
G1 X72.100 Y35.332
G1 X72.747 Y35.652
G1 X73.395 Y35.957
G1 X74.041 Y36.249
G1 X74.687 Y36.526
G1 X75.329 Y36.789
G1 X75.968 Y37.037
G1 X76.603 Y37.269
G1 X77.232 Y37.487
G1 X77.856 Y37.689
G1 X78.473 Y37.875
G1 X79.082 Y38.047
G1 X79.684 Y38.202
G1 X80.276 Y38.342
G1 X80.860 Y38.467
G1 X81.433 Y38.576
G1 X81.996 Y38.670
G1 X82.547 Y38.749
G1 X83.087 Y38.812
G1 X83.615 Y38.861
G1 X84.130 Y38.894
G1 X84.631 Y38.913
G1 X85.119 Y38.916
G1 X85.592 Y38.906
G1 X86.050 Y38.880
G1 X86.492 Y38.841
G1 X86.918 Y38.787
G1 X87.327 Y38.719
G1 X87.719 Y38.636
G1 X88.092 Y38.540
G1 X88.447 Y38.431
G1 X88.783 Y38.307
G1 X89.098 Y38.170
G1 X89.393 Y38.020
G1 X89.666 Y37.856
G1 X89.918 Y37.679
G1 X90.146 Y37.489
G1 X90.351 Y37.286
G1 X90.531 Y37.070
G1 X90.686 Y36.842
G1 X90.815 Y36.601
G1 X90.918 Y36.347
G1 X90.992 Y36.082
G1 X91.038 Y35.804
G1 X91.055 Y35.514
G1 X91.042 Y35.213
G1 X90.998 Y34.900
G1 X90.921 Y34.576
G1 X90.812 Y34.241
G1 X90.670 Y33.895
G1 X90.493 Y33.539
G1 X90.281 Y33.173
G1 X90.033 Y32.798
G1 X89.749 Y32.413
G1 X89.427 Y32.020
G1 X89.068 Y31.619
G1 X88.670 Y31.210
G1 X88.234 Y30.795
G1 X87.759 Y30.373
G1 X87.245 Y29.946
G1 X86.692 Y29.514
G1 X86.100 Y29.079
G1 X85.469 Y28.641
G1 X84.800 Y28.201
G1 X84.093 Y27.760
G1 X83.349 Y27.321
G1 X82.570 Y26.882
G1 X81.756 Y26.448
G1 X80.910 Y26.017
G1 X80.033 Y25.592
G1 X79.127 Y25.175
G1 X78.195 Y24.767
G1 X77.239 Y24.369
G1 X76.262 Y23.983
G1 X75.268 Y23.612
G1 X74.261 Y23.255
G1 X73.243 Y22.916
G1 X72.219 Y22.597
G1 X71.193 Y22.297
G1 X70.170 Y22.021
G1 X69.154 Y21.768
G1 X68.150 Y21.541
G1 X67.163 Y21.341
G1 X66.197 Y21.169
G1 X65.258 Y21.028
G1 X64.351 Y20.917
G1 X63.479 Y20.839
G1 X62.648 Y20.794
G1 X61.861 Y20.783
G1 X61.123 Y20.806
G1 X60.438 Y20.864
G1 X59.808 Y20.957
G1 X59.237 Y21.084
G1 X58.728 Y21.247
G1 X58.282 Y21.444
G1 X57.900 Y21.674
G1 X57.585 Y21.937
G1 X57.337 Y22.232
G1 X57.155 Y22.558
G1 X57.040 Y22.912
G1 X56.991 Y23.295
G1 X57.007 Y23.703
G1 X57.086 Y24.135
G1 X57.226 Y24.590
G1 X57.425 Y25.064
G1 X57.681 Y25.557
G1 X57.991 Y26.065
G1 X58.351 Y26.587
G1 X58.760 Y27.120
G1 X59.214 Y27.663
G1 X59.710 Y28.213
G1 X60.244 Y28.767
G1 X60.814 Y29.325
G1 X61.416 Y29.884
G1 X62.047 Y30.441
G1 X62.705 Y30.996
G1 X63.386 Y31.546
G1 X64.088 Y32.089
G1 X64.807 Y32.625
G1 X65.543 Y33.152
G1 X66.291 Y33.668
G1 X67.051 Y34.172
G1 X67.819 Y34.663
G1 X68.595 Y35.140
G1 X69.376 Y35.603
G1 X70.160 Y36.050
G1 X70.947 Y36.481
G1 X71.734 Y36.896
G1 X72.521 Y37.293
G1 X73.306 Y37.672
G1 X74.088 Y38.033
G1 X74.866 Y38.377
G1 X75.639 Y38.701
G1 X76.407 Y39.008
G1 X77.169 Y39.295
G1 X77.923 Y39.564
G1 X78.670 Y39.814
G1 X79.408 Y40.046
G1 X80.137 Y40.260
G1 X80.856 Y40.455
G1 X81.566 Y40.631
G1 X82.265 Y40.790
G1 X82.953 Y40.931
G1 X83.629 Y41.054
G1 X84.293 Y41.160
G1 X84.945 Y41.249
G1 X85.584 Y41.321
G1 X86.209 Y41.376
G1 X86.821 Y41.414
G1 X87.419 Y41.436
G1 X88.001 Y41.441
G1 X88.569 Y41.431
G1 X89.121 Y41.405
G1 X89.657 Y41.363
G1 X90.176 Y41.306
G1 X90.677 Y41.234
G1 X91.161 Y41.146
G1 X91.627 Y41.043
G1 X92.073 Y40.925
G1 X92.500 Y40.793
G1 X92.907 Y40.646
G1 X93.293 Y40.484
G1 X93.657 Y40.308
G1 X93.998 Y40.117
G1 X94.317 Y39.911
G1 X94.611 Y39.691
G1 X94.880 Y39.457
G1 X95.123 Y39.209
G1 X95.340 Y38.946
G1 X95.529 Y38.669
G1 X95.689 Y38.378
G1 X95.819 Y38.073
G1 X95.918 Y37.753
G1 X95.985 Y37.420
G1 X96.019 Y37.072
G1 X96.018 Y36.711
G1 X95.982 Y36.336
G1 X95.908 Y35.947
G1 X95.797 Y35.545
G1 X95.646 Y35.129
G1 X95.454 Y34.700
G1 X95.220 Y34.258
G1 X94.943 Y33.804
G1 X94.621 Y33.338
G1 X94.253 Y32.860
G1 X93.838 Y32.370
G1 X93.375 Y31.870
G1 X92.863 Y31.360
G1 X92.301 Y30.840
G1 X91.688 Y30.311
G1 X91.023 Y29.775
G1 X90.307 Y29.232
G1 X89.538 Y28.682
G1 X88.717 Y28.129
G1 X87.844 Y27.571
G1 X86.919 Y27.012
G1 X85.943 Y26.452
G1 X84.918 Y25.894
G1 X83.844 Y25.338
G1 X82.724 Y24.787
G1 X81.560 Y24.242
G1 X80.355 Y23.706
G1 X79.113 Y23.181
G1 X77.836 Y22.669
G1 X76.529 Y22.173
G1 X75.197 Y21.695
G1 X73.845 Y21.237
G1 X72.479 Y20.802
G1 X71.104 Y20.392
G1 X69.728 Y20.011
G1 X68.356 Y19.660
G1 X66.996 Y19.342
G1 X65.656 Y19.059
G1 X64.343 Y18.814
G1 X63.064 Y18.609
G1 X61.826 Y18.446
G1 X60.638 Y18.326
G1 X59.506 Y18.252
G1 X58.437 Y18.224
G1 X57.437 Y18.243
G1 X56.512 Y18.310
G1 X55.667 Y18.426
G1 X54.907 Y18.591
G1 X54.235 Y18.804
G1 X53.655 Y19.064
G1 X53.169 Y19.372
G1 X52.777 Y19.725
G1 X52.481 Y20.123
G1 X52.280 Y20.562
G1 X52.173 Y21.042
G1 X52.158 Y21.559
G1 X52.233 Y22.111
G1 X52.393 Y22.695
G1 X52.637 Y23.309
G1 X52.959 Y23.948
G1 X53.356 Y24.611
G1 X53.822 Y25.293
G1 X54.352 Y25.992
G1 X54.942 Y26.704
G1 X55.587 Y27.426
G1 X56.280 Y28.155
G1 X57.018 Y28.888
G1 X57.796 Y29.621
G1 X58.609 Y30.353
G1 X59.452 Y31.081
G1 X60.321 Y31.802
G1 X61.213 Y32.514
G1 X62.124 Y33.214
G1 X63.050 Y33.901
G1 X63.988 Y34.574
G1 X64.935 Y35.230
G1 X65.889 Y35.868
G1 X66.848 Y36.487
G1 X67.809 Y37.087
G1 X68.770 Y37.665
G1 X69.731 Y38.222
G1 X70.688 Y38.757
G1 X71.642 Y39.269
G1 X72.590 Y39.758
G1 X73.532 Y40.224
G1 X74.467 Y40.667
G1 X75.395 Y41.087
G1 X76.313 Y41.483
G1 X77.223 Y41.857
G1 X78.123 Y42.208
G1 X79.013 Y42.536
G1 X79.893 Y42.841
G1 X80.761 Y43.125
G1 X81.619 Y43.387
G1 X82.465 Y43.628
G1 X83.299 Y43.849
G1 X84.121 Y44.048
G1 X84.931 Y44.228
G1 X85.729 Y44.388
G1 X86.514 Y44.530
G1 X87.286 Y44.652
G1 X88.046 Y44.756
G1 X88.792 Y44.842
G1 X89.524 Y44.911
G1 X90.243 Y44.963
G1 X90.948 Y44.998
G1 X91.639 Y45.016
G1 X92.315 Y45.018
G1 X92.976 Y45.005
G1 X93.623 Y44.975
G1 X94.254 Y44.931
G1 X94.869 Y44.871
G1 X95.468 Y44.796
G1 X96.051 Y44.706
G1 X96.617 Y44.602
G1 X97.166 Y44.483
G1 X97.696 Y44.349
G1 X98.208 Y44.201
G1 X98.702 Y44.039
G1 X99.175 Y43.862
G1 X99.629 Y43.671
G1 X100.062 Y43.465
G1 X100.473 Y43.245
G1 X100.861 Y43.010
G1 X101.226 Y42.761
G1 X101.567 Y42.497
G1 X101.883 Y42.218
G1 X102.173 Y41.923
G1 X102.435 Y41.614
G1 X102.669 Y41.290
G1 X102.873 Y40.949
G1 X103.046 Y40.594
G1 X103.187 Y40.222
G1 X103.294 Y39.834
G1 X103.366 Y39.431
G1 X103.401 Y39.010
G1 X103.397 Y38.574
G1 X103.352 Y38.121
G1 X103.266 Y37.651
G1 X103.135 Y37.164
G1 X102.958 Y36.661
G1 X102.733 Y36.140
G1 X102.458 Y35.603
G1 X102.130 Y35.049
G1 X101.747 Y34.479
G1 X101.308 Y33.892
G1 X100.810 Y33.289
G1 X100.251 Y32.670
G1 X99.628 Y32.037
G1 X98.940 Y31.388
G1 X98.185 Y30.726
G1 X97.360 Y30.051
G1 X96.465 Y29.363
G1 X95.498 Y28.665
G1 X94.457 Y27.956
G1 X93.342 Y27.240
G1 X92.152 Y26.517
G1 X90.888 Y25.789
G1 X89.550 Y25.058
G1 X88.139 Y24.327
G1 X86.656 Y23.597
G1 X85.104 Y22.873
G1 X83.486 Y22.155
G1 X81.807 Y21.448
G1 X80.070 Y20.755
G1 X78.281 Y20.079
G1 X76.447 Y19.424
G1 X74.576 Y18.793
G1 X72.676 Y18.191
G1 X70.755 Y17.622
G1 X68.825 Y17.089
G1 X66.896 Y16.597
G1 X64.979 Y16.150
G1 X63.087 Y15.751
G1 X61.232 Y15.405
G1 X59.427 Y15.115
G1 X57.684 Y14.885
G1 X56.015 Y14.717
G1 X54.433 Y14.614
G1 X52.949 Y14.579
G1 X51.574 Y14.614
G1 X50.317 Y14.719
G1 X49.187 Y14.895
G1 X48.190 Y15.142
G1 X47.332 Y15.461
G1 X46.617 Y15.849
G1 X46.046 Y16.305
G1 X45.622 Y16.828
G1 X45.342 Y17.413
G1 X45.204 Y18.058
G1 X45.205 Y18.759
G1 X45.339 Y19.512
G1 X45.599 Y20.312
G1 X45.979 Y21.155
G1 X46.471 Y22.035
G1 X47.067 Y22.948
G1 X47.757 Y23.888
G1 X48.532 Y24.850
G1 X49.384 Y25.830
G1 X50.303 Y26.821
G1 X51.282 Y27.819
G1 X52.311 Y28.820
G1 X53.383 Y29.819
G1 X54.492 Y30.813
G1 X55.628 Y31.797
G1 X56.788 Y32.767
G1 X57.965 Y33.722
G1 X59.155 Y34.658
G1 X60.352 Y35.572
G1 X61.553 Y36.463
G1 X62.754 Y37.328
G1 X63.953 Y38.166
G1 X65.147 Y38.976
G1 X66.334 Y39.757
G1 X67.512 Y40.508
G1 X68.680 Y41.229
G1 X69.837 Y41.918
G1 X70.981 Y42.577
G1 X72.112 Y43.205
G1 X73.229 Y43.802
G1 X74.333 Y44.368
G1 X75.422 Y44.905
G1 X76.497 Y45.412
G1 X77.557 Y45.890
G1 X78.603 Y46.340
G1 X79.634 Y46.763
G1 X80.651 Y47.159
G1 X81.654 Y47.530
G1 X82.642 Y47.875
G1 X83.616 Y48.196
G1 X84.577 Y48.494
G1 X85.524 Y48.769
G1 X86.457 Y49.023
G1 X87.377 Y49.256
G1 X88.284 Y49.469
G1 X89.178 Y49.663
G1 X90.059 Y49.839
G1 X90.927 Y49.997
G1 X91.783 Y50.138
G1 X92.626 Y50.263
G1 X93.457 Y50.372
G1 X94.275 Y50.467
G1 X95.082 Y50.547
G1 X95.877 Y50.613
G1 X96.659 Y50.666
G1 X97.430 Y50.706
G1 X98.189 Y50.734
G1 X98.936 Y50.750
G1 X99.671 Y50.754
G1 X100.395 Y50.747
G1 X101.106 Y50.729
G1 X101.807 Y50.700
G1 X102.495 Y50.661
G1 X103.171 Y50.611
G1 X103.836 Y50.552
G1 X104.488 Y50.482
G1 X105.129 Y50.402
G1 X105.757 Y50.313
G1 X106.373 Y50.214
G1 X106.977 Y50.105
G1 X107.568 Y49.986
G1 X108.147 Y49.858
G1 X108.712 Y49.720
G1 X109.265 Y49.571
G1 X109.803 Y49.413
G1 X110.328 Y49.244
G1 X110.839 Y49.064
G1 X111.336 Y48.874
G1 X111.817 Y48.673
G1 X112.283 Y48.461
G1 X112.733 Y48.238
G1 X113.167 Y48.002
G1 X113.583 Y47.755
G1 X113.982 Y47.495
G1 X114.363 Y47.222
G1 X114.724 Y46.936
G1 X115.065 Y46.637
G1 X115.384 Y46.323
G1 X115.682 Y45.995
G1 X115.957 Y45.651
G1 X116.206 Y45.292
G1 X116.430 Y44.917
G1 X116.627 Y44.526
G1 X116.795 Y44.117
G1 X116.932 Y43.690
G1 X117.037 Y43.245
G1 X117.108 Y42.781
G1 X117.142 Y42.297
G1 X117.138 Y41.793
G1 X117.092 Y41.269
G1 X117.002 Y40.723
G1 X116.866 Y40.155
G1 X116.680 Y39.564
G1 X116.442 Y38.951
G1 X116.147 Y38.314
G1 X115.793 Y37.653
G1 X115.375 Y36.967
G1 X114.890 Y36.257
G1 X114.333 Y35.521
G1 X113.701 Y34.760
G1 X112.988 Y33.974
G1 X112.191 Y33.163
G1 X111.305 Y32.326
G1 X110.324 Y31.465
G1 X109.245 Y30.579
G1 X108.063 Y29.670
G1 X106.773 Y28.738
G1 X105.372 Y27.785
G1 X103.855 Y26.812
G1 X102.219 Y25.821
G1 X100.461 Y24.814
G1 X98.579 Y23.794
G1 X96.572 Y22.764
G1 X94.439 Y21.726
G1 X92.182 Y20.686
G1 X89.804 Y19.646
G1 X87.307 Y18.613
G1 X84.698 Y17.590
G1 X81.984 Y16.585
G1 X79.176 Y15.602
G1 X76.286 Y14.649
G1 X73.326 Y13.733
G1 X70.315 Y12.860
G1 X67.270 Y12.040
G1 X64.213 Y11.279
G1 X61.167 Y10.585
G1 X58.154 Y9.967
G1 X55.202 Y9.431
G1 X52.336 Y8.986
G1 X49.584 Y8.638
G1 X46.970 Y8.394
G1 X44.521 Y8.259
G1 X42.261 Y8.238
G1 X40.209 Y8.334
G1 X38.386 Y8.550
G1 X36.806 Y8.887
G1 X35.481 Y9.344
G1 X34.418 Y9.921
G1 X33.620 Y10.614
G1 X33.086 Y11.419
G1 X32.811 Y12.330
G1 X32.786 Y13.342
G1 X32.999 Y14.446
G1 X33.436 Y15.634
G1 X34.079 Y16.897
G1 X34.908 Y18.225
G1 X35.905 Y19.609
G1 X37.048 Y21.038
G1 X38.317 Y22.503
G1 X39.692 Y23.995
G1 X41.154 Y25.503
G1 X42.685 Y27.018
G1 X44.267 Y28.534
G1 X45.887 Y30.041
G1 X47.531 Y31.533
G1 X49.187 Y33.003
G1 X50.845 Y34.447
G1 X52.497 Y35.859
G1 X54.134 Y37.235
G1 X55.753 Y38.571
G1 X57.347 Y39.865
G1 X58.914 Y41.115
G1 X60.450 Y42.319
G1 X61.955 Y43.475
G1 X63.427 Y44.584
G1 X64.865 Y45.644
G1 X66.269 Y46.657
G1 X67.640 Y47.622
G1 X68.978 Y48.541
G1 X70.284 Y49.414
G1 X71.558 Y50.242
G1 X72.803 Y51.027
G1 X74.018 Y51.770
G1 X75.204 Y52.473
G1 X76.364 Y53.137
G1 X77.498 Y53.765
G1 X78.606 Y54.357
G1 X79.691 Y54.917
G1 X80.753 Y55.445
G1 X81.793 Y55.943
G1 X82.811 Y56.413
G1 X83.809 Y56.858
G1 X84.787 Y57.278
G1 X85.746 Y57.675
G1 X86.687 Y58.051
G1 X87.610 Y58.408
G1 X88.515 Y58.747
G1 X89.404 Y59.070
G1 X90.275 Y59.377
G1 X91.131 Y59.671
G1 X91.971 Y59.953
G1 X92.795 Y60.224
G1 X93.603 Y60.485
G1 X94.396 Y60.738
G1 X95.174 Y60.983
G1 X95.937 Y61.222
G1 X96.686 Y61.456
G1 X97.419 Y61.685
G1 X98.138 Y61.911
G1 X98.841 Y62.135
G1 X99.530 Y62.357
G1 X100.204 Y62.578
G1 X100.863 Y62.800
G1 X101.507 Y63.022
G1 X102.136 Y63.246
G1 X102.749 Y63.473
G1 X103.346 Y63.703
G1 X103.927 Y63.936
G1 X104.492 Y64.174
G1 X105.041 Y64.417
G1 X105.572 Y64.666
G1 X106.086 Y64.921
G1 X106.582 Y65.184
G1 X107.059 Y65.454
G1 X107.518 Y65.732
G1 X107.956 Y66.019
G1 X108.374 Y66.316
G1 X108.772 Y66.623
G1 X109.147 Y66.940
G1 X109.499 Y67.269
G1 X109.827 Y67.609
G1 X110.131 Y67.962
G1 X110.408 Y68.328
G1 X110.658 Y68.708
G1 X110.879 Y69.101
G1 X111.070 Y69.510
G1 X111.229 Y69.934
G1 X111.355 Y70.373
G1 X111.446 Y70.829
G1 X111.500 Y71.302
G1 X111.515 Y71.793
G1 X111.488 Y72.302
G1 X111.418 Y72.829
G1 X111.302 Y73.375
G1 X111.138 Y73.941
G1 X110.922 Y74.527
G1 X110.651 Y75.132
G1 X110.324 Y75.759
G1 X109.937 Y76.406
G1 X109.486 Y77.074
G1 X108.968 Y77.764
G1 X108.380 Y78.474
G1 X107.718 Y79.205
G1 X106.979 Y79.957
G1 X106.159 Y80.730
G1 X105.255 Y81.522
G1 X104.263 Y82.334
G1 X103.180 Y83.164
G1 X102.004 Y84.011
G1 X100.730 Y84.874
G1 X99.358 Y85.752
G1 X97.884 Y86.642
G1 X96.308 Y87.543
G1 X94.629 Y88.452
G1 X92.846 Y89.366
G1 X90.961 Y90.283
G1 X88.976 Y91.199
G1 X86.893 Y92.110
G1 X84.717 Y93.011
G1 X82.454 Y93.900
G1 X80.110 Y94.770
G1 X77.696 Y95.617
G1 X75.220 Y96.436
G1 X72.695 Y97.219
G1 X70.135 Y97.963
G1 X67.554 Y98.660
G1 X64.970 Y99.304
G1 X62.399 Y99.889
G1 X59.862 Y100.409
G1 X57.377 Y100.858
G1 X54.964 Y101.231
G1 X52.644 Y101.522
G1 X50.437 Y101.726
G1 X48.362 Y101.839
G1 X46.436 Y101.858
G1 X44.677 Y101.780
G1 X43.097 Y101.603
G1 X41.710 Y101.327
G1 X40.524 Y100.951
G1 X39.547 Y100.476
G1 X38.781 Y99.905
G1 X38.228 Y99.241
G1 X37.884 Y98.488
G1 X37.746 Y97.651
G1 X37.806 Y96.735
G1 X38.053 Y95.746
G1 X38.477 Y94.692
G1 X39.064 Y93.581
G1 X39.800 Y92.418
G1 X40.671 Y91.213
G1 X41.661 Y89.973
G1 X42.755 Y88.706
G1 X43.939 Y87.420
G1 X45.198 Y86.121
G1 X46.519 Y84.817
G1 X47.889 Y83.514
G1 X49.297 Y82.219
G1 X50.733 Y80.936
G1 X52.186 Y79.672
G1 X53.650 Y78.429
G1 X55.117 Y77.213
G1 X56.582 Y76.027
G1 X58.038 Y74.874
G1 X59.482 Y73.755
G1 X60.911 Y72.673
G1 X62.322 Y71.630
G1 X63.713 Y70.626
G1 X65.082 Y69.663
G1 X66.428 Y68.740
G1 X67.751 Y67.858
G1 X69.050 Y67.016
G1 X70.325 Y66.214
G1 X71.577 Y65.452
G1 X72.805 Y64.728
G1 X74.010 Y64.043
G1 X75.193 Y63.393
G1 X76.353 Y62.780
G1 X77.493 Y62.200
G1 X78.611 Y61.654
G1 X79.710 Y61.139
G1 X80.789 Y60.654
G1 X81.849 Y60.198
G1 X82.891 Y59.769
G1 X83.915 Y59.366
G1 X84.922 Y58.987
G1 X85.913 Y58.632
G1 X86.887 Y58.299
G1 X87.846 Y57.986
G1 X88.790 Y57.692
G1 X89.719 Y57.417
G1 X90.634 Y57.158
G1 X91.535 Y56.915
G1 X92.422 Y56.686
G1 X93.295 Y56.470
G1 X94.156 Y56.267
G1 X95.004 Y56.076
G1 X95.840 Y55.895
G1 X96.663 Y55.723
G1 X97.474 Y55.561
G1 X98.274 Y55.406
G1 X99.061 Y55.258
G1 X99.838 Y55.116
G1 X100.603 Y54.981
G1 X101.357 Y54.850
G1 X102.099 Y54.724
G1 X102.831 Y54.601
G1 X103.553 Y54.482
G1 X104.263 Y54.365
G1 X104.964 Y54.251
G1 X105.653 Y54.138
G1 X106.333 Y54.026
G1 X107.002 Y53.914
G1 X107.661 Y53.803
G1 X108.310 Y53.692
G1 X108.949 Y53.580
G1 X109.578 Y53.468
G1 X110.197 Y53.353
G1 X110.807 Y53.237
G1 X111.406 Y53.119
G1 X111.995 Y52.998
G1 X112.575 Y52.874
G1 X113.144 Y52.747
G1 X113.704 Y52.617
G1 X114.253 Y52.482
G1 X114.793 Y52.343
G1 X115.322 Y52.200
G1 X115.841 Y52.051
G1 X116.349 Y51.897
G1 X116.847 Y51.737
G1 X117.335 Y51.571
G1 X117.811 Y51.398
G1 X118.276 Y51.218
G1 X118.730 Y51.031
G1 X119.173 Y50.836
G1 X119.603 Y50.633
G1 X120.021 Y50.422
G1 X120.426 Y50.201
G1 X120.818 Y49.970
G1 X121.197 Y49.730
G1 X121.561 Y49.479
G1 X121.910 Y49.217
G1 X122.244 Y48.943
G1 X122.562 Y48.657
G1 X122.863 Y48.358
G1 X123.145 Y48.046
G1 X123.409 Y47.719
G1 X123.653 Y47.378
G1 X123.876 Y47.022
G1 X124.077 Y46.650
G1 X124.253 Y46.261
G1 X124.405 Y45.854
G1 X124.529 Y45.430
G1 X124.625 Y44.986
G1 X124.689 Y44.523
G1 X124.721 Y44.039
G1 X124.717 Y43.534
G1 X124.676 Y43.006
G1 X124.593 Y42.456
G1 X124.468 Y41.881
G1 X124.295 Y41.282
G1 X124.072 Y40.658
G1 X123.795 Y40.007
G1 X123.460 Y39.329
G1 X123.063 Y38.623
G1 X122.599 Y37.888
G1 X122.063 Y37.125
G1 X121.450 Y36.331
G1 X120.755 Y35.507
G1 X119.973 Y34.652
G1 X119.096 Y33.766
G1 X118.120 Y32.849
G1 X117.037 Y31.901
G1 X115.842 Y30.922
G1 X114.528 Y29.912
G1 X113.089 Y28.873
G1 X111.517 Y27.805
G1 X109.808 Y26.710
G1 X107.956 Y25.590
G1 X105.955 Y24.447
G1 X103.801 Y23.282
G1 X101.492 Y22.101
G1 X99.024 Y20.906
G1 X96.397 Y19.701
G1 X93.613 Y18.492
G1 X90.675 Y17.285
G1 X87.588 Y16.085
G1 X84.360 Y14.900
G1 X81.004 Y13.737
G1 X77.532 Y12.604
G1 X73.963 Y11.511
G1 X70.317 Y10.467
G1 X66.618 Y9.482
G1 X62.895 Y8.566
G1 X59.178 Y7.730
G1 X55.500 Y6.985
G1 X51.895 Y6.340
G1 X48.401 Y5.807
G1 X45.054 Y5.393
G1 X41.891 Y5.109
G1 X38.948 Y4.961
G1 X36.255 Y4.956
G1 X33.843 Y5.099
G1 X31.737 Y5.393
G1 X29.954 Y5.838
G1 X28.510 Y6.435
G1 X27.410 Y7.180
G1 X26.656 Y8.070
G1 X26.242 Y9.098
G1 X26.157 Y10.255
G1 X26.384 Y11.533
G1 X26.902 Y12.921
G1 X27.686 Y14.406
G1 X28.708 Y15.976
G1 X29.941 Y17.619
G1 X31.353 Y19.320
G1 X32.916 Y21.067
G1 X34.601 Y22.846
G1 X36.381 Y24.647
G1 X38.231 Y26.456
G1 X40.129 Y28.262
G1 X42.054 Y30.057
G1 X43.989 Y31.831
G1 X45.920 Y33.577
G1 X47.833 Y35.286
G1 X49.719 Y36.954
G1 X51.569 Y38.575
G1 X53.378 Y40.146
G1 X55.141 Y41.663
G1 X56.855 Y43.124
G1 X58.519 Y44.528
G1 X60.130 Y45.873
G1 X61.691 Y47.159
G1 X63.200 Y48.387
G1 X64.660 Y49.556
G1 X66.070 Y50.669
G1 X67.435 Y51.725
G1 X68.754 Y52.728
G1 X70.030 Y53.677
G1 X71.266 Y54.576
G1 X72.462 Y55.427
G1 X73.621 Y56.231
G1 X74.745 Y56.991
G1 X75.835 Y57.710
G1 X76.894 Y58.388
G1 X77.922 Y59.030
G1 X78.921 Y59.637
G1 X79.893 Y60.211
G1 X80.838 Y60.755
G1 X81.758 Y61.270
G1 X82.653 Y61.760
G1 X83.524 Y62.226
G1 X84.372 Y62.669
G1 X85.198 Y63.093
G1 X86.002 Y63.499
G1 X86.785 Y63.888
G1 X87.547 Y64.262
G1 X88.287 Y64.624
G1 X89.008 Y64.974
G1 X89.708 Y65.314
G1 X90.387 Y65.646
G1 X91.046 Y65.970
G1 X91.685 Y66.289
G1 X92.303 Y66.603
G1 X92.901 Y66.914
G1 X93.478 Y67.223
G1 X94.033 Y67.531
G1 X94.568 Y67.839
G1 X95.080 Y68.147
G1 X95.570 Y68.458
G1 X96.037 Y68.771
G1 X96.481 Y69.088
G1 X96.901 Y69.409
G1 X97.296 Y69.735
G1 X97.666 Y70.068
G1 X98.010 Y70.407
G1 X98.327 Y70.753
G1 X98.616 Y71.107
G1 X98.876 Y71.470
G1 X99.107 Y71.841
G1 X99.307 Y72.223
G1 X99.475 Y72.614
G1 X99.609 Y73.016
G1 X99.709 Y73.429
G1 X99.774 Y73.853
G1 X99.801 Y74.290
G1 X99.789 Y74.738
G1 X99.738 Y75.198
G1 X99.644 Y75.671
G1 X99.508 Y76.157
G1 X99.326 Y76.656
G1 X99.098 Y77.167
G1 X98.822 Y77.692
G1 X98.495 Y78.229
G1 X98.117 Y78.779
G1 X97.685 Y79.342
G1 X97.199 Y79.917
G1 X96.656 Y80.504
G1 X96.054 Y81.101
G1 X95.393 Y81.710
G1 X94.671 Y82.329
G1 X93.887 Y82.957
G1 X93.041 Y83.593
G1 X92.130 Y84.236
G1 X91.156 Y84.885
G1 X90.117 Y85.538
G1 X89.015 Y86.194
G1 X87.850 Y86.851
G1 X86.622 Y87.508
G1 X85.334 Y88.161
G1 X83.989 Y88.810
G1 X82.587 Y89.451
G1 X81.134 Y90.082
G1 X79.633 Y90.700
G1 X78.088 Y91.303
G1 X76.506 Y91.887
G1 X74.892 Y92.450
G1 X73.253 Y92.988
G1 X71.596 Y93.497
G1 X69.930 Y93.975
G1 X68.263 Y94.419
G1 X66.605 Y94.824
G1 X64.964 Y95.188
G1 X63.352 Y95.508
G1 X61.777 Y95.781
G1 X60.249 Y96.003
G1 X58.780 Y96.173
G1 X57.378 Y96.288
G1 X56.053 Y96.347
G1 X54.814 Y96.347
G1 X53.668 Y96.287
G1 X52.623 Y96.168
G1 X51.685 Y95.988
G1 X50.859 Y95.747
G1 X50.149 Y95.447
G1 X49.559 Y95.089
G1 X49.089 Y94.673
G1 X48.740 Y94.202
G1 X48.512 Y93.678
G1 X48.401 Y93.104
G1 X48.407 Y92.484
G1 X48.523 Y91.820
G1 X48.747 Y91.117
G1 X49.072 Y90.378
G1 X49.492 Y89.608
G1 X50.001 Y88.810
G1 X50.592 Y87.988
G1 X51.258 Y87.148
G1 X51.992 Y86.293
G1 X52.788 Y85.427
G1 X53.638 Y84.554
G1 X54.535 Y83.679
G1 X55.474 Y82.804
G1 X56.449 Y81.933
G1 X57.453 Y81.070
G1 X58.482 Y80.216
G1 X59.531 Y79.376
G1 X60.595 Y78.551
G1 X61.672 Y77.744
G1 X62.756 Y76.956
G1 X63.845 Y76.190
G1 X64.936 Y75.446
G1 X66.027 Y74.726
G1 X67.116 Y74.031
G1 X68.200 Y73.362
G1 X69.278 Y72.719
G1 X70.349 Y72.103
G1 X71.412 Y71.515
G1 X72.466 Y70.953
G1 X73.510 Y70.418
G1 X74.543 Y69.911
G1 X75.565 Y69.430
G1 X76.575 Y68.977
G1 X77.573 Y68.549
G1 X78.559 Y68.147
G1 X79.533 Y67.770
G1 X80.494 Y67.418
G1 X81.443 Y67.091
G1 X82.378 Y66.786
G1 X83.301 Y66.505
G1 X84.212 Y66.246
G1 X85.109 Y66.008
G1 X85.994 Y65.791
G1 X86.865 Y65.595
G1 X87.724 Y65.419
G1 X88.570 Y65.261
G1 X89.404 Y65.122
G1 X90.224 Y65.001
G1 X91.032 Y64.897
G1 X91.826 Y64.810
G1 X92.608 Y64.740
G1 X93.377 Y64.685
G1 X94.132 Y64.646
G1 X94.875 Y64.622
G1 X95.604 Y64.612
G1 X96.320 Y64.617
G1 X97.023 Y64.636
G1 X97.712 Y64.668
G1 X98.387 Y64.714
G1 X99.048 Y64.773
G1 X99.696 Y64.846
G1 X100.328 Y64.931
G1 X100.947 Y65.029
G1 X101.550 Y65.140
G1 X102.138 Y65.263
G1 X102.711 Y65.399
G1 X103.267 Y65.548
G1 X103.808 Y65.709
G1 X104.331 Y65.883
G1 X104.837 Y66.070
G1 X105.326 Y66.270
G1 X105.796 Y66.482
G1 X106.247 Y66.708
G1 X106.678 Y66.948
G1 X107.089 Y67.201
G1 X107.478 Y67.468
G1 X107.846 Y67.749
G1 X108.190 Y68.045
G1 X108.510 Y68.355
G1 X108.805 Y68.681
G1 X109.074 Y69.021
G1 X109.314 Y69.378
G1 X109.526 Y69.750
G1 X109.708 Y70.139
G1 X109.857 Y70.545
G1 X109.973 Y70.968
G1 X110.053 Y71.409
G1 X110.096 Y71.868
G1 X110.099 Y72.345
G1 X110.061 Y72.840
G1 X109.979 Y73.355
G1 X109.851 Y73.890
G1 X109.674 Y74.444
G1 X109.446 Y75.018
G1 X109.163 Y75.612
G1 X108.824 Y76.226
G1 X108.425 Y76.861
G1 X107.962 Y77.517
G1 X107.434 Y78.193
G1 X106.836 Y78.890
G1 X106.165 Y79.607
G1 X105.418 Y80.344
G1 X104.592 Y81.100
G1 X103.684 Y81.875
G1 X102.690 Y82.668
G1 X101.608 Y83.478
G1 X100.435 Y84.304
G1 X99.169 Y85.144
G1 X97.808 Y85.997
G1 X96.350 Y86.861
G1 X94.794 Y87.734
G1 X93.140 Y88.613
G1 X91.389 Y89.495
G1 X89.542 Y90.378
G1 X87.601 Y91.258
G1 X85.570 Y92.132
G1 X83.454 Y92.995
G1 X81.259 Y93.843
G1 X78.992 Y94.671
G1 X76.661 Y95.474
G1 X74.278 Y96.247
G1 X71.854 Y96.985
G1 X69.403 Y97.683
G1 X66.938 Y98.333
G1 X64.476 Y98.931
G1 X62.034 Y99.471
G1 X59.629 Y99.946
G1 X57.280 Y100.353
G1 X55.006 Y100.684
G1 X52.824 Y100.937
G1 X50.755 Y101.106
G1 X48.814 Y101.188
G1 X47.018 Y101.179
G1 X45.381 Y101.078
G1 X43.917 Y100.884
G1 X42.635 Y100.594
G1 X41.545 Y100.211
G1 X40.651 Y99.735
G1 X39.956 Y99.168
G1 X39.460 Y98.514
G1 X39.162 Y97.776
G1 X39.056 Y96.960
G1 X39.134 Y96.070
G1 X39.389 Y95.113
G1 X39.808 Y94.095
G1 X40.381 Y93.023
G1 X41.094 Y91.904
G1 X41.934 Y90.745
G1 X42.886 Y89.555
G1 X43.937 Y88.339
G1 X45.073 Y87.105
G1 X46.282 Y85.860
G1 X47.550 Y84.611
G1 X48.867 Y83.363
G1 X50.221 Y82.122
G1 X51.603 Y80.894
G1 X53.004 Y79.682
G1 X54.417 Y78.492
G1 X55.836 Y77.327
G1 X57.254 Y76.190
G1 X58.666 Y75.084
G1 X60.069 Y74.011
G1 X61.459 Y72.973
G1 X62.834 Y71.972
G1 X64.191 Y71.008
G1 X65.530 Y70.083
G1 X66.848 Y69.197
G1 X68.145 Y68.349
G1 X69.421 Y67.540
G1 X70.675 Y66.770
G1 X71.907 Y66.037
G1 X73.118 Y65.341
G1 X74.307 Y64.682
G1 X75.476 Y64.058
G1 X76.624 Y63.469
G1 X77.752 Y62.912
G1 X78.861 Y62.388
G1 X79.950 Y61.894
G1 X81.021 Y61.429
G1 X82.075 Y60.993
G1 X83.111 Y60.583
G1 X84.130 Y60.198
G1 X85.133 Y59.838
G1 X86.120 Y59.501
G1 X87.091 Y59.185
G1 X88.048 Y58.890
G1 X88.990 Y58.614
G1 X89.918 Y58.356
G1 X90.832 Y58.115
G1 X91.732 Y57.889
G1 X92.620 Y57.679
G1 X93.494 Y57.482
G1 X94.356 Y57.298
G1 X95.205 Y57.126
G1 X96.043 Y56.966
G1 X96.869 Y56.815
G1 X97.683 Y56.674
G1 X98.485 Y56.541
G1 X99.277 Y56.417
G1 X100.057 Y56.299
G1 X100.827 Y56.189
G1 X101.585 Y56.084
G1 X102.334 Y55.985
G1 X103.072 Y55.891
G1 X103.800 Y55.802
G1 X104.518 Y55.716
G1 X105.226 Y55.634
G1 X105.924 Y55.555
G1 X106.613 Y55.478
G1 X107.292 Y55.404
G1 X107.961 Y55.332
G1 X108.622 Y55.261
G1 X109.273 Y55.192
G1 X109.915 Y55.124
G1 X110.549 Y55.056
G1 X111.173 Y54.988
G1 X111.789 Y54.921
G1 X112.396 Y54.853
G1 X112.994 Y54.785
G1 X113.584 Y54.716
G1 X114.166 Y54.646
G1 X114.739 Y54.575
G1 X115.304 Y54.502
G1 X115.860 Y54.428
G1 X116.409 Y54.352
G1 X116.949 Y54.274
G1 X117.482 Y54.193
G1 X118.006 Y54.110
G1 X118.522 Y54.024
G1 X119.031 Y53.935
G1 X119.531 Y53.843
G1 X120.024 Y53.747
G1 X120.508 Y53.648
G1 X120.985 Y53.545
G1 X121.453 Y53.437
G1 X121.914 Y53.325
G1 X122.366 Y53.208
G1 X122.811 Y53.086
G1 X123.247 Y52.958
G1 X123.675 Y52.825
G1 X124.094 Y52.687
G1 X124.505 Y52.541
G1 X124.907 Y52.390
G1 X125.300 Y52.231
G1 X125.685 Y52.065
G1 X126.060 Y51.892
G1 X126.425 Y51.710
G1 X126.780 Y51.520
G1 X127.126 Y51.321
G1 X127.460 Y51.112
G1 X127.784 Y50.894
G1 X128.097 Y50.665
G1 X128.397 Y50.426
G1 X128.685 Y50.175
G1 X128.960 Y49.913
G1 X129.221 Y49.637
G1 X129.467 Y49.349
G1 X129.698 Y49.047
G1 X129.913 Y48.731
G1 X130.110 Y48.399
G1 X130.289 Y48.052
G1 X130.448 Y47.688
G1 X130.585 Y47.307
G1 X130.700 Y46.907
G1 X130.791 Y46.489
G1 X130.855 Y46.051
G1 X130.892 Y45.592
G1 X130.897 Y45.111
G1 X130.870 Y44.608
G1 X130.808 Y44.081
G1 X130.707 Y43.530
G1 X130.565 Y42.953
G1 X130.379 Y42.350
G1 X130.143 Y41.719
G1 X129.856 Y41.060
G1 X129.511 Y40.371
G1 X129.106 Y39.651
G1 X128.634 Y38.900
G1 X128.090 Y38.117
G1 X127.469 Y37.300
G1 X126.765 Y36.449
G1 X125.970 Y35.563
G1 X125.078 Y34.642
G1 X124.083 Y33.685
G1 X122.976 Y32.691
G1 X121.749 Y31.661
G1 X120.395 Y30.595
G1 X118.906 Y29.493
G1 X117.273 Y28.356
G1 X115.488 Y27.185
G1 X113.543 Y25.981
G1 X111.432 Y24.747
G1 X109.147 Y23.484
G1 X106.682 Y22.196
G1 X104.033 Y20.887
G1 X101.197 Y19.561
G1 X98.172 Y18.222
G1 X94.960 Y16.878
G1 X91.565 Y15.534
G1 X87.992 Y14.198
G1 X84.254 Y12.879
G1 X80.362 Y11.586
G1 X76.337 Y10.330
G1 X72.201 Y9.121
G1 X67.981 Y7.972
G1 X63.708 Y6.894
G1 X59.419 Y5.900
G1 X55.154 Y5.004
G1 X50.956 Y4.219
G1 X46.869 Y3.556
G1 X42.942 Y3.029
G1 X39.220 Y2.648
G1 X35.750 Y2.424
G1 X32.573 Y2.365
G1 X29.728 Y2.478
G1 X27.248 Y2.767
G1 X25.159 Y3.235
G1 X23.478 Y3.881
G1 X22.215 Y4.704
G1 X21.371 Y5.697
G1 X20.938 Y6.854
G1 X20.902 Y8.165
G1 X21.238 Y9.617
G1 X21.919 Y11.198
G1 X22.912 Y12.893
G1 X24.180 Y14.686
G1 X25.684 Y16.562
G1 X27.387 Y18.504
G1 X29.249 Y20.495
G1 X31.236 Y22.521
G1 X33.313 Y24.567
G1 X35.449 Y26.617
G1 X37.618 Y28.661
G1 X39.795 Y30.686
G1 X41.961 Y32.682
G1 X44.100 Y34.640
G1 X46.197 Y36.552
G1 X48.243 Y38.412
G1 X50.229 Y40.215
G1 X52.152 Y41.957
G1 X54.006 Y43.634
G1 X55.791 Y45.245
G1 X57.505 Y46.789
G1 X59.150 Y48.264
G1 X60.727 Y49.671
G1 X62.237 Y51.010
G1 X63.684 Y52.283
G1 X65.070 Y53.492
G1 X66.398 Y54.637
G1 X67.670 Y55.722
G1 X68.891 Y56.748
G1 X70.062 Y57.717
G1 X71.186 Y58.634
G1 X72.267 Y59.499
G1 X73.306 Y60.316
G1 X74.306 Y61.088
G1 X75.269 Y61.817
G1 X76.197 Y62.506
G1 X77.092 Y63.157
G1 X77.955 Y63.773
G1 X78.788 Y64.357
G1 X79.592 Y64.911
G1 X80.368 Y65.438
G1 X81.117 Y65.939
G1 X81.840 Y66.417
G1 X82.537 Y66.874
G1 X83.210 Y67.311
G1 X83.858 Y67.732
G1 X84.482 Y68.138
G1 X85.083 Y68.530
G1 X85.660 Y68.910
G1 X86.213 Y69.279
G1 X86.744 Y69.640
G1 X87.250 Y69.993
G1 X87.734 Y70.341
G1 X88.193 Y70.683
G1 X88.629 Y71.022
G1 X89.040 Y71.358
G1 X89.426 Y71.693
G1 X89.788 Y72.027
G1 X90.124 Y72.361
G1 X90.435 Y72.697
G1 X90.718 Y73.034
G1 X90.975 Y73.375
G1 X91.204 Y73.718
G1 X91.405 Y74.066
G1 X91.577 Y74.418
G1 X91.719 Y74.776
G1 X91.831 Y75.139
G1 X91.911 Y75.507
G1 X91.959 Y75.882
G1 X91.974 Y76.264
G1 X91.956 Y76.653
G1 X91.902 Y77.048
G1 X91.814 Y77.451
G1 X91.689 Y77.861
G1 X91.527 Y78.278
G1 X91.326 Y78.703
G1 X91.087 Y79.134
G1 X90.809 Y79.573
G1 X90.490 Y80.018
G1 X90.130 Y80.470
G1 X89.729 Y80.928
G1 X89.285 Y81.391
G1 X88.799 Y81.859
G1 X88.271 Y82.332
G1 X87.699 Y82.809
G1 X87.085 Y83.289
G1 X86.428 Y83.770
G1 X85.728 Y84.253
G1 X84.987 Y84.737
G1 X84.205 Y85.219
G1 X83.383 Y85.699
G1 X82.523 Y86.176
G1 X81.625 Y86.648
G1 X80.693 Y87.113
G1 X79.728 Y87.571
G1 X78.732 Y88.019
G1 X77.709 Y88.456
G1 X76.661 Y88.880
G1 X75.593 Y89.290
G1 X74.508 Y89.683
G1 X73.410 Y90.057
G1 X72.304 Y90.412
G1 X71.194 Y90.744
G1 X70.085 Y91.052
G1 X68.982 Y91.334
G1 X67.891 Y91.588
G1 X66.817 Y91.813
G1 X65.765 Y92.008
G1 X64.742 Y92.169
G1 X63.751 Y92.297
G1 X62.800 Y92.390
G1 X61.892 Y92.447
G1 X61.033 Y92.466
G1 X60.227 Y92.448
G1 X59.478 Y92.392
G1 X58.791 Y92.298
G1 X58.169 Y92.165
G1 X57.613 Y91.994
G1 X57.128 Y91.785
G1 X56.715 Y91.540
G1 X56.374 Y91.258
G1 X56.107 Y90.941
G1 X55.913 Y90.591
G1 X55.793 Y90.208
G1 X55.745 Y89.796
G1 X55.767 Y89.355
G1 X55.859 Y88.888
G1 X56.018 Y88.396
G1 X56.241 Y87.883
G1 X56.525 Y87.350
G1 X56.868 Y86.800
G1 X57.265 Y86.236
G1 X57.714 Y85.659
G1 X58.211 Y85.073
G1 X58.752 Y84.479
G1 X59.334 Y83.880
G1 X59.953 Y83.278
G1 X60.605 Y82.676
G1 X61.288 Y82.075
G1 X61.997 Y81.478
G1 X62.731 Y80.887
G1 X63.485 Y80.302
G1 X64.257 Y79.727
G1 X65.044 Y79.162
G1 X65.844 Y78.609
G1 X66.655 Y78.069
G1 X67.473 Y77.544
G1 X68.298 Y77.033
G1 X69.128 Y76.539
G1 X69.959 Y76.062
G1 X70.793 Y75.602
G1 X71.625 Y75.161
G1 X72.457 Y74.738
G1 X73.285 Y74.334
G1 X74.110 Y73.950
G1 X74.930 Y73.585
G1 X75.745 Y73.239
G1 X76.553 Y72.914
G1 X77.354 Y72.608
G1 X78.147 Y72.322
G1 X78.932 Y72.055
G1 X79.707 Y71.809
G1 X80.473 Y71.581
G1 X81.229 Y71.373
G1 X81.975 Y71.183
G1 X82.710 Y71.013
G1 X83.433 Y70.860
G1 X84.144 Y70.727
G1 X84.844 Y70.611
G1 X85.530 Y70.513
G1 X86.204 Y70.432
G1 X86.864 Y70.369
G1 X87.511 Y70.322
G1 X88.143 Y70.293
G1 X88.761 Y70.279
G1 X89.363 Y70.283
G1 X89.951 Y70.302
G1 X90.522 Y70.337
G1 X91.077 Y70.388
G1 X91.615 Y70.454
G1 X92.136 Y70.536
G1 X92.639 Y70.633
G1 X93.123 Y70.745
G1 X93.588 Y70.872
G1 X94.034 Y71.014
G1 X94.459 Y71.170
G1 X94.863 Y71.342
G1 X95.245 Y71.528
G1 X95.605 Y71.729
G1 X95.941 Y71.944
G1 X96.253 Y72.174
G1 X96.540 Y72.419
G1 X96.801 Y72.679
G1 X97.035 Y72.953
G1 X97.241 Y73.241
G1 X97.417 Y73.544
G1 X97.564 Y73.862
G1 X97.678 Y74.195
G1 X97.761 Y74.542
G1 X97.809 Y74.904
G1 X97.822 Y75.280
G1 X97.798 Y75.671
G1 X97.737 Y76.076
G1 X97.636 Y76.496
G1 X97.494 Y76.930
G1 X97.310 Y77.378
G1 X97.082 Y77.840
G1 X96.809 Y78.316
G1 X96.489 Y78.805
G1 X96.121 Y79.307
G1 X95.703 Y79.822
G1 X95.234 Y80.349
G1 X94.713 Y80.888
G1 X94.138 Y81.437
G1 X93.509 Y81.997
G1 X92.824 Y82.566
G1 X92.083 Y83.143
G1 X91.285 Y83.728
G1 X90.429 Y84.319
G1 X89.516 Y84.915
G1 X88.545 Y85.515
G1 X87.518 Y86.117
G1 X86.435 Y86.719
G1 X85.297 Y87.319
G1 X84.107 Y87.917
G1 X82.866 Y88.508
G1 X81.577 Y89.093
G1 X80.243 Y89.667
G1 X78.869 Y90.228
G1 X77.458 Y90.774
G1 X76.015 Y91.303
G1 X74.547 Y91.811
G1 X73.058 Y92.296
G1 X71.556 Y92.754
G1 X70.048 Y93.184
G1 X68.542 Y93.581
G1 X67.045 Y93.944
G1 X65.565 Y94.269
G1 X64.111 Y94.554
G1 X62.692 Y94.795
G1 X61.316 Y94.992
G1 X59.992 Y95.142
G1 X58.728 Y95.242
G1 X57.532 Y95.291
G1 X56.412 Y95.289
G1 X55.373 Y95.233
G1 X54.423 Y95.124
G1 X53.567 Y94.960
G1 X52.809 Y94.743
G1 X52.153 Y94.473
G1 X51.602 Y94.150
G1 X51.157 Y93.777
G1 X50.819 Y93.354
G1 X50.587 Y92.884
G1 X50.460 Y92.369
G1 X50.436 Y91.812
G1 X50.512 Y91.215
G1 X50.684 Y90.583
G1 X50.948 Y89.918
G1 X51.299 Y89.223
G1 X51.732 Y88.503
G1 X52.241 Y87.761
G1 X52.821 Y87.001
G1 X53.465 Y86.226
G1 X54.167 Y85.441
G1 X54.923 Y84.647
G1 X55.726 Y83.850
G1 X56.570 Y83.052
G1 X57.451 Y82.256
G1 X58.363 Y81.465
G1 X59.301 Y80.682
G1 X60.262 Y79.910
G1 X61.241 Y79.150
G1 X62.234 Y78.405
G1 X63.239 Y77.677
G1 X64.251 Y76.967
G1 X65.269 Y76.277
G1 X66.289 Y75.608
G1 X67.311 Y74.960
G1 X68.330 Y74.336
G1 X69.348 Y73.735
G1 X70.360 Y73.159
G1 X71.367 Y72.607
G1 X72.367 Y72.080
G1 X73.360 Y71.578
G1 X74.343 Y71.101
G1 X75.318 Y70.649
G1 X76.283 Y70.222
G1 X77.238 Y69.819
G1 X78.181 Y69.441
G1 X79.114 Y69.086
G1 X80.036 Y68.755
G1 X80.945 Y68.447
G1 X81.843 Y68.162
G1 X82.729 Y67.899
G1 X83.603 Y67.657
G1 X84.464 Y67.437
G1 X85.313 Y67.237
G1 X86.150 Y67.057
G1 X86.973 Y66.897
G1 X87.784 Y66.756
G1 X88.582 Y66.633
G1 X89.367 Y66.529
G1 X90.139 Y66.442
G1 X90.897 Y66.372
G1 X91.642 Y66.319
G1 X92.374 Y66.282
G1 X93.091 Y66.262
G1 X93.795 Y66.257
G1 X94.485 Y66.267
G1 X95.160 Y66.292
G1 X95.820 Y66.332
G1 X96.466 Y66.387
G1 X97.096 Y66.456
G1 X97.711 Y66.540
G1 X98.310 Y66.637
G1 X98.893 Y66.748
G1 X99.459 Y66.874
G1 X100.009 Y67.013
G1 X100.540 Y67.166
G1 X101.054 Y67.332
G1 X101.549 Y67.513
G1 X102.025 Y67.707
G1 X102.481 Y67.915
G1 X102.917 Y68.138
G1 X103.331 Y68.374
G1 X103.723 Y68.625
G1 X104.093 Y68.890
G1 X104.438 Y69.170
G1 X104.758 Y69.465
G1 X105.053 Y69.774
G1 X105.321 Y70.100
G1 X105.560 Y70.440
G1 X105.770 Y70.797
G1 X105.948 Y71.169
G1 X106.095 Y71.558
G1 X106.207 Y71.963
G1 X106.284 Y72.386
G1 X106.323 Y72.825
G1 X106.323 Y73.282
G1 X106.282 Y73.756
G1 X106.198 Y74.248
G1 X106.068 Y74.758
G1 X105.891 Y75.286
G1 X105.664 Y75.833
G1 X105.384 Y76.397
G1 X105.050 Y76.980
G1 X104.658 Y77.582
G1 X104.207 Y78.201
G1 X103.693 Y78.839
G1 X103.114 Y79.495
G1 X102.467 Y80.167
G1 X101.750 Y80.857
G1 X100.960 Y81.563
G1 X100.095 Y82.285
G1 X99.152 Y83.021
G1 X98.130 Y83.771
G1 X97.026 Y84.533
G1 X95.840 Y85.306
G1 X94.570 Y86.088
G1 X93.215 Y86.877
G1 X91.777 Y87.672
G1 X90.254 Y88.469
G1 X88.649 Y89.267
G1 X86.963 Y90.062
G1 X85.199 Y90.852
G1 X83.362 Y91.632
G1 X81.456 Y92.400
G1 X79.486 Y93.151
G1 X77.461 Y93.881
G1 X75.388 Y94.587
G1 X73.276 Y95.263
G1 X71.136 Y95.905
G1 X68.980 Y96.508
G1 X66.819 Y97.067
G1 X64.667 Y97.578
G1 X62.539 Y98.036
G1 X60.449 Y98.436
G1 X58.412 Y98.774
G1 X56.443 Y99.046
G1 X54.557 Y99.248
G1 X52.769 Y99.377
G1 X51.092 Y99.430
G1 X49.539 Y99.404
G1 X48.122 Y99.299
G1 X46.851 Y99.113
G1 X45.734 Y98.845
G1 X44.779 Y98.497
G1 X43.988 Y98.069
G1 X43.365 Y97.563
G1 X42.910 Y96.983
G1 X42.622 Y96.331
G1 X42.497 Y95.611
G1 X42.530 Y94.827
G1 X42.714 Y93.986
G1 X43.042 Y93.091
G1 X43.503 Y92.149
G1 X44.089 Y91.165
G1 X44.788 Y90.145
G1 X45.590 Y89.097
G1 X46.483 Y88.024
G1 X47.457 Y86.935
G1 X48.502 Y85.833
G1 X49.607 Y84.726
G1 X50.761 Y83.617
G1 X51.958 Y82.512
G1 X53.187 Y81.416
G1 X54.442 Y80.333
G1 X55.715 Y79.266
G1 X57.001 Y78.219
G1 X58.294 Y77.194
G1 X59.590 Y76.196
G1 X60.884 Y75.225
G1 X62.173 Y74.283
G1 X63.454 Y73.373
G1 X64.726 Y72.495
G1 X65.985 Y71.650
G1 X67.231 Y70.839
G1 X68.462 Y70.062
G1 X69.677 Y69.319
G1 X70.876 Y68.610
G1 X72.059 Y67.936
G1 X73.224 Y67.295
G1 X74.372 Y66.687
G1 X75.503 Y66.112
G1 X76.617 Y65.568
G1 X77.714 Y65.055
G1 X78.795 Y64.572
G1 X79.859 Y64.118
G1 X80.907 Y63.692
G1 X81.939 Y63.292
G1 X82.955 Y62.919
G1 X83.957 Y62.570
G1 X84.944 Y62.245
G1 X85.916 Y61.943
G1 X86.874 Y61.662
G1 X87.818 Y61.402
G1 X88.748 Y61.162
G1 X89.665 Y60.941
G1 X90.569 Y60.737
G1 X91.460 Y60.551
G1 X92.339 Y60.380
G1 X93.205 Y60.225
G1 X94.059 Y60.084
G1 X94.901 Y59.957
G1 X95.731 Y59.842
G1 X96.550 Y59.741
G1 X97.357 Y59.650
G1 X98.153 Y59.571
G1 X98.938 Y59.503
G1 X99.712 Y59.445
G1 X100.475 Y59.396
G1 X101.228 Y59.356
G1 X101.970 Y59.325
G1 X102.701 Y59.302
G1 X103.423 Y59.288
G1 X104.134 Y59.281
G1 X104.835 Y59.281
G1 X105.526 Y59.288
G1 X106.206 Y59.303
G1 X106.877 Y59.324
G1 X107.539 Y59.352
G1 X108.190 Y59.386
G1 X108.832 Y59.426
G1 X109.464 Y59.473
G1 X110.087 Y59.525
G1 X110.700 Y59.584
G1 X111.303 Y59.649
G1 X111.897 Y59.720
G1 X112.481 Y59.797
G1 X113.056 Y59.880
G1 X113.621 Y59.969
G1 X114.177 Y60.065
G1 X114.723 Y60.167
G1 X115.260 Y60.275
G1 X115.786 Y60.390
G1 X116.303 Y60.512
G1 X116.810 Y60.641
G1 X117.307 Y60.777
G1 X117.793 Y60.921
G1 X118.269 Y61.072
G1 X118.735 Y61.231
G1 X119.189 Y61.398
G1 X119.633 Y61.573
G1 X120.065 Y61.758
G1 X120.486 Y61.951
G1 X120.894 Y62.154
G1 X121.290 Y62.367
G1 X121.674 Y62.591
G1 X122.043 Y62.825
G1 X122.399 Y63.070
G1 X122.741 Y63.326
G1 X123.067 Y63.595
G1 X123.377 Y63.877
G1 X123.671 Y64.172
G1 X123.947 Y64.481
G1 X124.204 Y64.804
G1 X124.442 Y65.142
G1 X124.659 Y65.495
G1 X124.854 Y65.866
G1 X125.025 Y66.253
G1 X125.171 Y66.658
G1 X125.291 Y67.081
G1 X125.382 Y67.523
G1 X125.442 Y67.986
G1 X125.469 Y68.470
G1 X125.462 Y68.975
G1 X125.416 Y69.503
G1 X125.330 Y70.054
G1 X125.201 Y70.629
G1 X125.025 Y71.229
G1 X124.799 Y71.855
G1 X124.518 Y72.508
G1 X124.180 Y73.188
G1 X123.779 Y73.897
G1 X123.311 Y74.635
G1 X122.771 Y75.402
G1 X122.154 Y76.200
G1 X121.455 Y77.029
G1 X120.667 Y77.889
G1 X119.784 Y78.781
G1 X118.801 Y79.704
G1 X117.711 Y80.660
G1 X116.507 Y81.646
G1 X115.182 Y82.664
G1 X113.730 Y83.713
G1 X112.145 Y84.791
G1 X110.420 Y85.896
G1 X108.550 Y87.028
G1 X106.528 Y88.184
G1 X104.351 Y89.362
G1 X102.015 Y90.557
G1 X99.517 Y91.767
G1 X96.857 Y92.987
G1 X94.037 Y94.212
G1 X91.058 Y95.436
G1 X87.926 Y96.653
G1 X84.650 Y97.856
G1 X81.241 Y99.037
G1 X77.713 Y100.188
G1 X74.085 Y101.299
G1 X70.376 Y102.361
G1 X66.613 Y103.363
G1 X62.824 Y104.295
G1 X59.039 Y105.146
G1 X55.292 Y105.905
G1 X51.621 Y106.562
G1 X48.062 Y107.106
G1 X44.654 Y107.528
G1 X41.433 Y107.818
G1 X38.437 Y107.969
G1 X35.699 Y107.974
G1 X33.248 Y107.828
G1 X31.111 Y107.528
G1 X29.306 Y107.074
G1 X27.848 Y106.465
G1 X26.743 Y105.704
G1 X25.992 Y104.796
G1 X25.589 Y103.747
G1 X25.522 Y102.566
G1 X25.773 Y101.262
G1 X26.321 Y99.847
G1 X27.139 Y98.333
G1 X28.199 Y96.733
G1 X29.471 Y95.060
G1 X30.923 Y93.328
G1 X32.527 Y91.551
G1 X34.252 Y89.740
G1 X36.070 Y87.910
G1 X37.957 Y86.072
G1 X39.889 Y84.237
G1 X41.846 Y82.415
G1 X43.810 Y80.615
G1 X45.765 Y78.845
G1 X47.701 Y77.113
G1 X49.606 Y75.424
G1 X51.472 Y73.782
G1 X53.295 Y72.193
G1 X55.069 Y70.658
G1 X56.791 Y69.181
G1 X58.461 Y67.762
G1 X60.077 Y66.404
G1 X61.639 Y65.105
G1 X63.148 Y63.866
G1 X64.606 Y62.685
G1 X66.015 Y61.563
G1 X67.375 Y60.498
G1 X68.689 Y59.488
G1 X69.959 Y58.531
G1 X71.187 Y57.625
G1 X72.375 Y56.768
G1 X73.525 Y55.957
G1 X74.640 Y55.192
G1 X75.720 Y54.468
G1 X76.768 Y53.785
G1 X77.785 Y53.138
G1 X78.773 Y52.527
G1 X79.732 Y51.948
G1 X80.665 Y51.400
G1 X81.571 Y50.880
G1 X82.453 Y50.387
G1 X83.310 Y49.917
G1 X84.144 Y49.469
G1 X84.956 Y49.042
G1 X85.745 Y48.632
G1 X86.512 Y48.239
G1 X87.258 Y47.860
G1 X87.983 Y47.494
G1 X88.686 Y47.140
G1 X89.369 Y46.795
G1 X90.031 Y46.459
G1 X90.672 Y46.129
G1 X91.293 Y45.806
G1 X91.892 Y45.487
G1 X92.470 Y45.170
G1 X93.027 Y44.856
G1 X93.562 Y44.543
G1 X94.075 Y44.230
G1 X94.565 Y43.916
G1 X95.032 Y43.600
G1 X95.476 Y43.281
G1 X95.896 Y42.958
G1 X96.291 Y42.631
G1 X96.661 Y42.299
G1 X97.005 Y41.960
G1 X97.321 Y41.615
G1 X97.610 Y41.263
G1 X97.871 Y40.903
G1 X98.101 Y40.534
G1 X98.301 Y40.157
G1 X98.470 Y39.770
G1 X98.605 Y39.373
G1 X98.706 Y38.965
G1 X98.772 Y38.547
G1 X98.801 Y38.118
G1 X98.792 Y37.677
G1 X98.744 Y37.224
G1 X98.654 Y36.760
G1 X98.522 Y36.283
G1 X98.346 Y35.795
G1 X98.125 Y35.294
G1 X97.856 Y34.781
G1 X97.538 Y34.255
G1 X97.171 Y33.718
G1 X96.751 Y33.169
G1 X96.278 Y32.609
G1 X95.750 Y32.037
G1 X95.166 Y31.455
G1 X94.524 Y30.863
G1 X93.824 Y30.262
G1 X93.064 Y29.652
G1 X92.244 Y29.035
G1 X91.363 Y28.412
G1 X90.421 Y27.783
G1 X89.418 Y27.151
G1 X88.354 Y26.516
G1 X87.230 Y25.881
G1 X86.047 Y25.248
G1 X84.807 Y24.617
G1 X83.513 Y23.992
G1 X82.166 Y23.374
G1 X80.770 Y22.767
G1 X79.330 Y22.172
G1 X77.849 Y21.593
G1 X76.333 Y21.032
G1 X74.787 Y20.492
G1 X73.219 Y19.976
G1 X71.635 Y19.488
G1 X70.042 Y19.030
G1 X68.449 Y18.605
G1 X66.865 Y18.217
G1 X65.298 Y17.868
G1 X63.757 Y17.562
G1 X62.252 Y17.300
G1 X60.793 Y17.087
G1 X59.388 Y16.924
G1 X58.047 Y16.812
G1 X56.778 Y16.755
G1 X55.589 Y16.753
G1 X54.489 Y16.808
G1 X53.483 Y16.920
G1 X52.578 Y17.090
G1 X51.778 Y17.316
G1 X51.088 Y17.600
G1 X50.510 Y17.939
G1 X50.046 Y18.333
G1 X49.697 Y18.779
G1 X49.461 Y19.276
G1 X49.338 Y19.820
G1 X49.324 Y20.409
G1 X49.417 Y21.040
G1 X49.612 Y21.709
G1 X49.904 Y22.412
G1 X50.288 Y23.147
G1 X50.758 Y23.908
G1 X51.307 Y24.691
G1 X51.930 Y25.494
G1 X52.620 Y26.312
G1 X53.371 Y27.141
G1 X54.175 Y27.977
G1 X55.027 Y28.816
G1 X55.921 Y29.656
G1 X56.852 Y30.493
G1 X57.813 Y31.324
G1 X58.800 Y32.145
G1 X59.808 Y32.955
G1 X60.833 Y33.751
G1 X61.871 Y34.531
G1 X62.919 Y35.293
G1 X63.974 Y36.034
G1 X65.032 Y36.755
G1 X66.092 Y37.453
G1 X67.150 Y38.127
G1 X68.206 Y38.777
G1 X69.258 Y39.402
G1 X70.303 Y40.002
G1 X71.342 Y40.575
G1 X72.373 Y41.122
G1 X73.394 Y41.643
G1 X74.406 Y42.138
G1 X75.408 Y42.607
G1 X76.399 Y43.050
G1 X77.378 Y43.468
G1 X78.347 Y43.860
G1 X79.303 Y44.228
G1 X80.248 Y44.572
G1 X81.180 Y44.892
G1 X82.100 Y45.188
G1 X83.007 Y45.462
G1 X83.902 Y45.715
G1 X84.785 Y45.945
G1 X85.655 Y46.155
G1 X86.512 Y46.345
G1 X87.356 Y46.515
G1 X88.188 Y46.665
G1 X89.006 Y46.798
G1 X89.812 Y46.912
G1 X90.605 Y47.008
G1 X91.384 Y47.088
G1 X92.151 Y47.151
G1 X92.904 Y47.198
G1 X93.644 Y47.229
G1 X94.370 Y47.245
G1 X95.083 Y47.246
G1 X95.781 Y47.232
G1 X96.466 Y47.203
G1 X97.137 Y47.161
G1 X97.794 Y47.105
G1 X98.435 Y47.034
G1 X99.062 Y46.951
G1 X99.674 Y46.854
G1 X100.270 Y46.743
G1 X100.850 Y46.619
G1 X101.414 Y46.482
G1 X101.962 Y46.332
G1 X102.492 Y46.169
G1 X103.005 Y45.992
G1 X103.499 Y45.802
G1 X103.975 Y45.598
G1 X104.431 Y45.381
G1 X104.868 Y45.151
G1 X105.283 Y44.906
G1 X105.677 Y44.647
G1 X106.049 Y44.374
G1 X106.397 Y44.087
G1 X106.720 Y43.784
G1 X107.019 Y43.467
G1 X107.290 Y43.135
G1 X107.534 Y42.786
G1 X107.748 Y42.422
G1 X107.932 Y42.042
G1 X108.084 Y41.645
G1 X108.202 Y41.231
G1 X108.284 Y40.800
G1 X108.330 Y40.351
G1 X108.336 Y39.885
G1 X108.300 Y39.400
G1 X108.222 Y38.897
G1 X108.098 Y38.375
G1 X107.925 Y37.834
G1 X107.702 Y37.274
G1 X107.426 Y36.695
G1 X107.095 Y36.096
G1 X106.704 Y35.478
G1 X106.253 Y34.840
G1 X105.737 Y34.183
G1 X105.153 Y33.506
G1 X104.500 Y32.811
G1 X103.773 Y32.097
G1 X102.970 Y31.365
G1 X102.089 Y30.616
G1 X101.125 Y29.850
G1 X100.078 Y29.069
G1 X98.945 Y28.273
G1 X97.723 Y27.465
G1 X96.411 Y26.645
G1 X95.008 Y25.816
G1 X93.514 Y24.980
G1 X91.929 Y24.139
G1 X90.253 Y23.296
G1 X88.488 Y22.453
G1 X86.637 Y21.614
G1 X84.703 Y20.783
G1 X82.691 Y19.963
G1 X80.607 Y19.159
G1 X78.458 Y18.374
G1 X76.252 Y17.614
G1 X73.999 Y16.883
G1 X71.711 Y16.187
G1 X69.399 Y15.530
G1 X67.077 Y14.918
G1 X64.760 Y14.357
G1 X62.463 Y13.850
G1 X60.202 Y13.404
G1 X57.995 Y13.024
G1 X55.857 Y12.714
G1 X53.807 Y12.478
G1 X51.860 Y12.321
G1 X50.032 Y12.246
G1 X48.338 Y12.255
G1 X46.791 Y12.350
G1 X45.403 Y12.533
G1 X44.183 Y12.804
G1 X43.140 Y13.163
G1 X42.277 Y13.609
G1 X41.598 Y14.139
G1 X41.104 Y14.752
G1 X40.793 Y15.442
G1 X40.661 Y16.207
G1 X40.701 Y17.040
G1 X40.907 Y17.937
G1 X41.268 Y18.892
G1 X41.774 Y19.899
G1 X42.414 Y20.951
G1 X43.176 Y22.040
G1 X44.048 Y23.162
G1 X45.016 Y24.308
G1 X46.068 Y25.473
G1 X47.193 Y26.650
G1 X48.379 Y27.832
G1 X49.616 Y29.015
G1 X50.893 Y30.193
G1 X52.202 Y31.361
G1 X53.534 Y32.515
G1 X54.881 Y33.649
G1 X56.238 Y34.762
G1 X57.599 Y35.849
G1 X58.959 Y36.908
G1 X60.313 Y37.937
G1 X61.659 Y38.933
G1 X62.993 Y39.895
G1 X64.313 Y40.823
G1 X65.618 Y41.714
G1 X66.907 Y42.569
G1 X68.177 Y43.388
G1 X69.428 Y44.170
G1 X70.660 Y44.915
G1 X71.874 Y45.624
G1 X73.067 Y46.298
G1 X74.241 Y46.936
G1 X75.397 Y47.541
G1 X76.533 Y48.113
G1 X77.650 Y48.652
G1 X78.750 Y49.160
G1 X79.832 Y49.639
G1 X80.896 Y50.088
G1 X81.943 Y50.510
G1 X82.974 Y50.905
G1 X83.989 Y51.276
G1 X84.988 Y51.622
G1 X85.972 Y51.945
G1 X86.941 Y52.246
G1 X87.896 Y52.526
G1 X88.837 Y52.788
G1 X89.763 Y53.030
G1 X90.677 Y53.255
G1 X91.577 Y53.464
G1 X92.464 Y53.657
G1 X93.339 Y53.836
G1 X94.202 Y54.000
G1 X95.052 Y54.152
G1 X95.891 Y54.292
G1 X96.718 Y54.421
G1 X97.533 Y54.539
G1 X98.338 Y54.647
G1 X99.131 Y54.746
G1 X99.914 Y54.836
G1 X100.685 Y54.919
G1 X101.447 Y54.993
G1 X102.198 Y55.061
G1 X102.939 Y55.122
G1 X103.670 Y55.176
G1 X104.391 Y55.226
G1 X105.103 Y55.269
G1 X105.804 Y55.308
G1 X106.497 Y55.342
G1 X107.180 Y55.371
G1 X107.854 Y55.397
G1 X108.519 Y55.418
G1 X109.175 Y55.436
G1 X109.822 Y55.450
G1 X110.461 Y55.462
G1 X111.091 Y55.470
G1 X111.712 Y55.475
G1 X112.325 Y55.477
G1 X112.930 Y55.477
G1 X113.527 Y55.474
G1 X114.116 Y55.469
G1 X114.696 Y55.461
G1 X115.269 Y55.452
G1 X115.835 Y55.440
G1 X116.392 Y55.425
G1 X116.942 Y55.409
G1 X117.485 Y55.391
G1 X118.020 Y55.370
G1 X118.548 Y55.347
G1 X119.069 Y55.323
G1 X119.583 Y55.296
G1 X120.089 Y55.267
G1 X120.589 Y55.236
G1 X121.082 Y55.203
G1 X121.568 Y55.168
G1 X122.047 Y55.130
G1 X122.520 Y55.090
G1 X122.986 Y55.048
G1 X123.445 Y55.004
G1 X123.898 Y54.957
G1 X124.345 Y54.907
G1 X124.785 Y54.855
G1 X125.219 Y54.799
G1 X125.647 Y54.741
G1 X126.068 Y54.680
G1 X126.483 Y54.616
G1 X126.892 Y54.549
G1 X127.295 Y54.478
G1 X127.691 Y54.403
G1 X128.082 Y54.325
G1 X128.466 Y54.243
G1 X128.844 Y54.157
G1 X129.216 Y54.066
G1 X129.582 Y53.971
G1 X129.942 Y53.872
G1 X130.295 Y53.767
G1 X130.642 Y53.657
G1 X130.982 Y53.542
G1 X131.316 Y53.421
G1 X131.644 Y53.294
G1 X131.965 Y53.160
G1 X132.278 Y53.020
G1 X132.585 Y52.873
G1 X132.885 Y52.719
G1 X133.177 Y52.557
G1 X133.462 Y52.387
G1 X133.738 Y52.208
G1 X134.007 Y52.021
G1 X134.267 Y51.824
G1 X134.518 Y51.617
G1 X134.759 Y51.400
G1 X134.991 Y51.172
G1 X135.212 Y50.933
G1 X135.422 Y50.681
G1 X135.621 Y50.417
G1 X135.807 Y50.140
G1 X135.981 Y49.849
G1 X136.140 Y49.543
G1 X136.284 Y49.221
G1 X136.412 Y48.884
G1 X136.522 Y48.530
G1 X136.614 Y48.157
G1 X136.685 Y47.767
G1 X136.735 Y47.356
G1 X136.761 Y46.925
G1 X136.761 Y46.473
G1 X136.734 Y45.998
G1 X136.676 Y45.500
G1 X136.585 Y44.977
G1 X136.458 Y44.428
G1 X136.293 Y43.853
G1 X136.085 Y43.249
G1 X135.830 Y42.616
G1 X135.525 Y41.953
G1 X135.165 Y41.258
G1 X134.746 Y40.531
G1 X134.260 Y39.769
G1 X133.704 Y38.972
G1 X133.071 Y38.139
G1 X132.354 Y37.268
G1 X131.546 Y36.359
G1 X130.639 Y35.411
G1 X129.625 Y34.423
G1 X128.495 Y33.393
G1 X127.241 Y32.323
G1 X125.853 Y31.211
G1 X124.322 Y30.058
G1 X122.637 Y28.863
G1 X120.789 Y27.628
G1 X118.767 Y26.354
G1 X116.562 Y25.042
G1 X114.165 Y23.695
G1 X111.567 Y22.315
G1 X108.762 Y20.906
G1 X105.742 Y19.472
G1 X102.506 Y18.019
G1 X99.050 Y16.552
G1 X95.378 Y15.079
G1 X91.493 Y13.607
G1 X87.405 Y12.146
G1 X83.127 Y10.707
G1 X78.678 Y9.300
G1 X74.082 Y7.938
G1 X69.369 Y6.635
G1 X64.574 Y5.405
G1 X59.739 Y4.262
G1 X54.910 Y3.223
G1 X50.137 Y2.303
G1 X45.476 Y1.517
G1 X40.984 Y0.881
G1 X36.718 Y0.408
G1 X32.735 Y0.110
G1 X29.088 Y0.000
G1 X25.825 Y0.085
G1 X22.989 Y0.372
G1 X20.613 Y0.864
G1 X18.718 Y1.562
G1 X17.317 Y2.463
G1 X16.410 Y3.562
G1 X15.988 Y4.848
G1 X16.030 Y6.312
G1 X16.506 Y7.938
G1 X17.378 Y9.711
G1 X18.605 Y11.613
G1 X20.139 Y13.626
G1 X21.933 Y15.730
G1 X23.937 Y17.905
G1 X26.104 Y20.134
G1 X28.392 Y22.396
G1 X30.758 Y24.676
G1 X33.168 Y26.956
G1 X35.589 Y29.223
G1 X37.995 Y31.463
G1 X40.364 Y33.665
G1 X42.679 Y35.819
G1 X44.926 Y37.917
G1 X47.095 Y39.952
G1 X49.179 Y41.919
G1 X51.175 Y43.814
G1 X53.080 Y45.635
G1 X54.894 Y47.378
G1 X56.619 Y49.044
G1 X58.256 Y50.633
G1 X59.808 Y52.145
G1 X61.280 Y53.581
G1 X62.675 Y54.942
G1 X63.997 Y56.232
G1 X65.250 Y57.453
G1 X66.439 Y58.606
G1 X67.567 Y59.695
G1 X68.639 Y60.722
G1 X69.657 Y61.691
G1 X70.626 Y62.605
G1 X71.548 Y63.467
G1 X72.426 Y64.279
G1 X73.264 Y65.044
G1 X74.063 Y65.767
G1 X74.825 Y66.449
G1 X75.553 Y67.093
G1 X76.248 Y67.702
G1 X76.912 Y68.279
G1 X77.547 Y68.825
G1 X78.152 Y69.344
G1 X78.731 Y69.838
G1 X79.282 Y70.308
G1 X79.807 Y70.758
G1 X80.308 Y71.188
G1 X80.783 Y71.600
G1 X81.234 Y71.998
G1 X81.662 Y72.381
G1 X82.065 Y72.752
G1 X82.445 Y73.112
G1 X82.802 Y73.462
G1 X83.135 Y73.804
G1 X83.445 Y74.139
G1 X83.731 Y74.468
G1 X83.994 Y74.792
G1 X84.233 Y75.111
G1 X84.449 Y75.428
G1 X84.640 Y75.742
G1 X84.807 Y76.054
G1 X84.950 Y76.366
G1 X85.067 Y76.677
G1 X85.160 Y76.987
G1 X85.227 Y77.299
G1 X85.269 Y77.611
G1 X85.285 Y77.925
G1 X85.274 Y78.240
G1 X85.237 Y78.556
G1 X85.173 Y78.875
G1 X85.082 Y79.196
G1 X84.964 Y79.518
G1 X84.819 Y79.843
G1 X84.646 Y80.170
G1 X84.445 Y80.498
G1 X84.217 Y80.829
G1 X83.960 Y81.161
G1 X83.676 Y81.494
G1 X83.365 Y81.828
G1 X83.026 Y82.162
G1 X82.660 Y82.497
G1 X82.268 Y82.831
G1 X81.849 Y83.165
G1 X81.405 Y83.497
G1 X80.936 Y83.827
G1 X80.442 Y84.154
G1 X79.926 Y84.478
G1 X79.388 Y84.798
G1 X78.828 Y85.112
G1 X78.249 Y85.421
G1 X77.653 Y85.723
G1 X77.039 Y86.018
G1 X76.411 Y86.304
G1 X75.770 Y86.581
G1 X75.118 Y86.848
G1 X74.458 Y87.103
G1 X73.791 Y87.346
G1 X73.120 Y87.576
G1 X72.448 Y87.791
G1 X71.776 Y87.992
G1 X71.108 Y88.176
G1 X70.446 Y88.344
G1 X69.793 Y88.494
G1 X69.152 Y88.626
G1 X68.525 Y88.738
G1 X67.915 Y88.830
G1 X67.325 Y88.902
G1 X66.758 Y88.953
G1 X66.215 Y88.982
G1 X65.699 Y88.990
G1 X65.212 Y88.975
G1 X64.758 Y88.939
G1 X64.336 Y88.880
G1 X63.950 Y88.799
G1 X63.600 Y88.695
G1 X63.289 Y88.570
G1 X63.016 Y88.424
G1 X62.784 Y88.256
G1 X62.592 Y88.069
G1 X62.441 Y87.861
G1 X62.332 Y87.635
G1 X62.264 Y87.390
G1 X62.236 Y87.129
G1 X62.249 Y86.851
G1 X62.302 Y86.558
G1 X62.394 Y86.251
G1 X62.524 Y85.932
G1 X62.691 Y85.601
G1 X62.893 Y85.259
G1 X63.129 Y84.909
G1 X63.399 Y84.551
G1 X63.699 Y84.187
G1 X64.028 Y83.817
G1 X64.385 Y83.444
G1 X64.769 Y83.068
G1 X65.176 Y82.691
G1 X65.606 Y82.313
G1 X66.057 Y81.937
G1 X66.527 Y81.563
G1 X67.014 Y81.192
G1 X67.517 Y80.826
G1 X68.034 Y80.465
G1 X68.563 Y80.110
G1 X69.104 Y79.762
G1 X69.653 Y79.422
G1 X70.211 Y79.090
G1 X70.776 Y78.768
G1 X71.346 Y78.456
G1 X71.921 Y78.155
G1 X72.498 Y77.865
G1 X73.077 Y77.586
G1 X73.657 Y77.319
G1 X74.237 Y77.065
G1 X74.816 Y76.823
G1 X75.392 Y76.595
G1 X75.966 Y76.379
G1 X76.535 Y76.178
G1 X77.100 Y75.989
G1 X77.660 Y75.815
G1 X78.213 Y75.655
G1 X78.760 Y75.508
G1 X79.299 Y75.376
G1 X79.830 Y75.257
G1 X80.352 Y75.153
G1 X80.864 Y75.063
G1 X81.366 Y74.987
G1 X81.858 Y74.924
G1 X82.338 Y74.876
G1 X82.806 Y74.842
G1 X83.262 Y74.821
G1 X83.705 Y74.815
G1 X84.134 Y74.822
G1 X84.548 Y74.842
G1 X84.948 Y74.876
G1 X85.332 Y74.923
G1 X85.701 Y74.984
G1 X86.052 Y75.058
G1 X86.387 Y75.144
G1 X86.703 Y75.244
G1 X87.002 Y75.356
G1 X87.280 Y75.482
G1 X87.540 Y75.619
G1 X87.778 Y75.769
G1 X87.996 Y75.932
G1 X88.192 Y76.107
G1 X88.366 Y76.293
G1 X88.516 Y76.492
G1 X88.642 Y76.702
G1 X88.744 Y76.923
G1 X88.821 Y77.156
G1 X88.872 Y77.400
G1 X88.896 Y77.655
G1 X88.893 Y77.921
G1 X88.862 Y78.197
G1 X88.802 Y78.484
G1 X88.713 Y78.780
G1 X88.593 Y79.086
G1 X88.444 Y79.401
G1 X88.262 Y79.725
G1 X88.049 Y80.057
G1 X87.804 Y80.397
G1 X87.526 Y80.745
G1 X87.215 Y81.100
G1 X86.871 Y81.461
G1 X86.493 Y81.828
G1 X86.081 Y82.201
G1 X85.635 Y82.578
G1 X85.156 Y82.958
G1 X84.643 Y83.342
G1 X84.097 Y83.728
G1 X83.519 Y84.115
G1 X82.908 Y84.502
G1 X82.266 Y84.888
G1 X81.595 Y85.273
G1 X80.894 Y85.655
G1 X80.166 Y86.032
G1 X79.412 Y86.405
G1 X78.634 Y86.770
G1 X77.834 Y87.128
G1 X77.014 Y87.477
G1 X76.176 Y87.815
G1 X75.325 Y88.140
G1 X74.461 Y88.453
G1 X73.589 Y88.751
G1 X72.712 Y89.032
G1 X71.832 Y89.296
G1 X70.954 Y89.541
G1 X70.082 Y89.766
G1 X69.219 Y89.969
G1 X68.369 Y90.149
G1 X67.535 Y90.305
G1 X66.723 Y90.436
G1 X65.935 Y90.541
G1 X65.175 Y90.619
G1 X64.448 Y90.670
G1 X63.756 Y90.692
G1 X63.104 Y90.685
G1 X62.493 Y90.648
G1 X61.927 Y90.583
G1 X61.408 Y90.488
G1 X60.940 Y90.363
G1 X60.522 Y90.210
G1 X60.158 Y90.027
G1 X59.848 Y89.817
G1 X59.594 Y89.579
G1 X59.395 Y89.315
G1 X59.252 Y89.026
G1 X59.165 Y88.713
G1 X59.132 Y88.376
G1 X59.154 Y88.018
G1 X59.229 Y87.641
G1 X59.355 Y87.245
G1 X59.531 Y86.832
G1 X59.756 Y86.404
G1 X60.026 Y85.963
G1 X60.340 Y85.511
G1 X60.695 Y85.049
G1 X61.089 Y84.579
G1 X61.520 Y84.103
G1 X61.985 Y83.623
G1 X62.481 Y83.140
G1 X63.006 Y82.656
G1 X63.557 Y82.174
G1 X64.133 Y81.693
G1 X64.730 Y81.216
G1 X65.347 Y80.744
G1 X65.981 Y80.279
G1 X66.629 Y79.821
G1 X67.291 Y79.373
G1 X67.964 Y78.934
G1 X68.646 Y78.506
G1 X69.336 Y78.089
G1 X70.032 Y77.686
G1 X70.732 Y77.295
G1 X71.435 Y76.919
G1 X72.140 Y76.557
G1 X72.846 Y76.210
G1 X73.551 Y75.878
G1 X74.254 Y75.562
G1 X74.954 Y75.262
G1 X75.651 Y74.979
G1 X76.343 Y74.712
G1 X77.030 Y74.461
G1 X77.710 Y74.227
G1 X78.384 Y74.010
G1 X79.050 Y73.810
G1 X79.708 Y73.626
G1 X80.356 Y73.459
G1 X80.996 Y73.309
G1 X81.625 Y73.175
G1 X82.244 Y73.058
G1 X82.852 Y72.957
G1 X83.448 Y72.872
G1 X84.031 Y72.803
G1 X84.602 Y72.750
G1 X85.160 Y72.713
G1 X85.704 Y72.692
G1 X86.233 Y72.686
G1 X86.748 Y72.695
G1 X87.247 Y72.720
G1 X87.730 Y72.759
G1 X88.197 Y72.814
G1 X88.647 Y72.883
G1 X89.079 Y72.967
G1 X89.492 Y73.065
G1 X89.887 Y73.178
G1 X90.262 Y73.305
G1 X90.616 Y73.446
G1 X90.950 Y73.602
G1 X91.262 Y73.771
G1 X91.552 Y73.954
G1 X91.818 Y74.151
G1 X92.060 Y74.362
G1 X92.278 Y74.586
G1 X92.469 Y74.823
G1 X92.634 Y75.074
G1 X92.772 Y75.339
G1 X92.882 Y75.616
G1 X92.962 Y75.907
G1 X93.011 Y76.210
G1 X93.030 Y76.526
G1 X93.016 Y76.855
G1 X92.969 Y77.196
G1 X92.887 Y77.550
G1 X92.770 Y77.915
G1 X92.617 Y78.292
G1 X92.427 Y78.681
G1 X92.198 Y79.080
G1 X91.931 Y79.491
G1 X91.623 Y79.911
G1 X91.274 Y80.342
G1 X90.883 Y80.781
G1 X90.450 Y81.229
G1 X89.974 Y81.685
G1 X89.454 Y82.149
G1 X88.891 Y82.619
G1 X88.283 Y83.095
G1 X87.631 Y83.575
G1 X86.935 Y84.059
G1 X86.196 Y84.546
G1 X85.413 Y85.034
G1 X84.587 Y85.522
G1 X83.721 Y86.009
G1 X82.814 Y86.493
G1 X81.869 Y86.973
G1 X80.888 Y87.448
G1 X79.872 Y87.914
G1 X78.825 Y88.372
G1 X77.750 Y88.818
G1 X76.650 Y89.251
G1 X75.528 Y89.670
G1 X74.389 Y90.071
G1 X73.237 Y90.453
G1 X72.078 Y90.814
G1 X70.915 Y91.152
G1 X69.754 Y91.465
G1 X68.600 Y91.751
G1 X67.460 Y92.008
G1 X66.339 Y92.235
G1 X65.243 Y92.428
G1 X64.178 Y92.588
G1 X63.149 Y92.712
G1 X62.162 Y92.800
G1 X61.222 Y92.849
G1 X60.335 Y92.860
G1 X59.506 Y92.830
G1 X58.738 Y92.761
G1 X58.036 Y92.652
G1 X57.403 Y92.503
G1 X56.842 Y92.313
G1 X56.356 Y92.085
G1 X55.945 Y91.817
G1 X55.612 Y91.512
G1 X55.356 Y91.171
G1 X55.178 Y90.795
G1 X55.077 Y90.386
G1 X55.052 Y89.946
G1 X55.101 Y89.477
G1 X55.221 Y88.981
G1 X55.411 Y88.460
G1 X55.667 Y87.917
G1 X55.987 Y87.355
G1 X56.365 Y86.776
G1 X56.800 Y86.182
G1 X57.287 Y85.577
G1 X57.823 Y84.962
G1 X58.403 Y84.340
G1 X59.024 Y83.715
G1 X59.681 Y83.087
G1 X60.372 Y82.460
G1 X61.092 Y81.835
G1 X61.839 Y81.215
G1 X62.608 Y80.602
G1 X63.397 Y79.997
G1 X64.203 Y79.402
G1 X65.024 Y78.819
G1 X65.856 Y78.249
G1 X66.697 Y77.693
G1 X67.545 Y77.152
G1 X68.398 Y76.628
G1 X69.255 Y76.121
G1 X70.113 Y75.632
G1 X70.972 Y75.162
G1 X71.829 Y74.711
G1 X72.684 Y74.280
G1 X73.535 Y73.868
G1 X74.381 Y73.477
G1 X75.222 Y73.106
G1 X76.057 Y72.755
G1 X76.884 Y72.425
G1 X77.704 Y72.115
G1 X78.515 Y71.825
G1 X79.318 Y71.556
G1 X80.111 Y71.306
G1 X80.894 Y71.077
G1 X81.666 Y70.866
G1 X82.428 Y70.676
G1 X83.178 Y70.504
G1 X83.916 Y70.351
G1 X84.643 Y70.217
G1 X85.357 Y70.100
G1 X86.059 Y70.002
G1 X86.747 Y69.921
G1 X87.422 Y69.858
G1 X88.083 Y69.812
G1 X88.730 Y69.783
G1 X89.362 Y69.770
G1 X89.979 Y69.773
G1 X90.581 Y69.793
G1 X91.167 Y69.829
G1 X91.737 Y69.880
G1 X92.290 Y69.947
G1 X92.825 Y70.029
G1 X93.343 Y70.126
G1 X93.843 Y70.239
G1 X94.323 Y70.367
G1 X94.785 Y70.509
G1 X95.226 Y70.666
G1 X95.646 Y70.839
G1 X96.044 Y71.025
G1 X96.421 Y71.227
G1 X96.774 Y71.443
G1 X97.103 Y71.674
G1 X97.407 Y71.920
G1 X97.686 Y72.180
G1 X97.938 Y72.456
G1 X98.162 Y72.746
G1 X98.357 Y73.050
G1 X98.522 Y73.370
G1 X98.656 Y73.705
G1 X98.757 Y74.054
G1 X98.825 Y74.419
G1 X98.857 Y74.798
G1 X98.853 Y75.192
G1 X98.811 Y75.602
G1 X98.730 Y76.026
G1 X98.607 Y76.465
G1 X98.442 Y76.918
G1 X98.233 Y77.387
G1 X97.978 Y77.869
G1 X97.676 Y78.366
G1 X97.325 Y78.876
G1 X96.923 Y79.400
G1 X96.469 Y79.938
G1 X95.962 Y80.487
G1 X95.400 Y81.049
G1 X94.782 Y81.622
G1 X94.106 Y82.206
G1 X93.371 Y82.799
G1 X92.577 Y83.401
G1 X91.723 Y84.010
G1 X90.809 Y84.626
G1 X89.834 Y85.247
G1 X88.799 Y85.871
G1 X87.704 Y86.498
G1 X86.551 Y87.124
G1 X85.340 Y87.748
G1 X84.074 Y88.368
G1 X82.755 Y88.982
G1 X81.386 Y89.588
G1 X79.971 Y90.182
G1 X78.514 Y90.762
G1 X77.020 Y91.326
G1 X75.494 Y91.870
G1 X73.943 Y92.392
G1 X72.373 Y92.888
G1 X70.791 Y93.355
G1 X69.206 Y93.791
G1 X67.625 Y94.192
G1 X66.058 Y94.556
G1 X64.512 Y94.878
G1 X62.999 Y95.157
G1 X61.526 Y95.390
G1 X60.103 Y95.574
G1 X58.740 Y95.707
G1 X57.444 Y95.788
G1 X56.225 Y95.814
G1 X55.090 Y95.784
G1 X54.046 Y95.698
G1 X53.099 Y95.555
G1 X52.255 Y95.355
G1 X51.518 Y95.099
G1 X50.891 Y94.786
G1 X50.376 Y94.419
G1 X49.975 Y93.999
G1 X49.687 Y93.528
G1 X49.512 Y93.008
G1 X49.447 Y92.442
G1 X49.489 Y91.834
G1 X49.635 Y91.186
G1 X49.880 Y90.502
G1 X50.219 Y89.785
G1 X50.645 Y89.041
G1 X51.154 Y88.271
G1 X51.740 Y87.482
G1 X52.394 Y86.675
G1 X53.112 Y85.855
G1 X53.887 Y85.027
G1 X54.712 Y84.193
G1 X55.582 Y83.358
G1 X56.490 Y82.523
G1 X57.432 Y81.694
G1 X58.402 Y80.872
G1 X59.395 Y80.061
G1 X60.408 Y79.262
G1 X61.436 Y78.479
G1 X62.475 Y77.712
G1 X63.522 Y76.964
G1 X64.574 Y76.237
G1 X65.629 Y75.532
G1 X66.684 Y74.850
G1 X67.737 Y74.191
G1 X68.787 Y73.557
G1 X69.831 Y72.949
G1 X70.870 Y72.366
G1 X71.901 Y71.809
G1 X72.923 Y71.278
G1 X73.937 Y70.773
G1 X74.940 Y70.294
G1 X75.933 Y69.841
G1 X76.915 Y69.413
G1 X77.886 Y69.011
G1 X78.845 Y68.633
G1 X79.793 Y68.280
G1 X80.728 Y67.951
G1 X81.651 Y67.644
G1 X82.562 Y67.361
G1 X83.461 Y67.100
G1 X84.346 Y66.861
G1 X85.220 Y66.643
G1 X86.080 Y66.445
G1 X86.928 Y66.267
G1 X87.764 Y66.109
G1 X88.586 Y65.969
G1 X89.395 Y65.848
G1 X90.192 Y65.744
G1 X90.975 Y65.658
G1 X91.745 Y65.588
G1 X92.502 Y65.535
G1 X93.246 Y65.498
G1 X93.976 Y65.477
G1 X94.692 Y65.470
G1 X95.395 Y65.479
G1 X96.083 Y65.502
G1 X96.758 Y65.539
G1 X97.418 Y65.591
G1 X98.064 Y65.656
G1 X98.695 Y65.735
G1 X99.310 Y65.828
G1 X99.910 Y65.934
G1 X100.495 Y66.054
G1 X101.063 Y66.186
G1 X101.614 Y66.332
G1 X102.148 Y66.492
G1 X102.665 Y66.664
G1 X103.164 Y66.850
G1 X103.644 Y67.050
G1 X104.105 Y67.263
G1 X104.546 Y67.490
G1 X104.966 Y67.731
G1 X105.364 Y67.985
G1 X105.741 Y68.254
G1 X106.094 Y68.538
G1 X106.423 Y68.836
G1 X106.726 Y69.149
G1 X107.003 Y69.478
G1 X107.253 Y69.822
G1 X107.473 Y70.182
G1 X107.663 Y70.558
G1 X107.822 Y70.950
G1 X107.946 Y71.359
G1 X108.036 Y71.786
G1 X108.089 Y72.230
G1 X108.103 Y72.691
G1 X108.076 Y73.171
G1 X108.007 Y73.669
G1 X107.892 Y74.185
G1 X107.730 Y74.721
G1 X107.518 Y75.275
G1 X107.253 Y75.849
G1 X106.933 Y76.441
G1 X106.556 Y77.054
G1 X106.117 Y77.685
G1 X105.616 Y78.336
G1 X105.047 Y79.006
G1 X104.410 Y79.695
G1 X103.700 Y80.402
G1 X102.916 Y81.127
G1 X102.053 Y81.870
G1 X101.110 Y82.629
G1 X100.084 Y83.403
G1 X98.972 Y84.192
G1 X97.773 Y84.994
G1 X96.486 Y85.807
G1 X95.108 Y86.629
G1 X93.640 Y87.460
G1 X92.081 Y88.295
G1 X90.433 Y89.133
G1 X88.696 Y89.971
G1 X86.873 Y90.805
G1 X84.967 Y91.632
G1 X82.984 Y92.449
G1 X80.928 Y93.251
G1 X78.806 Y94.034
G1 X76.627 Y94.793
G1 X74.400 Y95.524
G1 X72.135 Y96.222
G1 X69.845 Y96.881
G1 X67.543 Y97.497
G1 X65.243 Y98.064
G1 X62.960 Y98.578
G1 X60.710 Y99.031
G1 X58.509 Y99.421
G1 X56.375 Y99.742
G1 X54.324 Y99.990
G1 X52.372 Y100.161
G1 X50.535 Y100.252
G1 X48.828 Y100.259
G1 X47.264 Y100.181
G1 X45.855 Y100.016
G1 X44.610 Y99.765
G1 X43.539 Y99.425
G1 X42.646 Y99.000
G1 X41.934 Y98.491
G1 X41.405 Y97.900
G1 X41.058 Y97.230
G1 X40.888 Y96.486
G1 X40.891 Y95.673
G1 X41.059 Y94.795
G1 X41.384 Y93.859
G1 X41.855 Y92.871
G1 X42.461 Y91.836
G1 X43.190 Y90.762
G1 X44.030 Y89.656
G1 X44.970 Y88.523
G1 X45.996 Y87.370
G1 X47.097 Y86.204
G1 X48.261 Y85.031
G1 X49.478 Y83.856
G1 X50.738 Y82.685
G1 X52.031 Y81.523
G1 X53.349 Y80.375
G1 X54.686 Y79.244
G1 X56.033 Y78.134
G1 X57.385 Y77.048
G1 X58.738 Y75.990
G1 X60.087 Y74.961
G1 X61.428 Y73.964
G1 X62.759 Y73.001
G1 X64.077 Y72.071
G1 X65.380 Y71.178
G1 X66.667 Y70.320
G1 X67.937 Y69.498
G1 X69.189 Y68.713
G1 X70.421 Y67.964
G1 X71.635 Y67.251
G1 X72.830 Y66.574
G1 X74.006 Y65.931
G1 X75.162 Y65.323
G1 X76.300 Y64.747
G1 X77.420 Y64.204
G1 X78.521 Y63.692
G1 X79.605 Y63.210
G1 X80.671 Y62.757
G1 X81.721 Y62.332
G1 X82.754 Y61.933
G1 X83.771 Y61.560
G1 X84.772 Y61.212
G1 X85.758 Y60.886
G1 X86.730 Y60.583
G1 X87.686 Y60.300
G1 X88.629 Y60.037
G1 X89.558 Y59.793
G1 X90.473 Y59.567
G1 X91.376 Y59.357
G1 X92.265 Y59.164
G1 X93.142 Y58.985
G1 X94.007 Y58.820
G1 X94.859 Y58.668
G1 X95.699 Y58.528
G1 X96.528 Y58.400
G1 X97.346 Y58.283
G1 X98.152 Y58.177
G1 X98.947 Y58.079
G1 X99.732 Y57.991
G1 X100.505 Y57.911
G1 X101.269 Y57.839
G1 X102.022 Y57.774
G1 X102.764 Y57.716
G1 X103.497 Y57.665
G1 X104.220 Y57.619
G1 X104.933 Y57.580
G1 X105.636 Y57.545
G1 X106.330 Y57.516
G1 X107.014 Y57.491
G1 X107.690 Y57.471
G1 X108.356 Y57.456
G1 X109.013 Y57.444
G1 X109.662 Y57.436
G1 X110.301 Y57.431
G1 X110.932 Y57.430
G1 X111.555 Y57.433
G1 X112.169 Y57.438
G1 X112.774 Y57.447
G1 X113.372 Y57.459
G1 X113.961 Y57.473
G1 X114.543 Y57.490
G1 X115.116 Y57.511
G1 X115.682 Y57.533
G1 X116.240 Y57.559
G1 X116.790 Y57.587
G1 X117.332 Y57.618
G1 X117.867 Y57.652
G1 X118.395 Y57.688
G1 X118.915 Y57.727
G1 X119.428 Y57.769
G1 X119.934 Y57.814
G1 X120.432 Y57.861
G1 X120.924 Y57.912
G1 X121.408 Y57.965
G1 X121.886 Y58.022
G1 X122.356 Y58.082
G1 X122.820 Y58.145
G1 X123.276 Y58.211
G1 X123.726 Y58.282
G1 X124.169 Y58.355
G1 X124.605 Y58.433
G1 X125.035 Y58.514
G1 X125.457 Y58.600
G1 X125.873 Y58.690
G1 X126.282 Y58.785
G1 X126.684 Y58.884
G1 X127.079 Y58.988
G1 X127.467 Y59.098
G1 X127.848 Y59.213
G1 X128.223 Y59.333
G1 X128.589 Y59.459
G1 X128.949 Y59.592
G1 X129.301 Y59.731
G1 X129.646 Y59.877
G1 X129.982 Y60.031
G1 X130.311 Y60.191
G1 X130.632 Y60.360
G1 X130.944 Y60.537
G1 X131.247 Y60.723
G1 X131.541 Y60.918
G1 X131.826 Y61.122
G1 X132.101 Y61.337
G1 X132.366 Y61.562
G1 X132.620 Y61.798
G1 X132.862 Y62.046
G1 X133.093 Y62.306
G1 X133.311 Y62.579
G1 X133.515 Y62.866
G1 X133.705 Y63.166
G1 X133.880 Y63.482
G1 X134.038 Y63.813
G1 X134.179 Y64.160
G1 X134.301 Y64.525
G1 X134.403 Y64.907
G1 X134.483 Y65.309
G1 X134.540 Y65.730
G1 X134.571 Y66.171
G1 X134.575 Y66.634
G1 X134.550 Y67.120
G1 X134.492 Y67.630
G1 X134.399 Y68.164
G1 X134.268 Y68.723
G1 X134.096 Y69.310
G1 X133.879 Y69.924
G1 X133.614 Y70.568
G1 X133.296 Y71.242
G1 X132.920 Y71.947
G1 X132.482 Y72.684
G1 X131.976 Y73.455
G1 X131.397 Y74.261
G1 X130.738 Y75.102
G1 X129.992 Y75.980
G1 X129.153 Y76.895
G1 X128.213 Y77.848
G1 X127.164 Y78.840
G1 X125.997 Y79.872
G1 X124.705 Y80.943
G1 X123.277 Y82.054
G1 X121.705 Y83.203
G1 X119.980 Y84.392
G1 X118.092 Y85.618
G1 X116.032 Y86.880
G1 X113.792 Y88.177
G1 X111.363 Y89.505
G1 X108.739 Y90.862
G1 X105.913 Y92.244
G1 X102.883 Y93.645
G1 X99.645 Y95.062
G1 X96.201 Y96.486
G1 X92.554 Y97.911
G1 X88.711 Y99.329
G1 X84.683 Y100.730
G1 X80.487 Y102.104
G1 X76.141 Y103.439
G1 X71.673 Y104.724
G1 X67.112 Y105.944
G1 X62.495 Y107.087
G1 X57.863 Y108.138
G1 X53.262 Y109.081
G1 X48.741 Y109.904
G1 X44.351 Y110.591
G1 X40.147 Y111.129
G1 X36.182 Y111.505
G1 X32.506 Y111.709
G1 X29.168 Y111.730
G1 X26.210 Y111.563
G1 X23.667 Y111.202
G1 X21.566 Y110.645
G1 X19.924 Y109.893
G1 X18.749 Y108.951
G1 X18.037 Y107.824
G1 X17.776 Y106.521
G1 X17.943 Y105.056
G1 X18.510 Y103.440
G1 X19.439 Y101.691
G1 X20.692 Y99.825
G1 X22.223 Y97.860
G1 X23.989 Y95.813
G1 X25.944 Y93.703
G1 X28.047 Y91.549
G1 X30.257 Y89.366
G1 X32.538 Y87.171
G1 X34.856 Y84.978
G1 X37.185 Y82.802
G1 X39.500 Y80.653
G1 X41.781 Y78.543
G1 X44.012 Y76.480
G1 X46.182 Y74.472
G1 X48.281 Y72.525
G1 X50.303 Y70.643
G1 X52.245 Y68.831
G1 X54.104 Y67.090
G1 X55.880 Y65.423
G1 X57.575 Y63.829
G1 X59.189 Y62.310
G1 X60.726 Y60.864
G1 X62.189 Y59.490
G1 X63.582 Y58.186
G1 X64.907 Y56.951
G1 X66.169 Y55.782
G1 X67.371 Y54.678
G1 X68.517 Y53.634
G1 X69.611 Y52.648
G1 X70.654 Y51.718
G1 X71.651 Y50.841
G1 X72.605 Y50.013
G1 X73.517 Y49.232
G1 X74.391 Y48.495
G1 X75.228 Y47.799
G1 X76.030 Y47.141
G1 X76.799 Y46.519
G1 X77.537 Y45.930
G1 X78.245 Y45.371
G1 X78.924 Y44.841
G1 X79.575 Y44.336
G1 X80.199 Y43.854
G1 X80.797 Y43.395
G1 X81.369 Y42.954
G1 X81.916 Y42.531
G1 X82.439 Y42.124
G1 X82.937 Y41.731
G1 X83.411 Y41.351
G1 X83.861 Y40.981
G1 X84.288 Y40.620
G1 X84.690 Y40.268
G1 X85.069 Y39.922
G1 X85.423 Y39.582
G1 X85.753 Y39.247
G1 X86.059 Y38.915
G1 X86.340 Y38.586
G1 X86.596 Y38.258
G1 X86.827 Y37.932
G1 X87.032 Y37.605
G1 X87.210 Y37.278
G1 X87.363 Y36.950
G1 X87.488 Y36.620
G1 X87.586 Y36.288
G1 X87.656 Y35.953
G1 X87.698 Y35.615
G1 X87.710 Y35.274
G1 X87.694 Y34.930
G1 X87.647 Y34.582
G1 X87.570 Y34.230
G1 X87.463 Y33.874
G1 X87.324 Y33.514
G1 X87.153 Y33.150
G1 X86.951 Y32.782
G1 X86.716 Y32.411
G1 X86.449 Y32.036
G1 X86.149 Y31.657
G1 X85.816 Y31.276
G1 X85.450 Y30.893
G1 X85.052 Y30.507
G1 X84.620 Y30.120
G1 X84.156 Y29.732
G1 X83.660 Y29.344
G1 X83.132 Y28.956
G1 X82.574 Y28.569
G1 X81.985 Y28.184
G1 X81.367 Y27.802
G1 X80.721 Y27.423
G1 X80.048 Y27.050
G1 X79.350 Y26.682
G1 X78.628 Y26.321
G1 X77.884 Y25.967
G1 X77.121 Y25.623
G1 X76.341 Y25.290
G1 X75.546 Y24.968
G1 X74.738 Y24.659
G1 X73.921 Y24.364
G1 X73.098 Y24.084
G1 X72.271 Y23.821
G1 X71.444 Y23.575
G1 X70.621 Y23.349
G1 X69.804 Y23.143
G1 X68.998 Y22.959
G1 X68.206 Y22.797
G1 X67.432 Y22.658
G1 X66.679 Y22.544
G1 X65.951 Y22.455
G1 X65.251 Y22.392
G1 X64.582 Y22.356
G1 X63.948 Y22.346
G1 X63.352 Y22.365
G1 X62.796 Y22.411
G1 X62.283 Y22.484
G1 X61.816 Y22.586
G1 X61.395 Y22.715
G1 X61.023 Y22.872
G1 X60.701 Y23.055
G1 X60.431 Y23.264
G1 X60.212 Y23.499
G1 X60.045 Y23.758
G1 X59.931 Y24.040
G1 X59.868 Y24.345
G1 X59.857 Y24.671
G1 X59.896 Y25.016
G1 X59.984 Y25.380
G1 X60.120 Y25.760
G1 X60.303 Y26.156
G1 X60.530 Y26.565
G1 X60.800 Y26.986
G1 X61.110 Y27.417
G1 X61.459 Y27.857
G1 X61.845 Y28.304
G1 X62.264 Y28.756
G1 X62.715 Y29.211
G1 X63.195 Y29.669
G1 X63.702 Y30.127
G1 X64.234 Y30.584
G1 X64.788 Y31.038
G1 X65.363 Y31.489
G1 X65.956 Y31.934
G1 X66.565 Y32.374
G1 X67.188 Y32.805
G1 X67.824 Y33.228
G1 X68.470 Y33.642
G1 X69.125 Y34.045
G1 X69.787 Y34.437
G1 X70.455 Y34.816
G1 X71.126 Y35.183
G1 X71.801 Y35.537
G1 X72.478 Y35.877
G1 X73.155 Y36.202
G1 X73.831 Y36.513
G1 X74.505 Y36.809
G1 X75.177 Y37.089
G1 X75.845 Y37.354
G1 X76.509 Y37.603
G1 X77.167 Y37.836
G1 X77.819 Y38.053
G1 X78.464 Y38.254
G1 X79.102 Y38.439
G1 X79.732 Y38.607
G1 X80.353 Y38.760
G1 X80.964 Y38.897
G1 X81.565 Y39.017
G1 X82.156 Y39.122
G1 X82.736 Y39.211
G1 X83.304 Y39.284
G1 X83.859 Y39.342
G1 X84.402 Y39.384
G1 X84.931 Y39.411
G1 X85.447 Y39.423
G1 X85.948 Y39.419
G1 X86.434 Y39.401
G1 X86.904 Y39.368
G1 X87.358 Y39.320
G1 X87.796 Y39.258
G1 X88.216 Y39.182
G1 X88.618 Y39.091
G1 X89.002 Y38.986
G1 X89.366 Y38.866
G1 X89.711 Y38.733
G1 X90.035 Y38.587
G1 X90.337 Y38.426
G1 X90.618 Y38.252
G1 X90.876 Y38.064
G1 X91.110 Y37.863
G1 X91.320 Y37.649
G1 X91.505 Y37.421
G1 X91.664 Y37.181
G1 X91.796 Y36.927
G1 X91.901 Y36.661
G1 X91.977 Y36.382
G1 X92.023 Y36.090
G1 X92.039 Y35.787
G1 X92.024 Y35.471
G1 X91.977 Y35.143
G1 X91.896 Y34.803
G1 X91.781 Y34.452
G1 X91.632 Y34.090
G1 X91.446 Y33.717
G1 X91.224 Y33.334
G1 X90.964 Y32.940
G1 X90.665 Y32.537
G1 X90.328 Y32.125
G1 X89.951 Y31.704
G1 X89.533 Y31.274
G1 X89.075 Y30.838
G1 X88.575 Y30.395
G1 X88.034 Y29.946
G1 X87.451 Y29.492
G1 X86.827 Y29.034
G1 X86.161 Y28.572
G1 X85.454 Y28.109
G1 X84.707 Y27.645
G1 X83.920 Y27.181
G1 X83.095 Y26.718
G1 X82.233 Y26.259
G1 X81.336 Y25.804
G1 X80.405 Y25.355
G1 X79.443 Y24.913
G1 X78.452 Y24.481
G1 X77.436 Y24.060
G1 X76.397 Y23.651
G1 X75.338 Y23.257
G1 X74.265 Y22.879
G1 X73.180 Y22.520
G1 X72.088 Y22.180
G1 X70.994 Y21.863
G1 X69.903 Y21.570
G1 X68.820 Y21.302
G1 X67.749 Y21.061
G1 X66.697 Y20.850
G1 X65.668 Y20.669
G1 X64.668 Y20.520
G1 X63.702 Y20.405
G1 X62.775 Y20.324
G1 X61.893 Y20.278
G1 X61.059 Y20.269
G1 X60.278 Y20.297
G1 X59.555 Y20.362
G1 X58.892 Y20.465
G1 X58.294 Y20.606
G1 X57.762 Y20.783
G1 X57.299 Y20.998
G1 X56.906 Y21.248
G1 X56.585 Y21.534
G1 X56.337 Y21.853
G1 X56.160 Y22.205
G1 X56.055 Y22.588
G1 X56.020 Y23.001
G1 X56.055 Y23.440
G1 X56.158 Y23.906
G1 X56.325 Y24.394
G1 X56.555 Y24.903
G1 X56.845 Y25.431
G1 X57.191 Y25.975
G1 X57.591 Y26.534
G1 X58.041 Y27.103
G1 X58.537 Y27.682
G1 X59.077 Y28.268
G1 X59.656 Y28.858
G1 X60.271 Y29.451
G1 X60.919 Y30.044
G1 X61.596 Y30.635
G1 X62.299 Y31.222
G1 X63.026 Y31.803
G1 X63.772 Y32.377
G1 X64.536 Y32.942
G1 X65.315 Y33.496
G1 X66.106 Y34.039
G1 X66.907 Y34.568
G1 X67.716 Y35.084
G1 X68.532 Y35.584
G1 X69.351 Y36.068
G1 X70.173 Y36.535
G1 X70.996 Y36.985
G1 X71.819 Y37.417
G1 X72.640 Y37.831
G1 X73.459 Y38.225
G1 X74.274 Y38.601
G1 X75.084 Y38.957
G1 X75.888 Y39.294
G1 X76.686 Y39.612
G1 X77.477 Y39.909
G1 X78.260 Y40.188
G1 X79.035 Y40.447
G1 X79.801 Y40.687
G1 X80.557 Y40.907
G1 X81.303 Y41.109
G1 X82.039 Y41.292
G1 X82.763 Y41.456
G1 X83.477 Y41.602
G1 X84.178 Y41.730
G1 X84.867 Y41.840
G1 X85.544 Y41.932
G1 X86.207 Y42.007
G1 X86.857 Y42.065
G1 X87.493 Y42.106
G1 X88.115 Y42.131
G1 X88.722 Y42.139
G1 X89.314 Y42.131
G1 X89.891 Y42.107
G1 X90.451 Y42.067
G1 X90.995 Y42.011
G1 X91.521 Y41.940
G1 X92.031 Y41.854
G1 X92.521 Y41.753
G1 X92.994 Y41.636
G1 X93.446 Y41.505
G1 X93.879 Y41.358
G1 X94.291 Y41.197
G1 X94.682 Y41.021
G1 X95.051 Y40.831
G1 X95.397 Y40.626
G1 X95.719 Y40.406
G1 X96.016 Y40.172
G1 X96.288 Y39.923
G1 X96.534 Y39.660
G1 X96.752 Y39.382
G1 X96.941 Y39.089
G1 X97.101 Y38.782
G1 X97.230 Y38.461
G1 X97.328 Y38.125
G1 X97.392 Y37.774
G1 X97.422 Y37.409
G1 X97.416 Y37.029
G1 X97.373 Y36.636
G1 X97.292 Y36.227
G1 X97.171 Y35.805
G1 X97.009 Y35.369
G1 X96.804 Y34.919
G1 X96.555 Y34.455
G1 X96.261 Y33.978
G1 X95.920 Y33.488
G1 X95.530 Y32.986
G1 X95.091 Y32.471
G1 X94.601 Y31.945
G1 X94.058 Y31.408
G1 X93.463 Y30.860
G1 X92.813 Y30.303
G1 X92.108 Y29.738
G1 X91.347 Y29.164
G1 X90.530 Y28.584
G1 X89.657 Y27.999
G1 X88.728 Y27.410
G1 X87.742 Y26.818
G1 X86.702 Y26.225
G1 X85.608 Y25.633
G1 X84.461 Y25.044
G1 X83.264 Y24.459
G1 X82.019 Y23.881
G1 X80.729 Y23.311
G1 X79.397 Y22.753
G1 X78.028 Y22.209
G1 X76.626 Y21.681
G1 X75.197 Y21.173
G1 X73.745 Y20.685
G1 X72.277 Y20.223
G1 X70.800 Y19.788
G1 X69.321 Y19.382
G1 X67.848 Y19.010
G1 X66.389 Y18.674
G1 X64.950 Y18.375
G1 X63.542 Y18.118
G1 X62.172 Y17.903
G1 X60.849 Y17.734
G1 X59.580 Y17.613
G1 X58.374 Y17.540
G1 X57.238 Y17.518
G1 X56.179 Y17.547
G1 X55.204 Y17.628
G1 X54.317 Y17.763
G1 X53.525 Y17.949
G1 X52.830 Y18.189
G1 X52.235 Y18.480
G1 X51.744 Y18.821
G1 X51.357 Y19.212
G1 X51.074 Y19.649
G1 X50.894 Y20.132
G1 X50.816 Y20.658
G1 X50.837 Y21.223
G1 X50.954 Y21.826
G1 X51.164 Y22.462
G1 X51.461 Y23.129
G1 X51.842 Y23.822
G1 X52.300 Y24.539
G1 X52.831 Y25.276
G1 X53.428 Y26.030
G1 X54.086 Y26.796
G1 X54.799 Y27.571
G1 X55.562 Y28.352
G1 X56.369 Y29.136
G1 X57.215 Y29.919
G1 X58.095 Y30.699
G1 X59.004 Y31.473
G1 X59.937 Y32.238
G1 X60.891 Y32.991
G1 X61.862 Y33.732
G1 X62.846 Y34.457
G1 X63.840 Y35.165
G1 X64.841 Y35.855
G1 X65.846 Y36.525
G1 X66.854 Y37.174
G1 X67.862 Y37.801
G1 X68.868 Y38.405
G1 X69.871 Y38.986
G1 X70.870 Y39.542
G1 X71.863 Y40.075
G1 X72.849 Y40.583
G1 X73.827 Y41.066
G1 X74.796 Y41.525
G1 X75.757 Y41.959
G1 X76.707 Y42.369
G1 X77.648 Y42.754
G1 X78.578 Y43.116
G1 X79.497 Y43.455
G1 X80.404 Y43.770
G1 X81.300 Y44.063
G1 X82.184 Y44.333
G1 X83.056 Y44.582
G1 X83.916 Y44.810
G1 X84.764 Y45.016
G1 X85.600 Y45.203
G1 X86.422 Y45.370
G1 X87.232 Y45.517
G1 X88.029 Y45.646
G1 X88.813 Y45.757
G1 X89.584 Y45.849
G1 X90.342 Y45.925
G1 X91.086 Y45.983
G1 X91.817 Y46.025
G1 X92.533 Y46.050
G1 X93.236 Y46.059
G1 X93.925 Y46.053
G1 X94.599 Y46.032
G1 X95.258 Y45.996
G1 X95.902 Y45.944
G1 X96.531 Y45.879
G1 X97.145 Y45.798
G1 X97.742 Y45.704
G1 X98.323 Y45.595
G1 X98.888 Y45.473
G1 X99.435 Y45.336
G1 X99.964 Y45.185
G1 X100.476 Y45.021
G1 X100.968 Y44.842
G1 X101.441 Y44.649
G1 X101.894 Y44.443
G1 X102.327 Y44.222
G1 X102.737 Y43.987
G1 X103.126 Y43.737
G1 X103.491 Y43.473
G1 X103.833 Y43.194
G1 X104.149 Y42.901
G1 X104.439 Y42.592
G1 X104.701 Y42.268
G1 X104.936 Y41.928
G1 X105.140 Y41.573
G1 X105.313 Y41.202
G1 X105.453 Y40.814
G1 X105.560 Y40.410
G1 X105.630 Y39.989
G1 X105.663 Y39.551
G1 X105.656 Y39.096
G1 X105.608 Y38.624
G1 X105.517 Y38.134
G1 X105.380 Y37.626
G1 X105.196 Y37.101
G1 X104.962 Y36.557
G1 X104.675 Y35.996
G1 X104.334 Y35.416
G1 X103.936 Y34.819
G1 X103.478 Y34.204
G1 X102.958 Y33.571
G1 X102.374 Y32.921
G1 X101.722 Y32.254
G1 X101.001 Y31.571
G1 X100.207 Y30.872
G1 X99.340 Y30.159
G1 X98.396 Y29.431
G1 X97.374 Y28.691
G1 X96.272 Y27.939
G1 X95.090 Y27.178
G1 X93.825 Y26.407
G1 X92.478 Y25.631
G1 X91.050 Y24.850
G1 X89.540 Y24.067
G1 X87.950 Y23.285
G1 X86.283 Y22.506
G1 X84.541 Y21.734
G1 X82.729 Y20.972
G1 X80.851 Y20.223
G1 X78.914 Y19.492
G1 X76.925 Y18.782
G1 X74.892 Y18.098
G1 X72.823 Y17.443
G1 X70.730 Y16.823
G1 X68.624 Y16.242
G1 X66.517 Y15.705
G1 X64.422 Y15.216
G1 X62.352 Y14.780
G1 X60.323 Y14.401
G1 X58.348 Y14.083
G1 X56.442 Y13.831
G1 X54.619 Y13.647
G1 X52.893 Y13.535
G1 X51.278 Y13.498
G1 X49.785 Y13.537
G1 X48.425 Y13.654
G1 X47.208 Y13.850
G1 X46.141 Y14.125
G1 X45.231 Y14.478
G1 X44.481 Y14.908
G1 X43.894 Y15.413
G1 X43.470 Y15.991
G1 X43.207 Y16.638
G1 X43.102 Y17.350
G1 X43.149 Y18.123
G1 X43.342 Y18.953
G1 X43.674 Y19.833
G1 X44.135 Y20.759
G1 X44.715 Y21.725
G1 X45.406 Y22.724
G1 X46.196 Y23.752
G1 X47.075 Y24.802
G1 X48.032 Y25.869
G1 X49.057 Y26.946
G1 X50.141 Y28.030
G1 X51.274 Y29.114
G1 X52.448 Y30.193
G1 X53.654 Y31.265
G1 X54.885 Y32.324
G1 X56.136 Y33.366
G1 X57.399 Y34.390
G1 X58.670 Y35.390
G1 X59.944 Y36.366
G1 X61.217 Y37.315
G1 X62.487 Y38.235
G1 X63.749 Y39.125
G1 X65.002 Y39.983
G1 X66.244 Y40.809
G1 X67.474 Y41.602
G1 X68.689 Y42.361
G1 X69.890 Y43.087
G1 X71.075 Y43.780
G1 X72.244 Y44.439
G1 X73.398 Y45.065
G1 X74.534 Y45.659
G1 X75.654 Y46.221
G1 X76.758 Y46.752
G1 X77.845 Y47.253
G1 X78.917 Y47.724
G1 X79.972 Y48.168
G1 X81.012 Y48.583
G1 X82.036 Y48.972
G1 X83.045 Y49.335
G1 X84.039 Y49.674
G1 X85.019 Y49.990
G1 X85.984 Y50.283
G1 X86.936 Y50.554
G1 X87.873 Y50.805
G1 X88.798 Y51.036
G1 X89.709 Y51.248
G1 X90.607 Y51.443
G1 X91.492 Y51.621
G1 X92.365 Y51.782
G1 X93.225 Y51.928
G1 X94.073 Y52.060
G1 X94.910 Y52.177
G1 X95.734 Y52.282
G1 X96.547 Y52.373
G1 X97.349 Y52.453
G1 X98.139 Y52.521
G1 X98.918 Y52.579
G1 X99.686 Y52.626
G1 X100.443 Y52.663
G1 X101.189 Y52.690
G1 X101.924 Y52.708
G1 X102.649 Y52.718
G1 X103.363 Y52.718
G1 X104.067 Y52.711
G1 X104.761 Y52.695
G1 X105.444 Y52.672
G1 X106.116 Y52.641
G1 X106.779 Y52.603
G1 X107.431 Y52.558
G1 X108.073 Y52.505
G1 X108.705 Y52.445
G1 X109.327 Y52.378
G1 X109.939 Y52.304
G1 X110.540 Y52.223
G1 X111.131 Y52.135
G1 X111.712 Y52.039
G1 X112.283 Y51.937
G1 X112.843 Y51.827
G1 X113.392 Y51.710
G1 X113.931 Y51.586
G1 X114.460 Y51.453
G1 X114.977 Y51.313
G1 X115.483 Y51.165
G1 X115.978 Y51.009
G1 X116.462 Y50.844
G1 X116.934 Y50.671
G1 X117.394 Y50.488
G1 X117.841 Y50.296
G1 X118.276 Y50.094
G1 X118.697 Y49.882
G1 X119.105 Y49.660
G1 X119.499 Y49.427
G1 X119.879 Y49.183
G1 X120.243 Y48.927
G1 X120.591 Y48.659
G1 X120.922 Y48.378
G1 X121.236 Y48.084
G1 X121.532 Y47.776
G1 X121.809 Y47.454
G1 X122.065 Y47.118
G1 X122.300 Y46.766
G1 X122.511 Y46.397
G1 X122.699 Y46.012
G1 X122.861 Y45.610
G1 X122.995 Y45.189
G1 X123.101 Y44.750
G1 X123.175 Y44.291
G1 X123.216 Y43.811
G1 X123.222 Y43.311
G1 X123.189 Y42.789
G1 X123.116 Y42.244
G1 X122.999 Y41.675
G1 X122.835 Y41.083
G1 X122.621 Y40.465
G1 X122.354 Y39.822
G1 X122.029 Y39.152
G1 X121.642 Y38.455
G1 X121.188 Y37.731
G1 X120.664 Y36.977
G1 X120.065 Y36.195
G1 X119.384 Y35.384
G1 X118.617 Y34.543
G1 X117.759 Y33.672
G1 X116.802 Y32.770
G1 X115.742 Y31.839
G1 X114.572 Y30.879
G1 X113.286 Y29.889
G1 X111.878 Y28.871
G1 X110.343 Y27.826
G1 X108.674 Y26.755
G1 X106.867 Y25.660
G1 X104.917 Y24.543
G1 X102.820 Y23.407
G1 X100.573 Y22.256
G1 X98.175 Y21.091
G1 X95.625 Y19.919
G1 X92.924 Y18.743
G1 X90.077 Y17.570
G1 X87.088 Y16.405
G1 X83.966 Y15.254
G1 X80.722 Y14.126
G1 X77.369 Y13.028
G1 X73.924 Y11.969
G1 X70.407 Y10.958
G1 X66.842 Y10.004
G1 X63.253 Y9.117
G1 X59.670 Y8.307
G1 X56.125 Y7.585
G1 X52.650 Y6.959
G1 X49.279 Y6.440
G1 X46.047 Y6.036
G1 X42.989 Y5.756
G1 X40.137 Y5.606
G1 X37.523 Y5.594
G1 X35.174 Y5.722
G1 X33.113 Y5.995
G1 X31.358 Y6.414
G1 X29.924 Y6.978
G1 X28.818 Y7.684
G1 X28.040 Y8.529
G1 X27.587 Y9.508
G1 X27.450 Y10.611
G1 X27.612 Y11.832
G1 X28.056 Y13.158
G1 X28.758 Y14.581
G1 X29.694 Y16.087
G1 X30.837 Y17.664
G1 X32.159 Y19.300
G1 X33.633 Y20.982
G1 X35.231 Y22.699
G1 X36.928 Y24.437
G1 X38.701 Y26.187
G1 X40.526 Y27.937
G1 X42.386 Y29.678
G1 X44.261 Y31.400
G1 X46.139 Y33.097
G1 X48.007 Y34.762
G1 X49.853 Y36.388
G1 X51.670 Y37.970
G1 X53.452 Y39.506
G1 X55.194 Y40.990
G1 X56.892 Y42.421
G1 X58.543 Y43.798
G1 X60.148 Y45.118
G1 X61.705 Y46.382
G1 X63.214 Y47.589
G1 X64.677 Y48.740
G1 X66.094 Y49.836
G1 X67.467 Y50.877
G1 X68.797 Y51.865
G1 X70.086 Y52.802
G1 X71.337 Y53.690
G1 X72.549 Y54.530
G1 X73.726 Y55.324
G1 X74.869 Y56.075
G1 X75.980 Y56.785
G1 X77.060 Y57.455
G1 X78.110 Y58.089
G1 X79.133 Y58.688
G1 X80.129 Y59.255
G1 X81.099 Y59.792
G1 X82.044 Y60.300
G1 X82.966 Y60.782
G1 X83.864 Y61.241
G1 X84.741 Y61.677
G1 X85.595 Y62.093
G1 X86.429 Y62.490
G1 X87.242 Y62.871
G1 X88.035 Y63.237
G1 X88.808 Y63.590
G1 X89.561 Y63.931
G1 X90.295 Y64.262
G1 X91.010 Y64.584
G1 X91.705 Y64.898
G1 X92.380 Y65.206
G1 X93.037 Y65.510
G1 X93.674 Y65.809
G1 X94.291 Y66.106
G1 X94.888 Y66.402
G1 X95.465 Y66.697
G1 X96.022 Y66.992
G1 X96.558 Y67.289
G1 X97.072 Y67.589
G1 X97.565 Y67.892
G1 X98.035 Y68.198
G1 X98.483 Y68.510
G1 X98.907 Y68.827
G1 X99.307 Y69.150
G1 X99.682 Y69.481
G1 X100.032 Y69.819
G1 X100.354 Y70.166
G1 X100.649 Y70.522
G1 X100.916 Y70.887
G1 X101.153 Y71.262
G1 X101.359 Y71.648
G1 X101.533 Y72.045
G1 X101.673 Y72.454
G1 X101.779 Y72.875
G1 X101.849 Y73.308
G1 X101.881 Y73.754
G1 X101.874 Y74.214
G1 X101.826 Y74.687
G1 X101.735 Y75.174
G1 X101.600 Y75.675
G1 X101.419 Y76.190
G1 X101.189 Y76.719
G1 X100.910 Y77.263
G1 X100.578 Y77.821
G1 X100.193 Y78.394
G1 X99.751 Y78.980
G1 X99.252 Y79.581
G1 X98.692 Y80.195
G1 X98.071 Y80.822
G1 X97.387 Y81.461
G1 X96.637 Y82.113
G1 X95.821 Y82.775
G1 X94.936 Y83.447
G1 X93.983 Y84.128
G1 X92.960 Y84.817
G1 X91.866 Y85.513
G1 X90.702 Y86.212
G1 X89.468 Y86.915
G1 X88.165 Y87.618
G1 X86.794 Y88.320
G1 X85.357 Y89.019
G1 X83.858 Y89.711
G1 X82.298 Y90.394
G1 X80.682 Y91.065
G1 X79.016 Y91.721
G1 X77.305 Y92.358
G1 X75.554 Y92.974
G1 X73.773 Y93.565
G1 X71.968 Y94.126
G1 X70.150 Y94.654
G1 X68.326 Y95.147
G1 X66.508 Y95.598
G1 X64.707 Y96.006
G1 X62.933 Y96.367
G1 X61.198 Y96.676
G1 X59.513 Y96.931
G1 X57.891 Y97.129
G1 X56.342 Y97.268
G1 X54.877 Y97.344
G1 X53.507 Y97.356
G1 X52.240 Y97.302
G1 X51.086 Y97.182
G1 X50.050 Y96.995
G1 X49.141 Y96.742
G1 X48.361 Y96.422
G1 X47.715 Y96.037
G1 X47.204 Y95.588
G1 X46.828 Y95.079
G1 X46.586 Y94.511
G1 X46.477 Y93.887
G1 X46.496 Y93.212
G1 X46.638 Y92.489
G1 X46.899 Y91.723
G1 X47.270 Y90.917
G1 X47.746 Y90.077
G1 X48.318 Y89.207
G1 X48.978 Y88.313
G1 X49.719 Y87.397
G1 X50.531 Y86.467
G1 X51.408 Y85.525
G1 X52.341 Y84.577
G1 X53.323 Y83.627
G1 X54.346 Y82.678
G1 X55.405 Y81.735
G1 X56.492 Y80.801
G1 X57.602 Y79.880
G1 X58.730 Y78.973
G1 X59.871 Y78.085
G1 X61.021 Y77.216
G1 X62.176 Y76.370
G1 X63.333 Y75.548
G1 X64.490 Y74.751
G1 X65.643 Y73.980
G1 X66.791 Y73.237
G1 X67.932 Y72.523
G1 X69.064 Y71.837
G1 X70.186 Y71.181
G1 X71.298 Y70.554
G1 X72.398 Y69.956
G1 X73.486 Y69.388
G1 X74.561 Y68.849
G1 X75.624 Y68.338
G1 X76.673 Y67.856
G1 X77.708 Y67.401
G1 X78.730 Y66.974
G1 X79.738 Y66.573
G1 X80.733 Y66.197
G1 X81.714 Y65.847
G1 X82.681 Y65.522
G1 X83.635 Y65.219
G1 X84.576 Y64.940
G1 X85.503 Y64.683
G1 X86.417 Y64.447
G1 X87.318 Y64.231
G1 X88.206 Y64.035
G1 X89.081 Y63.858
G1 X89.944 Y63.700
G1 X90.793 Y63.559
G1 X91.630 Y63.436
G1 X92.455 Y63.328
G1 X93.267 Y63.237
G1 X94.066 Y63.161
G1 X94.853 Y63.100
G1 X95.628 Y63.053
G1 X96.390 Y63.019
G1 X97.140 Y63.000
G1 X97.878 Y62.993
G1 X98.603 Y62.999
G1 X99.315 Y63.017
G1 X100.015 Y63.048
G1 X100.702 Y63.090
G1 X101.377 Y63.144
G1 X102.039 Y63.209
G1 X102.688 Y63.286
G1 X103.324 Y63.374
G1 X103.946 Y63.473
G1 X104.555 Y63.583
G1 X105.150 Y63.705
G1 X105.732 Y63.837
G1 X106.299 Y63.981
G1 X106.852 Y64.135
G1 X107.389 Y64.301
G1 X107.912 Y64.479
G1 X108.418 Y64.668
G1 X108.909 Y64.869
G1 X109.383 Y65.082
G1 X109.840 Y65.307
G1 X110.278 Y65.544
G1 X110.699 Y65.794
G1 X111.100 Y66.058
G1 X111.481 Y66.334
G1 X111.841 Y66.625
G1 X112.179 Y66.930
G1 X112.495 Y67.249
G1 X112.787 Y67.583
G1 X113.053 Y67.932
G1 X113.293 Y68.297
G1 X113.505 Y68.679
G1 X113.688 Y69.077
G1 X113.840 Y69.493
G1 X113.959 Y69.926
G1 X114.044 Y70.378
G1 X114.092 Y70.848
G1 X114.102 Y71.338
G1 X114.071 Y71.847
G1 X113.996 Y72.377
G1 X113.875 Y72.928
G1 X113.705 Y73.500
G1 X113.484 Y74.093
G1 X113.208 Y74.709
G1 X112.874 Y75.346
G1 X112.478 Y76.007
G1 X112.018 Y76.691
G1 X111.489 Y77.398
G1 X110.887 Y78.128
G1 X110.210 Y78.881
G1 X109.451 Y79.657
G1 X108.609 Y80.456
G1 X107.678 Y81.277
G1 X106.655 Y82.120
G1 X105.536 Y82.984
G1 X104.317 Y83.868
G1 X102.994 Y84.770
G1 X101.566 Y85.690
G1 X100.028 Y86.625
G1 X98.379 Y87.573
G1 X96.617 Y88.532
G1 X94.743 Y89.498
G1 X92.755 Y90.470
G1 X90.657 Y91.443
G1 X88.449 Y92.413
G1 X86.137 Y93.376
G1 X83.726 Y94.327
G1 X81.223 Y95.261
G1 X78.637 Y96.173
G1 X75.980 Y97.055
G1 X73.263 Y97.903
G1 X70.502 Y98.710
G1 X67.714 Y99.468
G1 X64.916 Y100.171
G1 X62.128 Y100.813
G1 X59.372 Y101.385
G1 X56.669 Y101.881
G1 X54.042 Y102.296
G1 X51.515 Y102.622
G1 X49.110 Y102.855
G1 X46.849 Y102.989
G1 X44.753 Y103.020
G1 X42.840 Y102.946
G1 X41.126 Y102.763
G1 X39.626 Y102.472
G1 X38.350 Y102.071
G1 X37.305 Y101.562
G1 X36.495 Y100.948
G1 X35.921 Y100.232
G1 X35.580 Y99.418
G1 X35.465 Y98.512
G1 X35.567 Y97.521
G1 X35.874 Y96.451
G1 X36.373 Y95.310
G1 X37.048 Y94.107
G1 X37.883 Y92.850
G1 X38.861 Y91.548
G1 X39.963 Y90.209
G1 X41.173 Y88.843
G1 X42.474 Y87.457
G1 X43.849 Y86.060
G1 X45.284 Y84.659
G1 X46.766 Y83.262
G1 X48.280 Y81.875
G1 X49.817 Y80.504
G1 X51.366 Y79.154
G1 X52.919 Y77.831
G1 X54.469 Y76.537
G1 X56.009 Y75.277
G1 X57.534 Y74.054
G1 X59.041 Y72.870
G1 X60.527 Y71.727
G1 X61.988 Y70.626
G1 X63.424 Y69.568
G1 X64.832 Y68.555
G1 X66.214 Y67.585
G1 X67.567 Y66.659
G1 X68.892 Y65.776
G1 X70.189 Y64.936
G1 X71.459 Y64.139
G1 X72.703 Y63.382
G1 X73.920 Y62.665
G1 X75.113 Y61.986
G1 X76.281 Y61.345
G1 X77.425 Y60.739
G1 X78.547 Y60.167
G1 X79.646 Y59.628
G1 X80.725 Y59.119
G1 X81.783 Y58.640
G1 X82.822 Y58.189
G1 X83.841 Y57.764
G1 X84.842 Y57.364
G1 X85.826 Y56.987
G1 X86.792 Y56.631
G1 X87.742 Y56.296
G1 X88.676 Y55.979
G1 X89.594 Y55.680
G1 X90.497 Y55.397
G1 X91.384 Y55.129
G1 X92.258 Y54.874
G1 X93.117 Y54.631
G1 X93.962 Y54.400
G1 X94.793 Y54.179
G1 X95.611 Y53.968
G1 X96.416 Y53.764
G1 X97.207 Y53.568
G1 X97.986 Y53.377
G1 X98.751 Y53.193
G1 X99.505 Y53.012
G1 X100.245 Y52.836
G1 X100.973 Y52.662
G1 X101.689 Y52.491
G1 X102.392 Y52.322
G1 X103.083 Y52.153
G1 X103.762 Y51.984
G1 X104.428 Y51.816
G1 X105.082 Y51.646
G1 X105.724 Y51.474
G1 X106.353 Y51.301
G1 X106.969 Y51.124
G1 X107.573 Y50.945
G1 X108.164 Y50.762
G1 X108.742 Y50.574
G1 X109.307 Y50.381
G1 X109.858 Y50.184
G1 X110.396 Y49.980
G1 X110.920 Y49.770
G1 X111.429 Y49.553
G1 X111.924 Y49.328
G1 X112.405 Y49.096
G1 X112.869 Y48.855
G1 X113.318 Y48.606
G1 X113.750 Y48.347
G1 X114.165 Y48.078
G1 X114.562 Y47.798
G1 X114.941 Y47.507
G1 X115.301 Y47.205
G1 X115.640 Y46.890
G1 X115.958 Y46.562
G1 X116.254 Y46.221
G1 X116.527 Y45.866
G1 X116.776 Y45.496
G1 X116.999 Y45.112
G1 X117.194 Y44.711
G1 X117.361 Y44.293
G1 X117.497 Y43.859
G1 X117.600 Y43.406
G1 X117.670 Y42.935
G1 X117.703 Y42.445
G1 X117.697 Y41.934
G1 X117.650 Y41.404
G1 X117.559 Y40.852
G1 X117.421 Y40.278
G1 X117.234 Y39.682
G1 X116.993 Y39.063
G1 X116.697 Y38.420
G1 X116.340 Y37.753
G1 X115.920 Y37.061
G1 X115.431 Y36.345
G1 X114.871 Y35.603
G1 X114.235 Y34.836
G1 X113.518 Y34.043
G1 X112.715 Y33.224
G1 X111.822 Y32.380
G1 X110.834 Y31.511
G1 X109.747 Y30.617
G1 X108.555 Y29.699
G1 X107.254 Y28.758
G1 X105.840 Y27.795
G1 X104.309 Y26.812
G1 X102.657 Y25.810
G1 X100.880 Y24.792
G1 X98.978 Y23.761
G1 X96.948 Y22.718
G1 X94.791 Y21.668
G1 X92.506 Y20.615
G1 X90.097 Y19.562
G1 X87.567 Y18.515
G1 X84.922 Y17.478
G1 X82.170 Y16.459
G1 X79.322 Y15.462
G1 X76.388 Y14.495
G1 X73.383 Y13.565
G1 X70.325 Y12.679
G1 X67.231 Y11.846
G1 X64.125 Y11.073
G1 X61.028 Y10.368
G1 X57.966 Y9.739
G1 X54.965 Y9.195
G1 X52.053 Y8.743
G1 X49.255 Y8.390
G1 X46.600 Y8.142
G1 X44.113 Y8.005
G1 X41.818 Y7.984
G1 X39.738 Y8.083
G1 X37.891 Y8.304
G1 X36.293 Y8.648
G1 X34.956 Y9.114
G1 X33.886 Y9.703
G1 X33.088 Y10.409
G1 X32.559 Y11.230
G1 X32.294 Y12.158
G1 X32.285 Y13.189
G1 X32.518 Y14.313
G1 X32.977 Y15.523
G1 X33.645 Y16.808
G1 X34.503 Y18.159
G1 X35.528 Y19.566
G1 X36.702 Y21.019
G1 X38.001 Y22.508
G1 X39.406 Y24.023
G1 X40.897 Y25.554
G1 X42.456 Y27.092
G1 X44.066 Y28.629
G1 X45.711 Y30.157
G1 X47.378 Y31.668
G1 X49.056 Y33.158
G1 X50.733 Y34.619
G1 X52.402 Y36.048
G1 X54.055 Y37.439
G1 X55.687 Y38.790
G1 X57.293 Y40.098
G1 X58.870 Y41.361
G1 X60.416 Y42.576
G1 X61.928 Y43.743
G1 X63.405 Y44.862
G1 X64.848 Y45.932
G1 X66.256 Y46.953
G1 X67.629 Y47.926
G1 X68.968 Y48.852
G1 X70.275 Y49.731
G1 X71.549 Y50.565
G1 X72.793 Y51.356
G1 X74.006 Y52.104
G1 X75.191 Y52.812
G1 X76.348 Y53.481
G1 X77.478 Y54.113
G1 X78.584 Y54.710
G1 X79.665 Y55.274
G1 X80.722 Y55.806
G1 X81.757 Y56.308
G1 X82.771 Y56.782
G1 X83.764 Y57.231
G1 X84.737 Y57.655
G1 X85.690 Y58.056
G1 X86.625 Y58.436
G1 X87.541 Y58.797
G1 X88.440 Y59.141
G1 X89.321 Y59.468
G1 X90.186 Y59.780
G1 X91.034 Y60.079
G1 X91.866 Y60.366
G1 X92.682 Y60.642
G1 X93.482 Y60.909
G1 X94.266 Y61.167
G1 X95.035 Y61.419
G1 X95.789 Y61.664
G1 X96.527 Y61.905
G1 X97.250 Y62.141
G1 X97.958 Y62.375
G1 X98.651 Y62.606
G1 X99.328 Y62.837
G1 X99.989 Y63.067
G1 X100.635 Y63.297
G1 X101.266 Y63.529
G1 X101.880 Y63.763
G1 X102.478 Y64.000
G1 X103.060 Y64.240
G1 X103.625 Y64.485
G1 X104.172 Y64.734
G1 X104.702 Y64.990
G1 X105.215 Y65.251
G1 X105.708 Y65.520
G1 X106.183 Y65.795
G1 X106.638 Y66.080
G1 X107.072 Y66.373
G1 X107.486 Y66.675
G1 X107.877 Y66.987
G1 X108.246 Y67.310
G1 X108.592 Y67.644
G1 X108.912 Y67.990
G1 X109.207 Y68.348
G1 X109.476 Y68.719
G1 X109.716 Y69.104
G1 X109.926 Y69.503
G1 X110.105 Y69.916
G1 X110.252 Y70.345
G1 X110.365 Y70.789
G1 X110.441 Y71.250
G1 X110.480 Y71.728
G1 X110.479 Y72.223
G1 X110.435 Y72.735
G1 X110.347 Y73.266
G1 X110.212 Y73.816
G1 X110.027 Y74.385
G1 X109.790 Y74.973
G1 X109.498 Y75.581
G1 X109.149 Y76.209
G1 X108.738 Y76.858
G1 X108.263 Y77.527
G1 X107.721 Y78.216
G1 X107.108 Y78.925
G1 X106.421 Y79.654
G1 X105.657 Y80.403
G1 X104.812 Y81.172
G1 X103.883 Y81.959
G1 X102.868 Y82.764
G1 X101.762 Y83.586
G1 X100.564 Y84.424
G1 X99.271 Y85.277
G1 X97.881 Y86.141
G1 X96.393 Y87.017
G1 X94.805 Y87.901
G1 X93.118 Y88.792
G1 X91.331 Y89.685
G1 X89.448 Y90.579
G1 X87.469 Y91.469
G1 X85.399 Y92.352
G1 X83.244 Y93.224
G1 X81.008 Y94.080
G1 X78.700 Y94.915
G1 X76.329 Y95.724
G1 X73.906 Y96.503
G1 X71.443 Y97.244
G1 X68.954 Y97.944
G1 X66.453 Y98.595
G1 X63.958 Y99.192
G1 X61.486 Y99.729
G1 X59.055 Y100.200
G1 X56.683 Y100.600
G1 X54.391 Y100.923
G1 X52.197 Y101.165
G1 X50.119 Y101.322
G1 X48.176 Y101.389
G1 X46.383 Y101.364
G1 X44.755 Y101.245
G1 X43.305 Y101.030
G1 X42.043 Y100.719
G1 X40.977 Y100.313
G1 X40.112 Y99.813
G1 X39.450 Y99.221
G1 X38.991 Y98.541
G1 X38.732 Y97.777
G1 X38.667 Y96.934
G1 X38.788 Y96.018
G1 X39.086 Y95.034
G1 X39.550 Y93.990
G1 X40.166 Y92.893
G1 X40.921 Y91.750
G1 X41.802 Y90.568
G1 X42.793 Y89.356
G1 X43.881 Y88.119
G1 X45.051 Y86.866
G1 X46.292 Y85.604
G1 X47.590 Y84.338
G1 X48.933 Y83.075
G1 X50.311 Y81.821
G1 X51.715 Y80.581
G1 X53.135 Y79.359
G1 X54.565 Y78.160
G1 X55.998 Y76.987
G1 X57.429 Y75.843
G1 X58.852 Y74.732
G1 X60.264 Y73.654
G1 X61.662 Y72.613
G1 X63.043 Y71.610
G1 X64.405 Y70.644
G1 X65.747 Y69.718
G1 X67.068 Y68.831
G1 X68.368 Y67.984
G1 X69.645 Y67.175
G1 X70.899 Y66.406
G1 X72.132 Y65.674
G1 X73.342 Y64.980
G1 X74.531 Y64.323
G1 X75.698 Y63.701
G1 X76.845 Y63.113
G1 X77.971 Y62.558
G1 X79.078 Y62.035
G1 X80.165 Y61.543
G1 X81.234 Y61.080
G1 X82.285 Y60.645
G1 X83.319 Y60.236
G1 X84.335 Y59.853
G1 X85.335 Y59.493
G1 X86.320 Y59.156
G1 X87.288 Y58.841
G1 X88.242 Y58.546
G1 X89.181 Y58.269
G1 X90.106 Y58.010
G1 X91.017 Y57.768
G1 X91.914 Y57.541
G1 X92.798 Y57.329
G1 X93.670 Y57.130
G1 X94.528 Y56.944
G1 X95.375 Y56.769
G1 X96.209 Y56.605
G1 X97.031 Y56.451
G1 X97.842 Y56.305
G1 X98.641 Y56.168
G1 X99.429 Y56.039
G1 X100.205 Y55.916
G1 X100.971 Y55.799
G1 X101.726 Y55.688
G1 X102.471 Y55.583
G1 X103.205 Y55.481
G1 X103.929 Y55.384
G1 X104.643 Y55.290
G1 X105.347 Y55.198
G1 X106.041 Y55.110
G1 X106.725 Y55.023
G1 X107.399 Y54.938
G1 X108.064 Y54.855
G1 X108.720 Y54.772
G1 X109.366 Y54.690
G1 X110.003 Y54.609
G1 X110.631 Y54.527
G1 X111.249 Y54.445
G1 X111.859 Y54.362
G1 X112.460 Y54.278
G1 X113.052 Y54.193
G1 X113.635 Y54.106
G1 X114.209 Y54.017
G1 X114.775 Y53.926
G1 X115.332 Y53.833
G1 X115.880 Y53.737
G1 X116.420 Y53.639
G1 X116.951 Y53.537
G1 X117.474 Y53.431
G1 X117.988 Y53.322
G1 X118.493 Y53.209
G1 X118.989 Y53.092
G1 X119.477 Y52.970
G1 X119.956 Y52.843
G1 X120.426 Y52.710
G1 X120.887 Y52.573
G1 X121.339 Y52.429
G1 X121.781 Y52.280
G1 X122.215 Y52.123
G1 X122.638 Y51.960
G1 X123.052 Y51.790
G1 X123.456 Y51.612
G1 X123.850 Y51.426
G1 X124.233 Y51.232
G1 X124.605 Y51.029
G1 X124.966 Y50.816
G1 X125.315 Y50.594
G1 X125.652 Y50.361
G1 X125.976 Y50.118
G1 X126.287 Y49.864
G1 X126.584 Y49.597
G1 X126.867 Y49.318
G1 X127.134 Y49.027
G1 X127.385 Y48.721
G1 X127.618 Y48.401
G1 X127.833 Y48.067
G1 X128.029 Y47.716
G1 X128.204 Y47.350
G1 X128.357 Y46.966
G1 X128.487 Y46.564
G1 X128.591 Y46.143
G1 X128.668 Y45.703
G1 X128.716 Y45.243
G1 X128.733 Y44.761
G1 X128.716 Y44.257
G1 X128.662 Y43.730
G1 X128.570 Y43.180
G1 X128.436 Y42.604
G1 X128.256 Y42.002
G1 X128.027 Y41.373
G1 X127.745 Y40.717
G1 X127.406 Y40.032
G1 X127.005 Y39.317
G1 X126.538 Y38.571
G1 X125.999 Y37.795
G1 X125.383 Y36.986
G1 X124.684 Y36.144
G1 X123.896 Y35.269
G1 X123.011 Y34.360
G1 X122.024 Y33.416
G1 X120.928 Y32.439
G1 X119.714 Y31.426
G1 X118.376 Y30.380
G1 X116.906 Y29.299
G1 X115.296 Y28.186
G1 X113.540 Y27.041
G1 X111.629 Y25.866
G1 X109.558 Y24.663
G1 X107.321 Y23.434
G1 X104.912 Y22.183
G1 X102.328 Y20.913
G1 X99.566 Y19.628
G1 X96.627 Y18.334
G1 X93.513 Y17.037
G1 X90.227 Y15.742
G1 X86.776 Y14.458
G1 X83.173 Y13.193
G1 X79.430 Y11.955
G1 X75.565 Y10.755
G1 X71.602 Y9.602
G1 X67.566 Y8.509
G1 X63.487 Y7.486
G1 X59.399 Y6.547
G1 X55.340 Y5.701
G1 X51.350 Y4.963
G1 X47.470 Y4.344
G1 X43.745 Y3.854
G1 X40.217 Y3.504
G1 X36.928 Y3.304
G1 X33.917 Y3.261
G1 X31.219 Y3.381
G1 X28.864 Y3.669
G1 X26.875 Y4.125
G1 X25.268 Y4.751
G1 X24.053 Y5.543
G1 X23.231 Y6.496
G1 X22.794 Y7.604
G1 X22.730 Y8.857
G1 X23.017 Y10.244
G1 X23.631 Y11.754
G1 X24.540 Y13.373
G1 X25.713 Y15.085
G1 X27.114 Y16.877
G1 X28.708 Y18.732
G1 X30.460 Y20.636
G1 X32.337 Y22.575
G1 X34.307 Y24.534
G1 X36.341 Y26.500
G1 X38.414 Y28.461
G1 X40.504 Y30.406
G1 X42.591 Y32.325
G1 X44.659 Y34.209
G1 X46.695 Y36.052
G1 X48.689 Y37.847
G1 X50.633 Y39.588
G1 X52.521 Y41.272
G1 X54.348 Y42.895
G1 X56.114 Y44.456
G1 X57.816 Y45.953
G1 X59.456 Y47.385
G1 X61.033 Y48.752
G1 X62.549 Y50.054
G1 X64.006 Y51.294
G1 X65.407 Y52.471
G1 X66.754 Y53.587
G1 X68.048 Y54.645
G1 X69.294 Y55.646
G1 X70.494 Y56.594
G1 X71.649 Y57.489
G1 X72.763 Y58.335
G1 X73.837 Y59.134
G1 X74.874 Y59.889
G1 X75.876 Y60.603
G1 X76.844 Y61.277
G1 X77.781 Y61.915
G1 X78.687 Y62.518
G1 X79.564 Y63.090
G1 X80.413 Y63.633
G1 X81.236 Y64.148
G1 X82.032 Y64.639
G1 X82.803 Y65.107
G1 X83.550 Y65.555
G1 X84.273 Y65.984
G1 X84.972 Y66.396
G1 X85.648 Y66.793
G1 X86.301 Y67.177
G1 X86.932 Y67.550
G1 X87.540 Y67.912
G1 X88.125 Y68.266
G1 X88.688 Y68.613
G1 X89.228 Y68.954
G1 X89.746 Y69.291
G1 X90.240 Y69.624
G1 X90.710 Y69.955
G1 X91.157 Y70.285
G1 X91.580 Y70.615
G1 X91.978 Y70.945
G1 X92.351 Y71.278
G1 X92.698 Y71.613
G1 X93.019 Y71.951
G1 X93.313 Y72.293
G1 X93.579 Y72.640
G1 X93.816 Y72.993
G1 X94.025 Y73.351
G1 X94.203 Y73.716
G1 X94.350 Y74.088
G1 X94.466 Y74.467
G1 X94.548 Y74.855
G1 X94.597 Y75.250
G1 X94.611 Y75.654
G1 X94.588 Y76.067
G1 X94.529 Y76.488
G1 X94.431 Y76.919
G1 X94.294 Y77.359
G1 X94.117 Y77.808
G1 X93.898 Y78.267
G1 X93.637 Y78.734
G1 X93.331 Y79.211
G1 X92.982 Y79.696
G1 X92.586 Y80.190
G1 X92.144 Y80.691
G1 X91.654 Y81.201
G1 X91.116 Y81.717
G1 X90.530 Y82.240
G1 X89.894 Y82.768
G1 X89.209 Y83.301
G1 X88.474 Y83.838
G1 X87.689 Y84.378
G1 X86.856 Y84.919
G1 X85.974 Y85.461
G1 X85.044 Y86.002
G1 X84.069 Y86.541
G1 X83.048 Y87.076
G1 X81.985 Y87.604
G1 X80.881 Y88.126
G1 X79.740 Y88.637
G1 X78.564 Y89.138
G1 X77.358 Y89.625
G1 X76.125 Y90.096
G1 X74.869 Y90.549
G1 X73.596 Y90.982
G1 X72.311 Y91.393
G1 X71.019 Y91.778
G1 X69.727 Y92.137
G1 X68.440 Y92.466
G1 X67.166 Y92.764
G1 X65.911 Y93.027
G1 X64.682 Y93.255
G1 X63.486 Y93.445
G1 X62.329 Y93.596
G1 X61.218 Y93.705
G1 X60.160 Y93.772
G1 X59.160 Y93.796
G1 X58.225 Y93.775
G1 X57.360 Y93.709
G1 X56.569 Y93.597
G1 X55.856 Y93.441
G1 X55.226 Y93.238
G1 X54.680 Y92.992
G1 X54.221 Y92.701
G1 X53.850 Y92.368
G1 X53.567 Y91.994
G1 X53.372 Y91.580
G1 X53.265 Y91.129
G1 X53.244 Y90.643
G1 X53.306 Y90.124
G1 X53.449 Y89.575
G1 X53.669 Y88.998
G1 X53.964 Y88.397
G1 X54.328 Y87.773
G1 X54.759 Y87.131
G1 X55.251 Y86.473
G1 X55.800 Y85.803
G1 X56.401 Y85.122
G1 X57.050 Y84.435
G1 X57.742 Y83.743
G1 X58.473 Y83.050
G1 X59.238 Y82.358
G1 X60.034 Y81.669
G1 X60.856 Y80.987
G1 X61.702 Y80.312
G1 X62.566 Y79.648
G1 X63.447 Y78.995
G1 X64.341 Y78.356
G1 X65.245 Y77.732
G1 X66.157 Y77.125
G1 X67.075 Y76.535
G1 X67.996 Y75.963
G1 X68.919 Y75.411
G1 X69.842 Y74.879
G1 X70.763 Y74.368
G1 X71.682 Y73.878
G1 X72.596 Y73.410
G1 X73.505 Y72.964
G1 X74.409 Y72.540
G1 X75.305 Y72.137
G1 X76.194 Y71.757
G1 X77.074 Y71.399
G1 X77.946 Y71.063
G1 X78.808 Y70.749
G1 X79.660 Y70.457
G1 X80.501 Y70.185
G1 X81.333 Y69.935
G1 X82.153 Y69.705
G1 X82.961 Y69.495
G1 X83.758 Y69.306
G1 X84.543 Y69.135
G1 X85.316 Y68.985
G1 X86.076 Y68.853
G1 X86.823 Y68.739
G1 X87.558 Y68.644
G1 X88.278 Y68.566
G1 X88.986 Y68.506
G1 X89.679 Y68.463
G1 X90.358 Y68.436
G1 X91.023 Y68.426
G1 X91.673 Y68.433
G1 X92.307 Y68.455
G1 X92.926 Y68.493
G1 X93.529 Y68.546
G1 X94.116 Y68.615
G1 X94.686 Y68.699
G1 X95.239 Y68.798
G1 X95.774 Y68.912
;### Footer ###

M03
G04 P1
G0 X0 Y0

